origem,usuario,mensagem,data,sentimentalidade,categoria
BOT,lucas.dias,"Boa, o erro de sincronizacao sumiu.",2025-01-01 05:17:04,NEUTRA,BUGS
BOT,joao.correa,"Estou sem retorno ha dias, isso prejudica o trabalho. Preciso de retorno urgente.",2025-01-01 08:05:13,NEGATIVA,SUPORTE/ATENDIMENTO
CSAT,rafael.ribeiro,Tem trilha de treinamento para novos usuarios?,2025-01-01 13:32:22,NEUTRA,TREINAMENTO/ONBOARDING
NPS,thiago.lima,A API esta retornando 401 mesmo com token valido.,2025-01-01 16:45:27,NEGATIVA,API/AUTENTICACAO
CSAT,bruno.souza,"Estou sem retorno ha dias, isso prejudica o trabalho.",2025-01-01 23:54:35,NEGATIVA,SUPORTE/ATENDIMENTO
CSAT,fernanda.martins,"Nao carrega a tela inicial, fica em loading infinito.",2025-01-01 23:56:24,NEUTRA,FINANCEIRO
BuzzMonitor,lucas.gomes,"Atendimento excelente, resolveram em minutos.",2025-01-02 00:56:22,POSITIVA,SUPORTE/ATENDIMENTO
BuzzMonitor,lucas.lima,"O processo de pagamento ficou mais simples, ajudou muito.",2025-01-02 04:57:29,NEUTRA,FINANCEIRO
BOT,rafael.nascimento,A exportacao para contabilidade funcionou de primeira.,2025-01-02 06:03:12,POSITIVA,FEEDBACK GERAL
CSAT,leonardo.rocha,Onde eu encontro o historico de faturas?,2025-01-02 14:18:24,NEUTRA,FINANCEIRO
NPS,fernanda.araujo,Resposta rapida e com orientacao completa.,2025-01-02 14:27:16,NEUTRA,API/AUTENTICACAO
BOT,mariana.silva,Tem atalho para acessar relatorios mais rapido?,2025-01-03 00:02:33,POSITIVA,API/AUTENTICACAO
NPS,leonardo.silva,"Estou com problema na cobranca, veio valor duplicado na fatura.",2025-01-03 00:05:16,NEGATIVA,FINANCEIRO
NPS,ana.dias,O atendimento foi rude e nao ajudou.,2025-01-03 04:36:59,NEUTRA,SUPORTE/ATENDIMENTO
BuzzMonitor,lucas.carvalho,"Atendimento excelente, resolveram em minutos.",2025-01-03 09:08:51,POSITIVA,SUPORTE/ATENDIMENTO
BOT,juliana.silva,Vocês recomendam qual navegador?,2025-01-03 11:14:52,NEUTRA,FEEDBACK GERAL
NPS,thiago.carvalho,Vocês oferecem implantacao assistida?,2025-01-03 21:22:35,NEUTRA,FEEDBACK GERAL
BuzzMonitor,thiago.silva,Fiquei perdido na configuracao inicial. Preciso de retorno urgente.,2025-01-04 07:01:38,NEGATIVA,FINANCEIRO
NPS,camila.elias,Os dados do CRM estao vindo incompletos na integracao.,2025-01-04 07:34:44,NEUTRA,FEEDBACK GERAL
CSAT,laura.martins,O boleto nao foi gerado e estou com pagamento em atraso por causa disso. Preciso de retorno urgente.,2025-01-04 10:35:36,NEGATIVA,SUPORTE/ATENDIMENTO
BuzzMonitor,patricia.gomes,O menu mudou e agora ficou pior de usar.,2025-01-04 21:40:10,NEUTRA,FEEDBACK GERAL
CSAT,leonardo.correa,Existe um canal para enviar ideias? Preciso de retorno urgente. Ticket 97501.,2025-01-04 23:44:44,NEGATIVA,SUPORTE/ATENDIMENTO
BuzzMonitor,juliana.nascimento,Tem boas praticas para melhorar performance?,2025-01-05 00:11:29,POSITIVA,FEEDBACK GERAL
BOT,gustavo.souza,A experiencia de uso evoluiu muito. Preciso de retorno urgente.,2025-01-05 03:31:30,NEGATIVA,FEEDBACK GERAL
NPS,joao.teixeira,"A equipe acompanhou a implantacao, foi tranquilo.",2025-01-05 04:30:30,NEUTRA,FEEDBACK GERAL
BOT,diego.elias,"A fatura veio com reajuste sem aviso, podem verificar?",2025-01-05 06:18:47,NEUTRA,FINANCEIRO
BuzzMonitor,laura.dias,Vocês tem exemplo de payload para webhooks?,2025-01-05 09:17:53,NEUTRA,FEEDBACK GERAL
NPS,vitor.elias,Depois do patch nao ocorre mais duplicacao na importacao. Preciso de retorno urgente.,2025-01-05 12:00:50,NEGATIVA,FEEDBACK GERAL
NPS,vitor.martins,"Estou com problema na cobranca, veio valor duplicado na fatura.",2025-01-05 16:28:11,NEGATIVA,FINANCEIRO
BOT,gustavo.carvalho,Quando tento exportar CSV ele vem vazio. Ticket 43175.,2025-01-05 17:47:04,NEUTRA,SUPORTE/ATENDIMENTO
BuzzMonitor,laura.nascimento,A experiencia poderia ser melhor em dispositivos moveis.,2025-01-05 22:02:45,NEUTRA,FEEDBACK GERAL
BuzzMonitor,fernanda.ferreira,Hoje o sistema esta super rapido e sem quedas.,2025-01-05 22:41:49,POSITIVA,API/AUTENTICACAO
BuzzMonitor,carla.ferreira,A integracao com o ERP nao esta sincronizando.,2025-01-06 02:17:20,NEUTRA,FEEDBACK GERAL
CSAT,joao.nascimento,"Atendimento excelente, resolveram em minutos.",2025-01-06 04:00:28,POSITIVA,SUPORTE/ATENDIMENTO
BOT,juliana.carvalho,Posso enviar logs para ajudar a investigar?,2025-01-06 07:08:32,NEUTRA,FEEDBACK GERAL
BuzzMonitor,vitor.rocha,A plataforma caiu agora e nao consigo acessar.,2025-01-06 07:13:02,NEGATIVA,INSTABILIDADE NA PLATAFORMA
BOT,mariana.almeida,Quero participar do beta de novas funcoes.,2025-01-06 07:27:18,NEUTRA,FEEDBACK GERAL
BuzzMonitor,carla.silva,A exportacao para contabilidade funcionou de primeira.,2025-01-06 08:00:12,POSITIVA,FEEDBACK GERAL
NPS,laura.martins,Quando tento exportar CSV ele vem vazio.,2025-01-06 11:33:37,NEUTRA,FEEDBACK GERAL
BOT,vitor.mendes,A busca demora demais e trava o navegador.,2025-01-06 19:56:34,NEGATIVA,INSTABILIDADE NA PLATAFORMA
CSAT,rafael.silva,Tem alguma pagina de status para acompanhar? Ticket 51220.,2025-01-07 01:56:38,NEUTRA,SUPORTE/ATENDIMENTO
BuzzMonitor,leonardo.dias,"Parabens, a nota fiscal saiu certinha e bem rapido.",2025-01-07 11:00:20,POSITIVA,API/AUTENTICACAO
NPS,mario.almeida,As telas estao com lentidao em horario comercial.,2025-01-08 16:22:42,NEUTRA,FEEDBACK GERAL
BuzzMonitor,diego.martins,Existe modo escuro?,2025-01-08 16:52:43,NEUTRA,FEEDBACK GERAL
CSAT,juliana.ribeiro,Nao consigo atualizar meus dados de pagamento no sistema. Ticket 41939.,2025-01-09 01:37:38,NEUTRA,SUPORTE/ATENDIMENTO
BOT,carla.nascimento,"A equipe acompanhou a implantacao, foi tranquilo. Preciso de retorno urgente.",2025-01-09 04:49:52,NEGATIVA,FEEDBACK GERAL
CSAT,diego.almeida,Depois do patch nao ocorre mais duplicacao na importacao.,2025-01-09 10:43:27,NEUTRA,FEEDBACK GERAL
BuzzMonitor,rafael.correa,A exportacao para contabilidade funcionou de primeira.,2025-01-09 23:28:14,POSITIVA,FEEDBACK GERAL
BuzzMonitor,bruno.teixeira,O suporte demorou muito para responder meu chamado. Preciso de retorno urgente.,2025-01-10 08:59:58,NEGATIVA,SUPORTE/ATENDIMENTO
NPS,vitor.barbosa,A API esta bem mais rapida nessa versao.,2025-01-10 12:10:06,NEUTRA,API/AUTENTICACAO
NPS,mario.rocha,Tem trilha de treinamento para novos usuarios?,2025-01-10 13:48:50,NEUTRA,TREINAMENTO/ONBOARDING
BOT,gustavo.barbosa,"Gostei do conector com o ERP, poupou tempo.",2025-01-10 14:23:25,NEUTRA,FEEDBACK GERAL
BuzzMonitor,juliana.silva,"Obrigado por corrigirem o bug da exportacao, agora funciona.",2025-01-11 05:34:14,NEUTRA,BUGS
BuzzMonitor,gustavo.rocha,Qual o passo a passo recomendado para comecar? Preciso de retorno urgente.,2025-01-11 12:36:33,NEGATIVA,FEEDBACK GERAL
BuzzMonitor,juliana.ribeiro,"A performance melhorou muito, ta voando.",2025-01-11 23:21:56,NEUTRA,FEEDBACK GERAL
CSAT,carla.almeida,Nao consegui importar meus dados iniciais.,2025-01-12 08:42:53,NEUTRA,FEEDBACK GERAL
BuzzMonitor,gustavo.almeida,Tem alguma pagina de status para acompanhar?,2025-01-12 13:02:35,NEUTRA,FEEDBACK GERAL
BuzzMonitor,vitor.gomes,O webhooks estao falhando e não recebo eventos. Ticket 56908.,2025-01-12 15:47:03,NEGATIVA,BUGS
BuzzMonitor,mariana.pereira,A experiencia poderia ser melhor em dispositivos moveis.,2025-01-12 19:35:43,NEUTRA,FEEDBACK GERAL
BOT,mariana.pereira,Como configuro 2FA para todos os usuarios?,2025-01-13 00:27:06,NEUTRA,FINANCEIRO
CSAT,rafael.silva,Ficou travando e desconectando toda hora.,2025-01-13 02:15:05,NEGATIVA,INSTABILIDADE NA PLATAFORMA
BuzzMonitor,rafael.martins,"Estou sem retorno ha dias, isso prejudica o trabalho.",2025-01-13 16:32:58,NEGATIVA,SUPORTE/ATENDIMENTO
NPS,joao.ferreira,"Relatorios agora carregam rapido, excelente.",2025-01-13 20:34:17,POSITIVA,API/AUTENTICACAO
CSAT,thiago.elias,A integracao com o ERP nao esta sincronizando. Preciso de retorno urgente.,2025-01-14 01:21:58,NEGATIVA,FEEDBACK GERAL
NPS,bruno.elias,"O time de CS acompanhou ate a solucao, show. Preciso de retorno urgente.",2025-01-14 05:40:53,NEUTRA,FEEDBACK GERAL
CSAT,rafael.nascimento,A nova interface ficou bem mais intuitiva.,2025-01-14 06:58:45,NEUTRA,FEEDBACK GERAL
BuzzMonitor,vitor.gomes,Qual foi a causa da indisponibilidade de ontem?,2025-01-14 20:42:11,NEUTRA,FEEDBACK GERAL
BuzzMonitor,lucas.silva,"Comecei a usar rapido, processo muito bom.",2025-01-15 00:06:50,POSITIVA,API/AUTENTICACAO
BuzzMonitor,juliana.teixeira,Seria bom ter mais opcoes de personalizacao.,2025-01-15 02:42:42,POSITIVA,FEATURE REQUEST
BuzzMonitor,mariana.lima,"A importacao esta levando horas, ficou impraticavel.",2025-01-15 12:19:42,NEUTRA,FEEDBACK GERAL
BuzzMonitor,carla.lima,A integracao com o gateway de pagamento caiu.,2025-01-15 12:45:48,NEGATIVA,INSTABILIDADE NA PLATAFORMA
NPS,diego.rocha,Qual o tempo medio de resposta esperado?,2025-01-15 13:54:26,NEUTRA,FEEDBACK GERAL
NPS,mario.souza,O tempo de resposta da API aumentou bastante.,2025-01-15 16:05:07,NEUTRA,API/AUTENTICACAO
CSAT,leonardo.dias,"A tela de cadastro ficou redonda, sem bugs. Preciso de retorno urgente.",2025-01-16 03:50:49,NEGATIVA,BUGS
BOT,juliana.barbosa,O atendente não entendeu o problema e encerrou o ticket.,2025-01-16 07:38:58,NEGATIVA,BUGS
BuzzMonitor,ana.gomes,Parece que um usuario acessou dados que nao deveria.,2025-01-16 11:56:19,NEUTRA,FEEDBACK GERAL
CSAT,isabela.rocha,Nao consegui importar meus dados iniciais.,2025-01-16 16:00:47,NEUTRA,FEEDBACK GERAL
NPS,ana.teixeira,Tenho uma sugestao de melhoria para o produto.,2025-01-17 09:06:27,NEUTRA,FEATURE REQUEST
BOT,gustavo.correa,O filtro nao funciona e retorna resultados errados.,2025-01-17 09:38:21,NEGATIVA,FEEDBACK GERAL
CSAT,patricia.souza,Os dados do CRM estao vindo incompletos na integracao.,2025-01-17 13:45:54,NEUTRA,FEEDBACK GERAL
CSAT,diego.oliveira,Existe cache para relatorios?,2025-01-17 14:30:44,NEUTRA,FEEDBACK GERAL
CSAT,isabela.elias,Depois da ultima manutencao ficou bem mais estavel.,2025-01-18 00:57:39,NEUTRA,FEEDBACK GERAL
NPS,juliana.dias,"A performance melhorou muito, ta voando.",2025-01-18 01:10:48,NEUTRA,FEEDBACK GERAL
CSAT,ana.souza,O cancelamento foi cobrado mesmo depois de eu solicitar. Preciso de retorno urgente.,2025-01-18 06:50:55,NEGATIVA,FEEDBACK GERAL
BOT,juliana.ferreira,"Boa, o erro de sincronizacao sumiu.",2025-01-18 09:09:48,NEUTRA,BUGS
BuzzMonitor,beatriz.oliveira,O menu mudou e agora ficou pior de usar.,2025-01-18 19:43:02,NEUTRA,FEEDBACK GERAL
BuzzMonitor,laura.elias,O sistema duplica registros ao importar.,2025-01-18 20:29:35,NEUTRA,FEEDBACK GERAL
BOT,joao.dias,Depois da ultima manutencao ficou bem mais estavel.,2025-01-18 20:40:00,NEUTRA,FEEDBACK GERAL
CSAT,thiago.almeida,A conciliacao bancaria ficou bem melhor nessa versao.,2025-01-19 02:00:35,NEUTRA,FEEDBACK GERAL
BOT,carla.teixeira,Nao consigo atualizar meus dados de pagamento no sistema.,2025-01-19 03:03:18,NEUTRA,FINANCEIRO
NPS,isabela.nascimento,Parabens pelas melhorias de seguranca. Preciso de retorno urgente.,2025-01-19 13:03:25,NEGATIVA,FEATURE REQUEST
CSAT,isabela.silva,"Muito bom ter 2FA, aumentou a seguranca.",2025-01-19 20:11:12,POSITIVA,FEEDBACK GERAL
CSAT,juliana.dias,O botao de salvar nao responde na tela de cadastro.,2025-01-20 00:41:37,NEUTRA,FEEDBACK GERAL
CSAT,leonardo.teixeira,"A API esta bem documentada, consegui integrar rapido.",2025-01-20 03:28:00,POSITIVA,API/AUTENTICACAO
CSAT,diego.correa,O onboarding foi excelente e bem guiado.,2025-01-20 07:49:12,POSITIVA,TREINAMENTO/ONBOARDING
BOT,mario.mendes,O onboarding foi confuso e faltou treinamento. Ticket 92924.,2025-01-20 09:38:32,POSITIVA,SUPORTE/ATENDIMENTO
CSAT,leonardo.ribeiro,"Obrigado por corrigirem o bug da exportacao, agora funciona.",2025-01-20 18:29:00,NEUTRA,BUGS
BuzzMonitor,gustavo.pereira,A experiencia de uso evoluiu muito.,2025-01-20 18:34:29,NEUTRA,FEEDBACK GERAL
NPS,vitor.barbosa,Vocês recomendam qual navegador?,2025-01-20 22:34:54,NEUTRA,FEEDBACK GERAL
CSAT,carla.elias,A documentacao esta desatualizada.,2025-01-20 22:51:56,NEUTRA,TREINAMENTO/ONBOARDING
NPS,rafael.souza,A tela nao e intuitiva e acaba atrapalhando. Preciso de retorno urgente.,2025-01-21 02:41:32,NEGATIVA,FEEDBACK GERAL
NPS,laura.rocha,A correcao do filtro resolveu meu problema.,2025-01-21 06:26:18,NEGATIVA,FEEDBACK GERAL
NPS,leonardo.dias,Depois da ultima manutencao ficou bem mais estavel.,2025-01-21 15:16:47,NEUTRA,FEEDBACK GERAL
CSAT,bruno.dias,"Produto excelente, atende bem nossas necessidades.",2025-01-21 17:43:38,POSITIVA,FEEDBACK GERAL
BuzzMonitor,thiago.araujo,Onde encontro a opcao para personalizar colunas?,2025-01-21 18:59:30,NEUTRA,FEEDBACK GERAL
BOT,rafael.mendes,A plataforma caiu agora e não consigo acessar.,2025-01-21 19:40:22,NEGATIVA,INSTABILIDADE NA PLATAFORMA
CSAT,gustavo.silva,"Obrigado por corrigirem o bug da exportacao, agora funciona.",2025-01-21 21:27:04,NEUTRA,BUGS
NPS,isabela.pereira,Estou recebendo erro 500 ao tentar salvar.,2025-01-22 00:27:56,NEGATIVA,INSTABILIDADE NA PLATAFORMA
BuzzMonitor,camila.almeida,O cancelamento foi cobrado mesmo depois de eu solicitar.,2025-01-22 00:30:32,NEUTRA,FEEDBACK GERAL
BOT,beatriz.dias,A documentacao e bem completa.,2025-01-22 11:30:09,NEUTRA,TREINAMENTO/ONBOARDING
BuzzMonitor,joao.araujo,A integracao com o CRM funcionou sem dor de cabeca.,2025-01-22 18:24:05,POSITIVA,FEEDBACK GERAL
CSAT,juliana.carvalho,Depois da ultima manutencao ficou bem mais estavel. Preciso de retorno urgente.,2025-01-22 19:01:44,NEGATIVA,FEEDBACK GERAL
BuzzMonitor,mario.ferreira,O botao de salvar não responde na tela de cadastro.,2025-01-23 01:52:51,NEUTRA,FEEDBACK GERAL
NPS,rafael.correa,A experiencia poderia ser melhor em dispositivos moveis.,2025-01-23 02:15:13,NEUTRA,FEEDBACK GERAL
CSAT,diego.barbosa,"Nao carrega a tela inicial, fica em loading infinito. Ticket 83023.",2025-01-23 23:16:57,NEUTRA,SUPORTE/ATENDIMENTO
CSAT,rafael.elias,A experiencia poderia ser melhor em dispositivos moveis.,2025-01-24 01:34:23,NEUTRA,FEEDBACK GERAL
BuzzMonitor,isabela.almeida,Qual o passo a passo recomendado para comecar?,2025-01-24 05:14:54,NEUTRA,FEEDBACK GERAL
CSAT,ana.lima,Preciso de auditoria e não encontro logs completos.,2025-01-24 14:49:01,NEUTRA,FEEDBACK GERAL
CSAT,carla.souza,As mensagens de erro nao explicam o que fazer.,2025-01-24 16:24:34,NEGATIVA,BUGS
BuzzMonitor,mariana.nascimento,"Boa, o erro de sincronizacao sumiu.",2025-01-24 19:02:37,NEUTRA,BUGS
CSAT,leonardo.souza,"Obrigada por resolverem a instabilidade, melhorou muito.",2025-01-24 20:55:34,POSITIVA,FEEDBACK GERAL
BOT,ana.barbosa,Nao consegui importar meus dados iniciais.,2025-01-25 00:42:16,NEUTRA,FEEDBACK GERAL
BuzzMonitor,joao.silva,"Faltam campos no cadastro, isso atrapalha. Ticket 26716.",2025-01-25 01:54:09,NEUTRA,SUPORTE/ATENDIMENTO
BuzzMonitor,ana.gomes,Como abro um chamado para suporte tecnico?,2025-01-25 02:11:16,NEUTRA,SUPORTE/ATENDIMENTO
BuzzMonitor,patricia.barbosa,Qual o status do incidente da manha?,2025-01-25 03:41:13,NEUTRA,FEEDBACK GERAL
CSAT,gustavo.martins,A API esta retornando 401 mesmo com token valido.,2025-01-25 05:29:33,NEGATIVA,API/AUTENTICACAO
BuzzMonitor,gustavo.silva,O atendente nao entendeu o problema e encerrou o ticket. Preciso de retorno urgente.,2025-01-25 09:19:26,NEGATIVA,BUGS
NPS,mariana.teixeira,"A performance melhorou muito, ta voando.",2025-01-25 12:18:00,NEUTRA,FEEDBACK GERAL
BOT,vitor.dias,"A navegacao esta confusa, nao acho as configuracoes. Ticket 91048.",2025-01-25 13:25:01,NEUTRA,SUPORTE/ATENDIMENTO
NPS,mario.lima,O suporte demorou muito para responder meu chamado. Preciso de retorno urgente.,2025-01-25 16:24:13,NEGATIVA,SUPORTE/ATENDIMENTO
CSAT,fernanda.araujo,Tem boas praticas para melhorar performance?,2025-01-26 03:32:16,POSITIVA,FEEDBACK GERAL
BOT,beatriz.martins,O sistema duplica registros ao importar.,2025-01-26 08:35:37,NEUTRA,FEEDBACK GERAL
NPS,ana.ribeiro,Preciso de um relatorio de cobranca do mes.,2025-01-26 10:30:23,NEUTRA,FINANCEIRO
BOT,joao.ferreira,"Gostei do layout, ficou facil achar as funcoes.",2025-01-26 15:22:47,NEUTRA,FEEDBACK GERAL
NPS,joao.rocha,"O processo de pagamento ficou mais simples, ajudou muito.",2025-01-26 16:14:37,NEUTRA,FINANCEIRO
CSAT,bruno.carvalho,O suporte demorou muito para responder meu chamado.,2025-01-27 01:48:33,NEUTRA,SUPORTE/ATENDIMENTO
NPS,carla.silva,"A sincronizacao ficou consistente, obrigado. Ticket 37011.",2025-01-27 03:11:48,POSITIVA,SUPORTE/ATENDIMENTO
BuzzMonitor,diego.rocha,"Gostei do conector com o ERP, poupou tempo.",2025-01-27 03:24:30,NEUTRA,FEEDBACK GERAL
CSAT,fernanda.correa,Acho que a comunicacao de mudancas poderia melhorar.,2025-01-27 03:51:59,NEUTRA,FEEDBACK GERAL
BOT,diego.barbosa,Depois do patch nao ocorre mais duplicacao na importacao.,2025-01-27 11:45:51,NEUTRA,FEEDBACK GERAL
BOT,mario.martins,Estou recebendo erro 500 ao tentar salvar.,2025-01-27 12:00:59,NEGATIVA,INSTABILIDADE NA PLATAFORMA
BuzzMonitor,carla.souza,"Gostei do controle de permissoes, bem completo.",2025-01-27 17:10:53,NEUTRA,FEEDBACK GERAL
BOT,vitor.pereira,"A navegacao esta confusa, nao acho as configuracoes.",2025-01-27 22:50:26,NEUTRA,FINANCEIRO
BuzzMonitor,gustavo.ribeiro,Parabens pelas melhorias de seguranca.,2025-01-28 00:48:15,NEUTRA,FEATURE REQUEST
BOT,juliana.nascimento,"A sincronizacao ficou consistente, obrigado. Ticket 74440.",2025-01-28 04:18:24,POSITIVA,SUPORTE/ATENDIMENTO
CSAT,joao.souza,Tenho uma sugestao de melhoria para o produto.,2025-01-28 08:00:54,NEUTRA,FEATURE REQUEST
BuzzMonitor,juliana.pereira,"Boa, o erro de sincronizacao sumiu.",2025-01-28 09:24:09,NEUTRA,BUGS
CSAT,leonardo.araujo,"Muito bom ter 2FA, aumentou a seguranca.",2025-01-28 17:01:04,POSITIVA,FEEDBACK GERAL
CSAT,gustavo.pereira,O onboarding foi confuso e faltou treinamento.,2025-01-29 02:41:10,POSITIVA,FINANCEIRO
CSAT,camila.gomes,O onboarding foi confuso e faltou treinamento.,2025-01-29 07:39:32,POSITIVA,FINANCEIRO
CSAT,mariana.almeida,"Obrigado por corrigirem o bug da exportacao, agora funciona.",2025-01-29 08:32:47,NEUTRA,BUGS
NPS,gustavo.carvalho,"Faltam campos no cadastro, isso atrapalha.",2025-01-29 08:41:04,NEUTRA,FEEDBACK GERAL
CSAT,ana.pereira,Tem trilha de treinamento para novos usuarios? Ticket 81510.,2025-01-29 17:01:18,NEUTRA,SUPORTE/ATENDIMENTO
BOT,ana.elias,A integracao gera erro ao sincronizar e para no meio.,2025-01-30 01:47:40,NEGATIVA,BUGS
BOT,isabela.elias,A experiencia poderia ser melhor em dispositivos moveis. Ticket 49883.,2025-01-30 03:26:37,NEUTRA,SUPORTE/ATENDIMENTO
CSAT,juliana.carvalho,A integracao gera erro ao sincronizar e para no meio.,2025-01-30 15:53:36,NEGATIVA,BUGS
CSAT,joao.gomes,Existe cache para relatorios?,2025-01-30 17:20:42,NEUTRA,FEEDBACK GERAL
BuzzMonitor,mariana.rocha,Estou recebendo erro 500 ao tentar salvar.,2025-01-30 20:57:32,NEGATIVA,INSTABILIDADE NA PLATAFORMA
CSAT,joao.gomes,"A performance melhorou muito, ta voando. Preciso de retorno urgente.",2025-01-30 21:12:03,NEGATIVA,FEEDBACK GERAL
BuzzMonitor,mario.nascimento,Hoje o sistema esta super rapido e sem quedas.,2025-01-31 03:08:50,POSITIVA,API/AUTENTICACAO
CSAT,patricia.silva,"A equipe acompanhou a implantacao, foi tranquilo.",2025-01-31 06:24:37,NEUTRA,FEEDBACK GERAL
BOT,vitor.carvalho,Nao consigo atualizar meus dados de pagamento no sistema. Ticket 72496.,2025-01-31 06:26:29,NEUTRA,SUPORTE/ATENDIMENTO
NPS,isabela.rocha,Ficou travando e desconectando toda hora.,2025-01-31 08:21:11,NEGATIVA,INSTABILIDADE NA PLATAFORMA
CSAT,mariana.gomes,A autenticacao em dois fatores nao funciona. Ticket 84883.,2025-01-31 12:41:04,NEGATIVA,API/AUTENTICACAO
BuzzMonitor,leonardo.souza,O atendimento foi rude e nao ajudou.,2025-01-31 20:30:08,NEUTRA,SUPORTE/ATENDIMENTO
CSAT,juliana.carvalho,"O sistema esta fora do ar desde cedo, precisamos de retorno.",2025-01-31 20:45:34,NEGATIVA,INSTABILIDADE NA PLATAFORMA
BuzzMonitor,patricia.correa,"Parabens, a nota fiscal saiu certinha e bem rapido. Preciso de retorno urgente.",2025-01-31 23:42:54,NEUTRA,API/AUTENTICACAO
NPS,carla.barbosa,"Estou sem retorno ha dias, isso prejudica o trabalho.",2025-02-01 05:46:20,NEGATIVA,SUPORTE/ATENDIMENTO
BuzzMonitor,diego.dias,A documentacao e bem completa. Preciso de retorno urgente.,2025-02-01 09:13:02,NEGATIVA,TREINAMENTO/ONBOARDING
CSAT,bruno.lima,Os tutoriais nao cobrem o que eu preciso. Ticket 13718.,2025-02-01 13:03:06,NEUTRA,SUPORTE/ATENDIMENTO
BOT,juliana.ferreira,O tempo de resposta da API aumentou bastante.,2025-02-01 15:01:21,NEUTRA,API/AUTENTICACAO
NPS,joao.lima,"Estou sem retorno ha dias, isso prejudica o trabalho.",2025-02-01 16:16:21,NEGATIVA,SUPORTE/ATENDIMENTO
BuzzMonitor,patricia.elias,A integracao com o ERP nao esta sincronizando.,2025-02-01 16:37:04,NEUTRA,FEEDBACK GERAL
BOT,diego.ferreira,Os webhooks estao super estaveis agora.,2025-02-01 19:25:17,NEUTRA,FEEDBACK GERAL
CSAT,laura.mendes,"Parabens, a nota fiscal saiu certinha e bem rapido. Preciso de retorno urgente.",2025-02-01 19:41:59,NEUTRA,API/AUTENTICACAO
BuzzMonitor,fernanda.ferreira,"A tela de cadastro ficou redonda, sem bugs.",2025-02-01 21:10:46,NEGATIVA,BUGS
CSAT,rafael.martins,Os logs de auditoria ajudaram bastante.,2025-02-02 06:29:10,NEUTRA,FEEDBACK GERAL
NPS,leonardo.teixeira,"A importacao esta levando horas, ficou impraticavel. Preciso de retorno urgente.",2025-02-02 08:06:53,NEGATIVA,FEEDBACK GERAL
CSAT,patricia.mendes,Tem trilha de treinamento para novos usuarios?,2025-02-02 11:31:49,NEUTRA,TREINAMENTO/ONBOARDING
CSAT,juliana.oliveira,Preciso de auditoria e nao encontro logs completos.,2025-02-03 06:43:37,NEUTRA,FEEDBACK GERAL
BuzzMonitor,gustavo.silva,A conciliacao bancaria ficou bem melhor nessa versao.,2025-02-03 07:50:54,NEUTRA,FEEDBACK GERAL
BOT,leonardo.rocha,"A navegacao esta confusa, nao acho as configuracoes.",2025-02-03 08:13:29,NEUTRA,FINANCEIRO
BuzzMonitor,beatriz.ribeiro,A conciliacao bancaria ficou bem melhor nessa versao.,2025-02-03 09:44:55,NEUTRA,FEEDBACK GERAL
NPS,beatriz.martins,Onde vejo o log de auditoria? Preciso de retorno urgente.,2025-02-03 10:27:56,NEGATIVA,FEEDBACK GERAL
NPS,laura.oliveira,Qual a janela de maior uso?,2025-02-03 17:18:05,NEUTRA,FEEDBACK GERAL
CSAT,laura.lima,"Obrigado por corrigirem o bug da exportacao, agora funciona.",2025-02-04 14:31:32,NEUTRA,BUGS
CSAT,lucas.elias,Nao consigo atualizar meus dados de pagamento no sistema.,2025-02-05 08:24:43,NEUTRA,FINANCEIRO
BuzzMonitor,juliana.ribeiro,"Relatorios agora carregam rapido, excelente. Preciso de retorno urgente.",2025-02-05 11:31:45,POSITIVA,API/AUTENTICACAO
BuzzMonitor,rafael.correa,Parece que um usuario acessou dados que nao deveria.,2025-02-05 16:54:37,NEUTRA,FEEDBACK GERAL
CSAT,gustavo.dias,"Gostei do controle de permissoes, bem completo.",2025-02-05 21:36:53,NEUTRA,FEEDBACK GERAL
BuzzMonitor,mariana.teixeira,Qual o prazo para emitir nota fiscal?,2025-02-06 03:19:12,NEUTRA,FINANCEIRO
CSAT,carla.correa,Os webhooks estao super estaveis agora.,2025-02-06 05:11:39,NEUTRA,FEEDBACK GERAL
NPS,isabela.carvalho,Qual politica de retencao de logs?,2025-02-06 06:12:45,NEUTRA,FEEDBACK GERAL
CSAT,thiago.dias,Tem alguma pagina de status para acompanhar?,2025-02-06 07:19:27,NEUTRA,FEEDBACK GERAL
CSAT,leonardo.correa,Qual versao contem a correcao do problema?,2025-02-06 14:59:18,NEGATIVA,FEEDBACK GERAL
BuzzMonitor,ana.carvalho,A integracao com o ERP nao esta sincronizando. Ticket 19010.,2025-02-06 15:04:45,NEUTRA,SUPORTE/ATENDIMENTO
BuzzMonitor,fernanda.souza,"A tela de cadastro ficou redonda, sem bugs.",2025-02-06 22:55:47,NEGATIVA,BUGS
BuzzMonitor,fernanda.nascimento,A integracao com o gateway de pagamento caiu.,2025-02-07 02:26:34,NEGATIVA,INSTABILIDADE NA PLATAFORMA
NPS,vitor.gomes,A API esta bem mais rapida nessa versao.,2025-02-07 05:09:08,NEUTRA,API/AUTENTICACAO
BuzzMonitor,mariana.teixeira,Onde eu reporto um bug com print da tela?,2025-02-07 09:10:25,NEGATIVA,BUGS
BuzzMonitor,camila.souza,O boleto nao foi gerado e estou com pagamento em atraso por causa disso.,2025-02-07 13:33:09,NEUTRA,SUPORTE/ATENDIMENTO
BOT,thiago.correa,A busca demora demais e trava o navegador.,2025-02-07 15:27:38,NEGATIVA,INSTABILIDADE NA PLATAFORMA
BuzzMonitor,mario.martins,"Evoluiram muito no ultimo trimestre, parabens.",2025-02-07 18:16:27,NEUTRA,FEEDBACK GERAL
NPS,ana.souza,"Evoluiram muito no ultimo trimestre, parabens.",2025-02-07 19:49:30,NEUTRA,FEEDBACK GERAL
CSAT,beatriz.martins,A integracao com o CRM funcionou sem dor de cabeca.,2025-02-07 21:44:17,POSITIVA,FEEDBACK GERAL
BuzzMonitor,lucas.gomes,O suporte foi muito prestativo e claro.,2025-02-08 07:49:03,NEUTRA,SUPORTE/ATENDIMENTO
BOT,lucas.rocha,Os dados do CRM estao vindo incompletos na integracao.,2025-02-09 00:24:09,NEUTRA,FEEDBACK GERAL
CSAT,lucas.mendes,O atendimento foi rude e nao ajudou.,2025-02-09 00:58:16,NEUTRA,SUPORTE/ATENDIMENTO
NPS,carla.araujo,A nova interface ficou bem mais intuitiva.,2025-02-09 05:41:17,NEUTRA,FEEDBACK GERAL
CSAT,diego.teixeira,Preciso de um relatorio de cobranca do mes.,2025-02-09 07:09:40,NEUTRA,FINANCEIRO
BuzzMonitor,laura.elias,A API esta bem mais rapida nessa versao.,2025-02-09 07:58:43,NEUTRA,API/AUTENTICACAO
BOT,mariana.souza,A tela nao e intuitiva e acaba atrapalhando.,2025-02-09 08:12:35,NEUTRA,FEEDBACK GERAL
CSAT,mario.lima,A API esta retornando 401 mesmo com token valido.,2025-02-09 16:40:07,NEGATIVA,API/AUTENTICACAO
NPS,joao.correa,Quando tento exportar CSV ele vem vazio.,2025-02-09 17:42:40,NEUTRA,FEEDBACK GERAL
BuzzMonitor,carla.dias,"Boa, o erro de sincronizacao sumiu. Preciso de retorno urgente.",2025-02-09 18:41:25,NEGATIVA,BUGS
CSAT,vitor.mendes,O webhooks estao falhando e nao recebo eventos. Preciso de retorno urgente. Ticket 30892.,2025-02-10 06:40:34,NEGATIVA,BUGS
NPS,laura.nascimento,Qual foi a causa da indisponibilidade de ontem?,2025-02-10 09:55:15,NEUTRA,FEEDBACK GERAL
BuzzMonitor,vitor.souza,Sinto falta de um relatorio mais completo.,2025-02-11 06:02:46,NEUTRA,FEEDBACK GERAL
NPS,beatriz.almeida,"A importacao esta levando horas, ficou impraticavel.",2025-02-11 07:04:43,NEUTRA,FEEDBACK GERAL
BOT,vitor.araujo,O webhooks estao falhando e nao recebo eventos.,2025-02-11 07:58:05,NEGATIVA,BUGS
NPS,thiago.elias,Ficou travando e desconectando toda hora. Preciso de retorno urgente.,2025-02-11 12:17:44,NEGATIVA,INSTABILIDADE NA PLATAFORMA
BuzzMonitor,vitor.mendes,Depois do patch não ocorre mais duplicacao na importacao.,2025-02-11 16:06:53,NEUTRA,FEEDBACK GERAL
CSAT,lucas.araujo,"A busca ficou instantanea, parabens.",2025-02-11 16:20:12,NEUTRA,FEEDBACK GERAL
NPS,joao.barbosa,A experiencia de uso evoluiu muito.,2025-02-11 19:28:23,NEUTRA,FEEDBACK GERAL
NPS,rafael.martins,A experiencia poderia ser melhor em dispositivos moveis.,2025-02-12 09:28:38,NEUTRA,FEEDBACK GERAL
BOT,beatriz.lima,O tempo de resposta da API aumentou bastante. Preciso de retorno urgente.,2025-02-12 11:30:50,NEGATIVA,API/AUTENTICACAO
NPS,mario.nascimento,O menu mudou e agora ficou pior de usar.,2025-02-12 11:33:05,NEUTRA,FEEDBACK GERAL
NPS,laura.almeida,Como gero um token de API?,2025-02-12 19:03:02,NEUTRA,API/AUTENTICACAO
BuzzMonitor,gustavo.rocha,"Adorei as novas funcionalidades, muito util.",2025-02-13 00:59:37,NEUTRA,FEEDBACK GERAL
BuzzMonitor,patricia.martins,"O processo de pagamento ficou mais simples, ajudou muito. Preciso de retorno urgente. Ticket 27891.",2025-02-13 03:36:48,NEGATIVA,SUPORTE/ATENDIMENTO
CSAT,patricia.dias,Quero participar do beta de novas funcoes. Preciso de retorno urgente.,2025-02-13 03:52:17,NEGATIVA,FEEDBACK GERAL
NPS,juliana.nascimento,"Relatorios agora carregam rapido, excelente.",2025-02-13 04:03:39,POSITIVA,API/AUTENTICACAO
CSAT,lucas.nascimento,As telas estao com lentidao em horario comercial.,2025-02-13 07:28:41,NEUTRA,FEEDBACK GERAL
CSAT,gustavo.araujo,"As dicas na tela ajudam bastante, parabens.",2025-02-13 08:51:35,NEUTRA,FEEDBACK GERAL
CSAT,thiago.almeida,"Obrigado por corrigirem o bug da exportacao, agora funciona.",2025-02-13 22:46:23,NEUTRA,BUGS
NPS,joao.correa,Onde eu reporto um bug com print da tela?,2025-02-14 01:25:03,NEGATIVA,BUGS
CSAT,camila.martins,Fui transferido varias vezes e nao resolveram.,2025-02-14 02:26:33,NEUTRA,FEEDBACK GERAL
BuzzMonitor,rafael.teixeira,O menu mudou e agora ficou pior de usar.,2025-02-14 10:50:53,NEUTRA,FEEDBACK GERAL
NPS,camila.araujo,O filtro nao funciona e retorna resultados errados.,2025-02-14 12:21:34,NEGATIVA,FEEDBACK GERAL
NPS,camila.lima,A integracao com o ERP nao esta sincronizando.,2025-02-14 12:33:55,NEUTRA,FEEDBACK GERAL
BuzzMonitor,mariana.almeida,A API esta bem mais rapida nessa versao.,2025-02-14 16:40:20,NEUTRA,API/AUTENTICACAO
BuzzMonitor,mariana.carvalho,Os dados do CRM estao vindo incompletos na integracao. Preciso de retorno urgente.,2025-02-15 00:28:03,NEGATIVA,FEEDBACK GERAL
BuzzMonitor,isabela.gomes,"O sistema esta fora do ar desde cedo, precisamos de retorno.",2025-02-15 05:28:29,NEGATIVA,INSTABILIDADE NA PLATAFORMA
NPS,diego.barbosa,Quando tento exportar CSV ele vem vazio.,2025-02-15 09:02:48,NEUTRA,FEEDBACK GERAL
CSAT,bruno.araujo,Existe cache para relatorios?,2025-02-15 13:16:57,NEUTRA,FEEDBACK GERAL
BOT,isabela.dias,Estou recebendo erro 500 ao tentar salvar.,2025-02-15 14:51:49,NEGATIVA,INSTABILIDADE NA PLATAFORMA
CSAT,rafael.lima,Muitos cliques para fazer uma tarefa simples.,2025-02-15 20:22:06,NEUTRA,FEEDBACK GERAL
CSAT,beatriz.carvalho,"Nao carrega a tela inicial, fica em loading infinito.",2025-02-15 23:56:42,NEUTRA,FINANCEIRO
NPS,vitor.carvalho,Parece que um usuario acessou dados que nao deveria.,2025-02-16 08:53:42,NEUTRA,FEEDBACK GERAL
CSAT,lucas.almeida,Nao consigo atualizar meus dados de pagamento no sistema.,2025-02-16 11:12:54,NEUTRA,FINANCEIRO
CSAT,vitor.souza,O tempo de resposta da API aumentou bastante.,2025-02-16 14:29:04,NEUTRA,API/AUTENTICACAO
BuzzMonitor,rafael.rocha,A integracao suporta ambientes de teste?,2025-02-16 16:42:58,NEUTRA,FEEDBACK GERAL
CSAT,joao.lima,O reset de senha falha e nao chega email.,2025-02-16 17:49:15,NEGATIVA,BUGS
CSAT,mario.ribeiro,"Obrigada por resolverem a instabilidade, melhorou muito.",2025-02-17 03:53:38,POSITIVA,FEEDBACK GERAL
BuzzMonitor,beatriz.carvalho,Qual politica de retencao de logs?,2025-02-17 03:54:39,NEUTRA,FEEDBACK GERAL
CSAT,gustavo.teixeira,Tem SSO com Azure AD? Preciso de retorno urgente.,2025-02-17 04:01:35,NEGATIVA,FEEDBACK GERAL
CSAT,carla.dias,Ficou travando e desconectando toda hora. Preciso de retorno urgente.,2025-02-17 04:15:14,NEGATIVA,INSTABILIDADE NA PLATAFORMA
BuzzMonitor,mario.carvalho,O botao de salvar nao responde na tela de cadastro.,2025-02-17 07:41:59,NEUTRA,FEEDBACK GERAL
CSAT,patricia.ribeiro,Estou recebendo erro 500 ao tentar salvar.,2025-02-17 11:57:08,NEGATIVA,INSTABILIDADE NA PLATAFORMA
CSAT,fernanda.souza,"Gostei do layout, ficou facil achar as funcoes.",2025-02-17 16:13:34,NEUTRA,FEEDBACK GERAL
NPS,mariana.nascimento,Ficou travando e desconectando toda hora.,2025-02-17 17:39:56,NEGATIVA,INSTABILIDADE NA PLATAFORMA
CSAT,diego.souza,As mensagens de erro nao explicam o que fazer.,2025-02-17 17:54:20,NEGATIVA,BUGS
BuzzMonitor,camila.araujo,A plataforma caiu agora e nao consigo acessar.,2025-02-18 02:01:15,NEGATIVA,INSTABILIDADE NA PLATAFORMA
CSAT,camila.gomes,Qual o prazo para emitir nota fiscal?,2025-02-18 07:52:12,NEUTRA,FINANCEIRO
NPS,bruno.ferreira,Como gero um token de API? Preciso de retorno urgente.,2025-02-18 09:33:14,NEGATIVA,API/AUTENTICACAO
CSAT,ana.barbosa,O tempo de resposta da API aumentou bastante.,2025-02-18 09:48:57,NEUTRA,API/AUTENTICACAO
NPS,mario.oliveira,"A navegacao esta confusa, nao acho as configuracoes.",2025-02-18 10:42:39,NEUTRA,FINANCEIRO
NPS,juliana.souza,Os tutoriais não cobrem o que eu preciso.,2025-02-18 11:27:58,NEUTRA,FEEDBACK GERAL
CSAT,gustavo.souza,O cancelamento foi cobrado mesmo depois de eu solicitar.,2025-02-18 21:41:44,NEUTRA,FEEDBACK GERAL
BuzzMonitor,bruno.souza,Os webhooks estao super estaveis agora.,2025-02-19 02:14:33,NEUTRA,FEEDBACK GERAL
CSAT,leonardo.almeida,"Boa, o erro de sincronizacao sumiu.",2025-02-19 06:41:00,NEUTRA,BUGS
BuzzMonitor,lucas.correa,Os tutoriais nao cobrem o que eu preciso.,2025-02-19 11:44:31,NEUTRA,FEEDBACK GERAL
BuzzMonitor,camila.oliveira,"Nao carrega a tela inicial, fica em loading infinito. Preciso de retorno urgente.",2025-02-19 12:54:18,NEGATIVA,FINANCEIRO
BuzzMonitor,laura.rocha,Parece que um usuario acessou dados que nao deveria.,2025-02-19 18:17:27,NEUTRA,FEEDBACK GERAL
CSAT,bruno.carvalho,O boleto nao foi gerado e estou com pagamento em atraso por causa disso.,2025-02-19 21:37:59,NEUTRA,SUPORTE/ATENDIMENTO
CSAT,rafael.barbosa,Fui transferido varias vezes e nao resolveram.,2025-02-19 22:02:21,NEUTRA,FEEDBACK GERAL
CSAT,bruno.martins,Tem atendimento aos finais de semana? Preciso de retorno urgente.,2025-02-20 04:05:52,NEGATIVA,SUPORTE/ATENDIMENTO
CSAT,patricia.carvalho,A integracao suporta ambientes de teste?,2025-02-20 07:11:05,NEUTRA,FEEDBACK GERAL
CSAT,mariana.elias,Como faço para salvar filtros como favoritos?,2025-02-20 09:33:19,NEUTRA,FEEDBACK GERAL
BuzzMonitor,carla.araujo,O reset de senha falha e nao chega email. Preciso de retorno urgente.,2025-02-20 21:27:56,NEGATIVA,BUGS
BuzzMonitor,bruno.almeida,A experiencia poderia ser melhor em dispositivos moveis.,2025-02-21 00:50:48,NEUTRA,FEEDBACK GERAL
NPS,ana.ferreira,"Nao tive mais desconexoes, otimo trabalho.",2025-02-21 09:14:08,POSITIVA,FEEDBACK GERAL
CSAT,joao.nascimento,A API esta retornando 401 mesmo com token valido. Preciso de retorno urgente.,2025-02-21 15:57:02,NEGATIVA,API/AUTENTICACAO
CSAT,carla.ferreira,A tela nao e intuitiva e acaba atrapalhando. Preciso de retorno urgente.,2025-02-21 17:00:46,NEGATIVA,FEEDBACK GERAL
CSAT,isabela.pereira,"As dicas na tela ajudam bastante, parabens.",2025-02-22 03:33:23,NEUTRA,FEEDBACK GERAL
CSAT,vitor.martins,Ficou travando e desconectando toda hora.,2025-02-22 09:05:11,NEGATIVA,INSTABILIDADE NA PLATAFORMA
BOT,gustavo.gomes,A documentacao esta desatualizada.,2025-02-22 17:04:49,NEUTRA,TREINAMENTO/ONBOARDING
BuzzMonitor,mario.souza,Vocês podem considerar um novo recurso?,2025-02-22 17:31:18,NEUTRA,TREINAMENTO/ONBOARDING
CSAT,camila.martins,Posso enviar logs para ajudar a investigar? Preciso de retorno urgente.,2025-02-22 22:24:44,NEGATIVA,FEEDBACK GERAL
BOT,beatriz.martins,"A navegacao esta confusa, nao acho as configuracoes.",2025-02-23 04:27:40,NEUTRA,FINANCEIRO
CSAT,juliana.silva,Ficou travando e desconectando toda hora.,2025-02-23 09:17:08,NEGATIVA,INSTABILIDADE NA PLATAFORMA
CSAT,mariana.teixeira,A API esta retornando 401 mesmo com token valido.,2025-02-23 10:54:42,NEGATIVA,API/AUTENTICACAO
CSAT,bruno.almeida,"Evoluiram muito no ultimo trimestre, parabens.",2025-02-24 02:49:45,NEUTRA,FEEDBACK GERAL
CSAT,diego.gomes,Existe cache para relatorios?,2025-02-24 05:26:56,NEUTRA,FEEDBACK GERAL
BOT,mario.gomes,A integracao com o CRM funcionou sem dor de cabeca.,2025-02-24 07:27:03,POSITIVA,FEEDBACK GERAL
CSAT,vitor.almeida,Posso reorganizar o menu? Preciso de retorno urgente.,2025-02-24 08:21:46,NEGATIVA,FEEDBACK GERAL
BuzzMonitor,diego.silva,Tem alguma previsao para corrigir a exportacao?,2025-02-24 10:56:54,NEUTRA,FEEDBACK GERAL
CSAT,beatriz.teixeira,Os logs de auditoria ajudaram bastante.,2025-02-24 13:04:52,NEUTRA,FEEDBACK GERAL
CSAT,diego.correa,Os logs de auditoria ajudaram bastante.,2025-02-24 13:15:09,NEUTRA,FEEDBACK GERAL
BuzzMonitor,vitor.dias,Onde vejo o log de auditoria? Preciso de retorno urgente.,2025-02-24 14:35:51,NEGATIVA,FEEDBACK GERAL
CSAT,ana.silva,"A importacao esta levando horas, ficou impraticavel.",2025-02-24 15:23:56,NEUTRA,FEEDBACK GERAL
BuzzMonitor,carla.teixeira,O filtro nao funciona e retorna resultados errados.,2025-02-24 21:17:46,NEGATIVA,FEEDBACK GERAL
NPS,isabela.pereira,O sistema esta muito lento para carregar relatorios.,2025-02-24 21:46:11,NEGATIVA,INSTABILIDADE NA PLATAFORMA
CSAT,bruno.ferreira,Posso enviar logs para ajudar a investigar? Preciso de retorno urgente.,2025-02-25 00:17:54,NEGATIVA,FEEDBACK GERAL
BOT,joao.araujo,O sistema duplica registros ao importar.,2025-02-25 00:49:05,NEUTRA,FEEDBACK GERAL
NPS,diego.oliveira,Seria bom ter mais opcoes de personalizacao.,2025-02-25 02:22:03,POSITIVA,FEATURE REQUEST
CSAT,lucas.dias,"Nao carrega a tela inicial, fica em loading infinito.",2025-02-25 05:44:17,NEUTRA,FINANCEIRO
CSAT,carla.mendes,"A importacao esta levando horas, ficou impraticavel.",2025-02-25 09:05:12,NEUTRA,FEEDBACK GERAL
CSAT,rafael.souza,A API esta bem mais rapida nessa versao.,2025-02-25 13:38:00,NEUTRA,API/AUTENTICACAO
BOT,mario.carvalho,O filtro nao funciona e retorna resultados errados.,2025-02-25 17:43:31,NEGATIVA,FEEDBACK GERAL
NPS,joao.silva,O sistema duplica registros ao importar.,2025-02-25 19:05:21,NEUTRA,FEEDBACK GERAL
NPS,juliana.mendes,A integracao com o CRM funcionou sem dor de cabeca.,2025-02-26 04:37:43,POSITIVA,FEEDBACK GERAL
NPS,beatriz.barbosa,"A tela de cadastro ficou redonda, sem bugs. Preciso de retorno urgente.",2025-02-26 05:50:49,NEGATIVA,BUGS
NPS,camila.gomes,O webhooks estao falhando e nao recebo eventos. Preciso de retorno urgente. Ticket 67129.,2025-02-26 06:57:02,NEGATIVA,BUGS
CSAT,laura.teixeira,"Estou com problema na cobranca, veio valor duplicado na fatura.",2025-02-26 10:59:15,NEGATIVA,FINANCEIRO
NPS,lucas.mendes,"Obrigada por resolverem a instabilidade, melhorou muito.",2025-02-26 12:17:12,POSITIVA,FEEDBACK GERAL
BOT,mario.carvalho,Depois do patch nao ocorre mais duplicacao na importacao.,2025-02-26 15:07:36,NEUTRA,FEEDBACK GERAL
CSAT,carla.oliveira,O bloqueio por IP facilitou nossa politica interna. Preciso de retorno urgente.,2025-02-26 18:05:48,NEGATIVA,FEEDBACK GERAL
CSAT,ana.elias,"A equipe acompanhou a implantacao, foi tranquilo.",2025-02-26 22:15:07,NEUTRA,FEEDBACK GERAL
BuzzMonitor,patricia.martins,Depois da ultima manutencao ficou bem mais estavel.,2025-02-26 22:18:33,NEUTRA,FEEDBACK GERAL
CSAT,vitor.oliveira,"A importacao esta levando horas, ficou impraticavel.",2025-02-27 05:37:34,NEUTRA,FEEDBACK GERAL
BuzzMonitor,diego.elias,Ficou travando e desconectando toda hora.,2025-02-27 09:39:01,NEGATIVA,INSTABILIDADE NA PLATAFORMA
BuzzMonitor,leonardo.nascimento,Qual a janela de maior uso?,2025-02-27 10:31:53,NEUTRA,FEEDBACK GERAL
BuzzMonitor,patricia.lima,O cancelamento foi cobrado mesmo depois de eu solicitar.,2025-02-27 10:56:24,NEUTRA,FEEDBACK GERAL
NPS,mariana.correa,Qual a janela de maior uso?,2025-02-27 14:46:23,NEUTRA,FEEDBACK GERAL
CSAT,carla.araujo,Vocês oferecem implantacao assistida?,2025-02-27 18:13:39,NEUTRA,FEEDBACK GERAL
BuzzMonitor,joao.nascimento,"Muito bom ter 2FA, aumentou a seguranca.",2025-02-27 21:03:14,POSITIVA,FEEDBACK GERAL
CSAT,mariana.barbosa,O onboarding foi confuso e faltou treinamento.,2025-02-28 01:37:25,POSITIVA,FINANCEIRO
NPS,fernanda.elias,O botao de salvar nao responde na tela de cadastro. Preciso de retorno urgente. Ticket 64590.,2025-02-28 03:27:56,NEGATIVA,SUPORTE/ATENDIMENTO
BuzzMonitor,leonardo.correa,"Gostei do layout, ficou facil achar as funcoes.",2025-02-28 06:47:50,NEUTRA,FEEDBACK GERAL
BuzzMonitor,ana.gomes,"O time de CS acompanhou ate a solucao, show. Preciso de retorno urgente.",2025-02-28 13:04:09,NEUTRA,FEEDBACK GERAL
CSAT,juliana.martins,"Boa, o erro de sincronizacao sumiu. Preciso de retorno urgente.",2025-02-28 23:18:33,NEGATIVA,BUGS
BuzzMonitor,camila.silva,Qual o limite de requisicoes por minuto na API?,2025-03-01 04:29:02,NEUTRA,API/AUTENTICACAO
NPS,vitor.dias,"Obrigada por resolverem a instabilidade, melhorou muito.",2025-03-01 06:41:52,POSITIVA,FEEDBACK GERAL
NPS,thiago.mendes,"Gostei do novo painel financeiro, bem mais claro. Ticket 53665.",2025-03-01 07:17:16,NEUTRA,SUPORTE/ATENDIMENTO
BuzzMonitor,rafael.lima,O menu mudou e agora ficou pior de usar.,2025-03-01 10:58:20,NEUTRA,FEEDBACK GERAL
NPS,beatriz.almeida,O atendente nao entendeu o problema e encerrou o ticket.,2025-03-01 11:47:34,NEGATIVA,BUGS
BuzzMonitor,isabela.carvalho,A experiencia de uso evoluiu muito. Preciso de retorno urgente.,2025-03-01 16:30:22,NEGATIVA,FEEDBACK GERAL
BOT,beatriz.correa,Quero falar com um especialista em integracoes. Ticket 10320.,2025-03-01 19:36:26,NEUTRA,SUPORTE/ATENDIMENTO
CSAT,mariana.lima,"Gostei do controle de permissoes, bem completo.",2025-03-02 01:38:23,NEUTRA,FEEDBACK GERAL
CSAT,vitor.ribeiro,Sinto falta de um relatorio mais completo.,2025-03-02 04:37:46,NEUTRA,FEEDBACK GERAL
CSAT,gustavo.barbosa,Qual o limite de requisicoes por minuto na API?,2025-03-02 21:22:16,NEUTRA,API/AUTENTICACAO
BuzzMonitor,ana.araujo,Estou recebendo erro 500 ao tentar salvar.,2025-03-02 23:38:57,NEGATIVA,INSTABILIDADE NA PLATAFORMA
BuzzMonitor,bruno.mendes,Os tutoriais nao cobrem o que eu preciso.,2025-03-03 02:00:13,NEUTRA,FEEDBACK GERAL
CSAT,ana.ferreira,Sinto falta de um relatorio mais completo.,2025-03-03 03:22:45,NEUTRA,FEEDBACK GERAL
BuzzMonitor,mario.ribeiro,"Obrigada pela paciencia, problema resolvido.",2025-03-03 07:23:23,POSITIVA,FEEDBACK GERAL
BOT,diego.nascimento,O sistema esta muito lento para carregar relatorios. Preciso de retorno urgente.,2025-03-03 09:05:30,NEGATIVA,INSTABILIDADE NA PLATAFORMA
BuzzMonitor,bruno.dias,Acho que a comunicacao de mudancas poderia melhorar.,2025-03-03 10:16:31,NEUTRA,FEEDBACK GERAL
BuzzMonitor,laura.silva,A exportacao para contabilidade funcionou de primeira. Preciso de retorno urgente.,2025-03-03 10:35:05,NEUTRA,FEEDBACK GERAL
BuzzMonitor,juliana.mendes,"A busca ficou instantanea, parabens.",2025-03-03 14:18:24,NEUTRA,FEEDBACK GERAL
CSAT,lucas.silva,Tem SDK em Python para integracao? Preciso de retorno urgente.,2025-03-03 15:41:29,NEGATIVA,FEEDBACK GERAL
CSAT,mario.martins,Existe um canal para enviar ideias?,2025-03-03 23:48:39,NEUTRA,FEEDBACK GERAL
BOT,laura.nascimento,Vocês tiveram alguma manutencao programada hoje?,2025-03-04 05:39:56,NEUTRA,FEEDBACK GERAL
CSAT,lucas.gomes,Os tutoriais nao cobrem o que eu preciso.,2025-03-04 07:12:13,NEUTRA,FEEDBACK GERAL
CSAT,patricia.pereira,Quando tento exportar CSV ele vem vazio.,2025-03-04 20:02:23,NEUTRA,FEEDBACK GERAL
CSAT,laura.ferreira,"Comecei a usar rapido, processo muito bom.",2025-03-05 00:33:32,POSITIVA,API/AUTENTICACAO
NPS,beatriz.carvalho,Como gero um token de API? Preciso de retorno urgente.,2025-03-05 12:19:48,NEGATIVA,API/AUTENTICACAO
BOT,lucas.barbosa,"Obrigada por resolverem a instabilidade, melhorou muito.",2025-03-05 16:32:06,POSITIVA,FEEDBACK GERAL
CSAT,rafael.elias,A API esta retornando 401 mesmo com token valido.,2025-03-05 19:20:03,NEGATIVA,API/AUTENTICACAO
NPS,juliana.souza,Preciso de um relatorio de cobranca do mes.,2025-03-05 20:05:09,NEUTRA,FINANCEIRO
BuzzMonitor,thiago.almeida,Acho que a comunicacao de mudancas poderia melhorar.,2025-03-05 21:35:50,NEUTRA,FEEDBACK GERAL
NPS,juliana.lima,"Gostei do conector com o ERP, poupou tempo.",2025-03-05 22:31:45,NEUTRA,FEEDBACK GERAL
NPS,isabela.silva,Recebi alerta de login suspeito e nao consegui bloquear.,2025-03-05 23:07:58,NEUTRA,FEEDBACK GERAL
CSAT,camila.mendes,"Adorei as novas funcionalidades, muito util.",2025-03-06 02:19:42,NEUTRA,FEEDBACK GERAL
CSAT,fernanda.gomes,Qual o status do incidente da manha?,2025-03-06 12:59:43,NEUTRA,FEEDBACK GERAL
CSAT,lucas.carvalho,O tempo de resposta da API aumentou bastante.,2025-03-06 15:46:03,NEUTRA,API/AUTENTICACAO
BuzzMonitor,beatriz.rocha,Os webhooks estao super estaveis agora.,2025-03-06 17:05:34,NEUTRA,FEEDBACK GERAL
BOT,leonardo.silva,Parece que um usuario acessou dados que nao deveria.,2025-03-06 18:15:17,NEUTRA,FEEDBACK GERAL
NPS,lucas.souza,"Parabens, a nota fiscal saiu certinha e bem rapido.",2025-03-06 20:59:35,POSITIVA,API/AUTENTICACAO
CSAT,leonardo.correa,Nao consegui importar meus dados iniciais. Preciso de retorno urgente.,2025-03-06 22:05:19,NEGATIVA,FEEDBACK GERAL
CSAT,ana.correa,O botao de salvar nao responde na tela de cadastro. Preciso de retorno urgente.,2025-03-07 06:20:50,NEGATIVA,FEEDBACK GERAL
NPS,diego.silva,Vocês tiveram alguma manutencao programada hoje?,2025-03-07 23:43:29,NEUTRA,FEEDBACK GERAL
CSAT,gustavo.lima,O sistema esta muito lento para carregar relatorios.,2025-03-08 04:33:02,NEGATIVA,INSTABILIDADE NA PLATAFORMA
BuzzMonitor,joao.teixeira,Qual o prazo para emitir nota fiscal? Preciso de retorno urgente.,2025-03-08 06:00:20,NEGATIVA,FINANCEIRO
BOT,ana.barbosa,Tem webinar de introducao?,2025-03-08 13:00:56,NEUTRA,FEEDBACK GERAL
BuzzMonitor,beatriz.dias,Quando tento exportar CSV ele vem vazio.,2025-03-08 13:19:55,NEUTRA,FEEDBACK GERAL
CSAT,leonardo.teixeira,A API esta bem mais rapida nessa versao.,2025-03-08 16:42:21,NEUTRA,API/AUTENTICACAO
BuzzMonitor,isabela.oliveira,O boleto nao foi gerado e estou com pagamento em atraso por causa disso. Preciso de retorno urgente.,2025-03-08 17:41:11,NEGATIVA,SUPORTE/ATENDIMENTO
BuzzMonitor,leonardo.dias,O sistema duplica registros ao importar. Preciso de retorno urgente.,2025-03-08 22:19:57,NEGATIVA,FEEDBACK GERAL
CSAT,juliana.silva,Estou recebendo erro 500 ao tentar salvar.,2025-03-08 23:41:43,NEGATIVA,INSTABILIDADE NA PLATAFORMA
CSAT,beatriz.barbosa,Existe cache para relatorios?,2025-03-09 04:05:58,NEUTRA,FEEDBACK GERAL
BOT,vitor.dias,A integracao com o ERP nao esta sincronizando.,2025-03-09 07:17:29,NEUTRA,FEEDBACK GERAL
CSAT,lucas.teixeira,Como gero um token de API? Preciso de retorno urgente.,2025-03-09 10:16:12,NEGATIVA,API/AUTENTICACAO
BuzzMonitor,vitor.silva,Tem webinar de introducao? Preciso de retorno urgente.,2025-03-09 11:09:44,NEGATIVA,FEEDBACK GERAL
CSAT,diego.almeida,Parece que um usuario acessou dados que nao deveria.,2025-03-09 12:23:51,NEUTRA,FEEDBACK GERAL
BuzzMonitor,ana.elias,O boleto nao foi gerado e estou com pagamento em atraso por causa disso.,2025-03-09 16:26:58,NEUTRA,SUPORTE/ATENDIMENTO
CSAT,camila.almeida,A experiencia de uso evoluiu muito.,2025-03-09 18:49:11,NEUTRA,FEEDBACK GERAL
NPS,joao.pereira,A integracao com o ERP nao esta sincronizando. Preciso de retorno urgente.,2025-03-09 23:19:53,NEGATIVA,FEEDBACK GERAL
BuzzMonitor,patricia.nascimento,As mensagens de erro nao explicam o que fazer.,2025-03-10 01:09:00,NEGATIVA,BUGS
BuzzMonitor,ana.nascimento,"Obrigada por resolverem a instabilidade, melhorou muito.",2025-03-10 01:17:45,POSITIVA,FEEDBACK GERAL
BuzzMonitor,thiago.teixeira,"A busca ficou instantanea, parabens.",2025-03-10 05:52:31,NEUTRA,FEEDBACK GERAL
CSAT,carla.silva,A nova interface ficou bem mais intuitiva.,2025-03-10 16:53:56,NEUTRA,FEEDBACK GERAL
CSAT,bruno.correa,O menu mudou e agora ficou pior de usar.,2025-03-10 18:48:15,NEUTRA,FEEDBACK GERAL
CSAT,laura.oliveira,Os tutoriais ajudaram muito a comecar.,2025-03-10 22:20:43,NEUTRA,FEEDBACK GERAL
CSAT,laura.rocha,"Obrigada pela paciencia, problema resolvido.",2025-03-10 23:41:57,POSITIVA,FEEDBACK GERAL
BuzzMonitor,joao.rocha,Existe um canal para enviar ideias?,2025-03-11 03:00:25,NEUTRA,FEEDBACK GERAL
NPS,ana.correa,A documentacao esta desatualizada.,2025-03-11 05:23:43,NEUTRA,TREINAMENTO/ONBOARDING
CSAT,diego.rocha,Onde eu reporto um bug com print da tela?,2025-03-11 14:30:19,NEGATIVA,BUGS
CSAT,bruno.pereira,A integracao com o CRM funcionou sem dor de cabeca.,2025-03-11 18:17:59,POSITIVA,FEEDBACK GERAL
BOT,carla.almeida,"A importacao esta levando horas, ficou impraticavel. Preciso de retorno urgente.",2025-03-12 03:34:19,NEGATIVA,FEEDBACK GERAL
BuzzMonitor,gustavo.mendes,Qual o status do incidente da manha? Preciso de retorno urgente.,2025-03-12 03:49:34,NEGATIVA,FEEDBACK GERAL
NPS,mariana.oliveira,Onde vejo o log de auditoria?,2025-03-12 08:18:30,NEUTRA,FEEDBACK GERAL
CSAT,bruno.barbosa,Qual o prazo para emitir nota fiscal?,2025-03-12 11:49:43,NEUTRA,FINANCEIRO
CSAT,mariana.lima,Nao consigo atualizar meus dados de pagamento no sistema.,2025-03-12 15:16:59,NEUTRA,FINANCEIRO
BOT,thiago.souza,Recebi alerta de login suspeito e nao consegui bloquear. Preciso de retorno urgente.,2025-03-12 18:18:10,NEGATIVA,FEEDBACK GERAL
CSAT,laura.martins,Resposta rapida e com orientacao completa.,2025-03-12 20:09:29,NEUTRA,API/AUTENTICACAO
NPS,camila.nascimento,Os logs de auditoria ajudaram bastante. Ticket 94094.,2025-03-13 08:34:38,NEUTRA,SUPORTE/ATENDIMENTO
BOT,fernanda.teixeira,Como abro um chamado para suporte tecnico?,2025-03-13 10:11:58,NEUTRA,SUPORTE/ATENDIMENTO
CSAT,joao.mendes,"A tela de cadastro ficou redonda, sem bugs.",2025-03-13 10:47:06,NEGATIVA,BUGS
BuzzMonitor,leonardo.barbosa,A integracao com o ERP nao esta sincronizando.,2025-03-13 11:24:49,NEUTRA,FEEDBACK GERAL
NPS,bruno.correa,O botao de salvar nao responde na tela de cadastro. Preciso de retorno urgente.,2025-03-13 12:15:52,NEGATIVA,FEEDBACK GERAL
NPS,fernanda.ferreira,Parabens pelas melhorias de seguranca.,2025-03-13 15:12:54,NEUTRA,FEATURE REQUEST
NPS,thiago.correa,"Adorei as novas funcionalidades, muito util.",2025-03-13 19:49:09,NEUTRA,FEEDBACK GERAL
NPS,gustavo.nascimento,Tem atendimento aos finais de semana?,2025-03-13 21:08:22,NEUTRA,SUPORTE/ATENDIMENTO
BuzzMonitor,rafael.lima,"Comecei a usar rapido, processo muito bom.",2025-03-13 21:31:45,POSITIVA,API/AUTENTICACAO
BuzzMonitor,lucas.teixeira,Estou recebendo erro 500 ao tentar salvar. Preciso de retorno urgente.,2025-03-14 02:58:51,NEGATIVA,INSTABILIDADE NA PLATAFORMA
NPS,fernanda.barbosa,Parabens pelas melhorias de seguranca.,2025-03-14 03:41:52,NEUTRA,FEATURE REQUEST
BuzzMonitor,leonardo.oliveira,Vocês tem exemplo de payload para webhooks? Preciso de retorno urgente.,2025-03-14 04:51:08,NEGATIVA,FEEDBACK GERAL
CSAT,laura.mendes,Existe cache para relatorios?,2025-03-14 06:11:11,NEUTRA,FEEDBACK GERAL
CSAT,diego.carvalho,Vocês tiveram alguma manutencao programada hoje?,2025-03-14 07:26:11,NEUTRA,FEEDBACK GERAL
NPS,ana.lima,O webhooks estao falhando e nao recebo eventos.,2025-03-14 14:32:59,NEGATIVA,BUGS
NPS,vitor.mendes,Existe um canal para enviar ideias?,2025-03-14 16:22:29,NEUTRA,FEEDBACK GERAL
CSAT,juliana.lima,A API esta retornando 401 mesmo com token valido. Preciso de retorno urgente.,2025-03-14 21:56:26,NEGATIVA,API/AUTENTICACAO
NPS,bruno.carvalho,A disponibilidade melhorou bastante essa semana.,2025-03-14 22:19:28,NEUTRA,FEEDBACK GERAL
NPS,mario.nascimento,Fiquei perdido na configuracao inicial.,2025-03-15 00:00:45,NEUTRA,FINANCEIRO
CSAT,laura.teixeira,Tem SSO com Azure AD? Ticket 14814.,2025-03-15 00:58:24,NEUTRA,SUPORTE/ATENDIMENTO
BuzzMonitor,vitor.pereira,A integracao com o gateway de pagamento caiu.,2025-03-15 02:24:04,NEGATIVA,INSTABILIDADE NA PLATAFORMA
CSAT,rafael.ferreira,O atendente nao entendeu o problema e encerrou o ticket.,2025-03-15 03:38:35,NEGATIVA,BUGS
NPS,beatriz.elias,Os webhooks estao super estaveis agora.,2025-03-15 05:36:32,NEUTRA,FEEDBACK GERAL
BuzzMonitor,laura.dias,O boleto nao foi gerado e estou com pagamento em atraso por causa disso.,2025-03-15 17:22:55,NEUTRA,SUPORTE/ATENDIMENTO
CSAT,lucas.mendes,"O processo de pagamento ficou mais simples, ajudou muito.",2025-03-15 19:08:57,NEUTRA,FINANCEIRO
NPS,patricia.ferreira,Os dados do CRM estao vindo incompletos na integracao.,2025-03-15 19:39:45,NEUTRA,FEEDBACK GERAL
NPS,mariana.oliveira,As telas estao com lentidao em horario comercial.,2025-03-15 21:35:06,NEUTRA,FEEDBACK GERAL
BOT,carla.gomes,"A navegacao esta confusa, nao acho as configuracoes.",2025-03-16 09:17:28,NEUTRA,FINANCEIRO
NPS,leonardo.souza,Seria bom ter mais opcoes de personalizacao.,2025-03-16 09:59:47,POSITIVA,FEATURE REQUEST
BuzzMonitor,mario.lima,O suporte demorou muito para responder meu chamado.,2025-03-16 10:14:53,NEUTRA,SUPORTE/ATENDIMENTO
BuzzMonitor,lucas.mendes,"Gostei do controle de permissoes, bem completo. Preciso de retorno urgente.",2025-03-16 17:58:01,NEGATIVA,FEEDBACK GERAL
CSAT,thiago.rocha,A integracao suporta ambientes de teste?,2025-03-16 18:44:42,NEUTRA,FEEDBACK GERAL
CSAT,juliana.oliveira,"Comecei a usar rapido, processo muito bom.",2025-03-17 03:31:45,POSITIVA,API/AUTENTICACAO
NPS,carla.ferreira,"As dicas na tela ajudam bastante, parabens. Ticket 33020.",2025-03-17 08:21:22,NEUTRA,SUPORTE/ATENDIMENTO
BuzzMonitor,carla.ribeiro,Resposta rapida e com orientacao completa. Preciso de retorno urgente.,2025-03-17 08:51:21,NEGATIVA,API/AUTENTICACAO
CSAT,juliana.ferreira,As telas estao com lentidao em horario comercial.,2025-03-17 11:43:55,NEUTRA,FEEDBACK GERAL
BuzzMonitor,beatriz.teixeira,Onde encontro a base de conhecimento?,2025-03-17 13:06:22,NEUTRA,FEEDBACK GERAL
NPS,mario.pereira,Vocês oferecem implantacao assistida? Ticket 94058.,2025-03-17 18:55:38,NEUTRA,SUPORTE/ATENDIMENTO
BuzzMonitor,bruno.silva,Quero entender como funciona o calculo de impostos. Ticket 55064.,2025-03-17 21:19:35,NEUTRA,SUPORTE/ATENDIMENTO
NPS,laura.ribeiro,As telas estao com lentidao em horario comercial.,2025-03-17 21:28:08,NEUTRA,FEEDBACK GERAL
NPS,mario.rocha,"Boa, o erro de sincronizacao sumiu.",2025-03-17 23:44:42,NEUTRA,BUGS
BOT,lucas.silva,Ficou travando e desconectando toda hora.,2025-03-18 14:58:01,NEGATIVA,INSTABILIDADE NA PLATAFORMA
NPS,lucas.ribeiro,Como configuro 2FA para todos os usuarios?,2025-03-18 17:10:17,NEUTRA,FINANCEIRO
CSAT,joao.correa,Onde encontro a base de conhecimento?,2025-03-18 19:10:00,NEUTRA,FEEDBACK GERAL
CSAT,laura.souza,A documentacao e bem completa.,2025-03-18 22:53:44,NEUTRA,TREINAMENTO/ONBOARDING
BuzzMonitor,beatriz.almeida,Fiquei perdido na configuracao inicial. Ticket 73861.,2025-03-19 04:02:41,NEUTRA,SUPORTE/ATENDIMENTO
CSAT,joao.ribeiro,Importacao muito mais eficiente agora.,2025-03-19 07:52:06,NEUTRA,FEEDBACK GERAL
NPS,mariana.dias,Preciso de auditoria e nao encontro logs completos. Preciso de retorno urgente.,2025-03-19 11:04:53,NEGATIVA,FEEDBACK GERAL
CSAT,juliana.martins,"Obrigado por corrigirem o bug da exportacao, agora funciona.",2025-03-19 12:09:12,NEUTRA,BUGS
BOT,fernanda.almeida,"Adorei as novas funcionalidades, muito util.",2025-03-19 17:27:52,NEUTRA,FEEDBACK GERAL
CSAT,vitor.araujo,Quero falar com um especialista em integracoes. Preciso de retorno urgente.,2025-03-19 18:53:58,NEGATIVA,FEEDBACK GERAL
BOT,fernanda.rocha,A API esta bem mais rapida nessa versao.,2025-03-20 04:36:36,NEUTRA,API/AUTENTICACAO
NPS,mario.nascimento,O atendente nao entendeu o problema e encerrou o ticket.,2025-03-20 06:55:00,NEGATIVA,BUGS
NPS,carla.mendes,A exportacao para contabilidade funcionou de primeira.,2025-03-20 07:43:49,POSITIVA,FEEDBACK GERAL
CSAT,juliana.dias,O cancelamento foi cobrado mesmo depois de eu solicitar. Preciso de retorno urgente.,2025-03-20 10:53:10,NEGATIVA,FEEDBACK GERAL
BuzzMonitor,bruno.silva,O filtro nao funciona e retorna resultados errados.,2025-03-20 13:09:24,NEGATIVA,FEEDBACK GERAL
BuzzMonitor,beatriz.oliveira,Tem webinar de introducao?,2025-03-20 16:15:29,NEUTRA,FEEDBACK GERAL
CSAT,isabela.rocha,Resposta rapida e com orientacao completa.,2025-03-21 00:21:20,NEUTRA,API/AUTENTICACAO
CSAT,carla.almeida,"Gostei do controle de permissoes, bem completo.",2025-03-21 01:39:52,NEUTRA,FEEDBACK GERAL
CSAT,leonardo.carvalho,Nao consigo atualizar meus dados de pagamento no sistema. Ticket 44208.,2025-03-21 07:39:18,NEUTRA,SUPORTE/ATENDIMENTO
NPS,gustavo.elias,Importacao muito mais eficiente agora.,2025-03-21 10:55:03,NEUTRA,FEEDBACK GERAL
NPS,gustavo.rocha,A integracao suporta ambientes de teste?,2025-03-21 15:56:19,NEUTRA,FEEDBACK GERAL
CSAT,thiago.araujo,"Obrigado por corrigirem o bug da exportacao, agora funciona.",2025-03-21 21:34:41,NEUTRA,BUGS
BuzzMonitor,lucas.elias,A plataforma caiu agora e nao consigo acessar.,2025-03-22 12:27:48,NEGATIVA,INSTABILIDADE NA PLATAFORMA
NPS,carla.nascimento,Como faço para salvar filtros como favoritos?,2025-03-22 19:42:49,NEUTRA,FEEDBACK GERAL
CSAT,juliana.silva,Nao consigo atualizar meus dados de pagamento no sistema.,2025-03-22 22:52:05,NEUTRA,FINANCEIRO
BOT,camila.oliveira,O sistema duplica registros ao importar.,2025-03-23 00:22:37,NEUTRA,FEEDBACK GERAL
CSAT,juliana.mendes,"A navegacao esta confusa, nao acho as configuracoes.",2025-03-23 04:49:32,NEUTRA,FINANCEIRO
BuzzMonitor,juliana.silva,Fui transferido varias vezes e nao resolveram.,2025-03-23 06:14:07,NEUTRA,FEEDBACK GERAL
BuzzMonitor,joao.pereira,Qual o status do incidente da manha?,2025-03-23 21:15:57,NEUTRA,FEEDBACK GERAL
BuzzMonitor,bruno.mendes,Como gero um token de API?,2025-03-23 21:19:38,NEUTRA,API/AUTENTICACAO
NPS,beatriz.silva,Qual o prazo para emitir nota fiscal?,2025-03-24 00:50:36,NEUTRA,FINANCEIRO
NPS,isabela.rocha,Os dados do CRM estao vindo incompletos na integracao.,2025-03-24 01:30:24,NEUTRA,FEEDBACK GERAL
CSAT,isabela.teixeira,"O sistema esta fora do ar desde cedo, precisamos de retorno.",2025-03-24 05:31:52,NEGATIVA,INSTABILIDADE NA PLATAFORMA
BOT,diego.almeida,Quero falar com um especialista em integracoes.,2025-03-24 06:49:15,NEUTRA,FEEDBACK GERAL
BuzzMonitor,patricia.dias,"Evoluiram muito no ultimo trimestre, parabens.",2025-03-24 14:52:09,NEUTRA,FEEDBACK GERAL
CSAT,vitor.ferreira,"Nao carrega a tela inicial, fica em loading infinito.",2025-03-24 19:27:53,NEUTRA,FINANCEIRO
NPS,diego.teixeira,Estou recebendo erro 500 ao tentar salvar.,2025-03-25 02:11:07,NEGATIVA,INSTABILIDADE NA PLATAFORMA
BuzzMonitor,bruno.araujo,A disponibilidade melhorou bastante essa semana.,2025-03-25 04:25:13,NEUTRA,FEEDBACK GERAL
CSAT,joao.carvalho,"Adorei as novas funcionalidades, muito util. Preciso de retorno urgente.",2025-03-25 05:35:38,NEGATIVA,FEEDBACK GERAL
NPS,mario.nascimento,O tempo de resposta da API aumentou bastante.,2025-03-25 13:50:52,NEUTRA,API/AUTENTICACAO
NPS,thiago.teixeira,O atendente nao entendeu o problema e encerrou o ticket. Preciso de retorno urgente. Ticket 30092.,2025-03-25 16:22:40,NEGATIVA,BUGS
CSAT,bruno.rocha,Tem webinar de introducao? Preciso de retorno urgente.,2025-03-25 17:21:53,NEGATIVA,FEEDBACK GERAL
CSAT,mario.correa,Qual versao contem a correcao do problema?,2025-03-25 17:24:12,NEGATIVA,FEEDBACK GERAL
NPS,thiago.ferreira,"Relatorios agora carregam rapido, excelente.",2025-03-25 17:25:18,POSITIVA,API/AUTENTICACAO
NPS,camila.almeida,O atendimento foi rude e nao ajudou.,2025-03-25 17:26:23,NEUTRA,SUPORTE/ATENDIMENTO
CSAT,gustavo.mendes,"A importacao esta levando horas, ficou impraticavel.",2025-03-26 05:24:38,NEUTRA,FEEDBACK GERAL
CSAT,lucas.gomes,Fui transferido varias vezes e nao resolveram.,2025-03-26 08:47:04,NEUTRA,FEEDBACK GERAL
CSAT,fernanda.carvalho,As telas estao com lentidao em horario comercial. Preciso de retorno urgente.,2025-03-26 09:37:07,NEGATIVA,FEEDBACK GERAL
BuzzMonitor,leonardo.carvalho,"As dicas na tela ajudam bastante, parabens.",2025-03-26 14:45:12,NEUTRA,FEEDBACK GERAL
BuzzMonitor,diego.ferreira,Fiquei perdido na configuracao inicial.,2025-03-26 15:59:07,NEUTRA,FINANCEIRO
NPS,juliana.lima,Os dados do CRM estao vindo incompletos na integracao.,2025-03-26 18:18:50,NEUTRA,FEEDBACK GERAL
CSAT,mariana.oliveira,Os tutoriais nao cobrem o que eu preciso. Ticket 88265.,2025-03-27 01:24:58,NEUTRA,SUPORTE/ATENDIMENTO
BuzzMonitor,leonardo.rocha,"A fatura veio com reajuste sem aviso, podem verificar? Preciso de retorno urgente.",2025-03-27 08:19:19,NEGATIVA,FINANCEIRO
BuzzMonitor,beatriz.mendes,"Comecei a usar rapido, processo muito bom.",2025-03-27 10:11:40,POSITIVA,API/AUTENTICACAO
CSAT,beatriz.araujo,"Evoluiram muito no ultimo trimestre, parabens.",2025-03-27 17:58:43,NEUTRA,FEEDBACK GERAL
NPS,thiago.martins,O onboarding foi confuso e faltou treinamento.,2025-03-27 20:04:12,POSITIVA,FINANCEIRO
BuzzMonitor,rafael.oliveira,"Estou com problema na cobranca, veio valor duplicado na fatura.",2025-03-27 21:14:44,NEGATIVA,FINANCEIRO
BOT,thiago.martins,Tem boas praticas para melhorar performance?,2025-03-28 06:03:17,POSITIVA,FEEDBACK GERAL
NPS,mariana.dias,Importacao muito mais eficiente agora.,2025-03-28 13:34:27,NEUTRA,FEEDBACK GERAL
NPS,mariana.ferreira,Onde eu reporto um bug com print da tela?,2025-03-28 16:43:17,NEGATIVA,BUGS
BuzzMonitor,ana.lima,Preciso de um relatorio de cobranca do mes. Ticket 68912.,2025-03-29 14:58:44,NEUTRA,SUPORTE/ATENDIMENTO
CSAT,vitor.gomes,A nova interface ficou bem mais intuitiva.,2025-03-29 15:00:19,NEUTRA,FEEDBACK GERAL
NPS,bruno.almeida,"Comecei a usar rapido, processo muito bom.",2025-03-29 15:24:43,POSITIVA,API/AUTENTICACAO
BOT,isabela.gomes,O atendente nao entendeu o problema e encerrou o ticket. Preciso de retorno urgente.,2025-03-29 17:24:35,NEGATIVA,BUGS
CSAT,mario.ferreira,"Gostei do controle de permissoes, bem completo. Preciso de retorno urgente.",2025-03-29 20:56:57,NEGATIVA,FEEDBACK GERAL
CSAT,fernanda.lima,Recebi alerta de login suspeito e nao consegui bloquear.,2025-03-30 00:54:22,NEUTRA,FEEDBACK GERAL
BOT,fernanda.mendes,"Obrigada por resolverem a instabilidade, melhorou muito.",2025-03-30 09:06:53,POSITIVA,FEEDBACK GERAL
BuzzMonitor,thiago.elias,Importacao muito mais eficiente agora.,2025-03-30 09:11:07,NEUTRA,FEEDBACK GERAL
NPS,joao.ferreira,"As dicas na tela ajudam bastante, parabens.",2025-03-30 10:09:09,NEUTRA,FEEDBACK GERAL
CSAT,laura.souza,"Obrigada pela paciencia, problema resolvido.",2025-03-30 11:38:36,POSITIVA,FEEDBACK GERAL
NPS,vitor.martins,"Gostei do controle de permissoes, bem completo.",2025-03-30 22:52:57,NEUTRA,FEEDBACK GERAL
BuzzMonitor,mario.dias,Parabens pelas melhorias de seguranca.,2025-03-31 02:58:00,NEUTRA,FEATURE REQUEST
BOT,thiago.carvalho,O cancelamento foi cobrado mesmo depois de eu solicitar. Ticket 92066.,2025-03-31 05:59:05,NEUTRA,SUPORTE/ATENDIMENTO
BuzzMonitor,ana.rocha,Onde vejo o log de auditoria?,2025-03-31 08:43:24,NEUTRA,FEEDBACK GERAL
BuzzMonitor,carla.barbosa,"Faltam campos no cadastro, isso atrapalha.",2025-03-31 10:18:33,NEUTRA,FEEDBACK GERAL
BuzzMonitor,lucas.rocha,O filtro nao funciona e retorna resultados errados.,2025-03-31 10:59:00,NEGATIVA,FEEDBACK GERAL
CSAT,patricia.dias,Os logs de auditoria ajudaram bastante.,2025-03-31 12:46:13,NEUTRA,FEEDBACK GERAL
CSAT,rafael.ferreira,"A navegacao esta confusa, nao acho as configuracoes.",2025-03-31 21:55:01,NEUTRA,FINANCEIRO
NPS,diego.barbosa,Onde eu reporto um bug com print da tela?,2025-04-01 04:51:11,NEGATIVA,BUGS
CSAT,bruno.correa,Nao consigo atualizar meus dados de pagamento no sistema. Ticket 17362.,2025-04-01 08:12:24,NEUTRA,SUPORTE/ATENDIMENTO
NPS,mario.ferreira,"Evoluiram muito no ultimo trimestre, parabens.",2025-04-01 08:26:36,NEUTRA,FEEDBACK GERAL
NPS,ana.silva,Muitos cliques para fazer uma tarefa simples.,2025-04-01 08:41:05,NEUTRA,FEEDBACK GERAL
NPS,mariana.elias,A correcao do filtro resolveu meu problema. Preciso de retorno urgente.,2025-04-01 12:05:05,NEGATIVA,FEEDBACK GERAL
BuzzMonitor,bruno.gomes,Estou recebendo erro 500 ao tentar salvar. Preciso de retorno urgente. Ticket 99863.,2025-04-01 12:25:24,NEGATIVA,INSTABILIDADE NA PLATAFORMA
BOT,patricia.martins,A documentacao e bem completa.,2025-04-01 19:22:41,NEUTRA,TREINAMENTO/ONBOARDING
BuzzMonitor,bruno.mendes,Tem atalho para acessar relatorios mais rapido? Ticket 58422.,2025-04-01 21:12:43,POSITIVA,API/AUTENTICACAO
NPS,mario.almeida,Tem trilha de treinamento para novos usuarios?,2025-04-01 23:05:04,NEUTRA,TREINAMENTO/ONBOARDING
CSAT,thiago.araujo,Existe cache para relatorios?,2025-04-02 02:53:02,NEUTRA,FEEDBACK GERAL
CSAT,bruno.gomes,Parece que um usuario acessou dados que nao deveria.,2025-04-02 12:06:41,NEUTRA,FEEDBACK GERAL
CSAT,vitor.araujo,"A sincronizacao ficou consistente, obrigado.",2025-04-02 12:20:34,POSITIVA,FEEDBACK GERAL
NPS,ana.almeida,Vocês recomendam qual navegador?,2025-04-02 16:35:11,NEUTRA,FEEDBACK GERAL
NPS,fernanda.correa,Qual versao contem a correcao do problema?,2025-04-02 17:30:18,NEGATIVA,FEEDBACK GERAL
NPS,juliana.correa,A API esta retornando 401 mesmo com token valido.,2025-04-02 20:48:58,NEGATIVA,API/AUTENTICACAO
CSAT,mariana.mendes,Muitos cliques para fazer uma tarefa simples.,2025-04-02 21:25:55,NEUTRA,FEEDBACK GERAL
CSAT,bruno.pereira,"Nao carrega a tela inicial, fica em loading infinito.",2025-04-02 22:52:21,NEUTRA,FINANCEIRO
CSAT,diego.dias,"A fatura veio com reajuste sem aviso, podem verificar?",2025-04-03 02:06:11,NEUTRA,FINANCEIRO
CSAT,camila.martins,Vocês recomendam qual navegador?,2025-04-03 02:55:02,NEUTRA,FEEDBACK GERAL
CSAT,bruno.nascimento,Fiquei perdido na configuracao inicial. Preciso de retorno urgente.,2025-04-03 06:23:58,NEGATIVA,FINANCEIRO
CSAT,carla.lima,O reset de senha falha e nao chega email.,2025-04-03 16:05:41,NEGATIVA,BUGS
BuzzMonitor,joao.gomes,Tem boas praticas para melhorar performance? Preciso de retorno urgente.,2025-04-03 22:06:53,NEUTRA,FEEDBACK GERAL
CSAT,mario.araujo,Nao consegui importar meus dados iniciais. Ticket 56244.,2025-04-04 10:13:16,NEUTRA,SUPORTE/ATENDIMENTO
BOT,juliana.rocha,"Estou com problema na cobranca, veio valor duplicado na fatura.",2025-04-04 18:53:38,NEGATIVA,FINANCEIRO
BOT,isabela.elias,Vocês tem exemplo de payload para webhooks?,2025-04-05 05:37:17,NEUTRA,FEEDBACK GERAL
CSAT,gustavo.ferreira,Como abro um chamado para suporte tecnico?,2025-04-05 09:36:27,NEUTRA,SUPORTE/ATENDIMENTO
CSAT,joao.barbosa,A integracao suporta ambientes de teste?,2025-04-05 18:05:59,NEUTRA,FEEDBACK GERAL
BOT,camila.rocha,A integracao gera erro ao sincronizar e para no meio.,2025-04-06 05:40:41,NEGATIVA,BUGS
CSAT,isabela.mendes,O tempo de resposta da API aumentou bastante.,2025-04-06 08:10:50,NEUTRA,API/AUTENTICACAO
BuzzMonitor,carla.barbosa,Parece que um usuario acessou dados que nao deveria.,2025-04-06 09:35:30,NEUTRA,FEEDBACK GERAL
NPS,ana.araujo,Ficou travando e desconectando toda hora.,2025-04-06 10:17:30,NEGATIVA,INSTABILIDADE NA PLATAFORMA
CSAT,thiago.dias,Fui transferido varias vezes e nao resolveram.,2025-04-06 10:22:11,NEUTRA,FEEDBACK GERAL
BOT,isabela.ferreira,"Nao carrega a tela inicial, fica em loading infinito.",2025-04-06 13:14:11,NEUTRA,FINANCEIRO
CSAT,mario.dias,"Estou com problema na cobranca, veio valor duplicado na fatura.",2025-04-06 15:49:56,NEGATIVA,FINANCEIRO
CSAT,lucas.correa,O tempo de resposta da API aumentou bastante.,2025-04-06 18:59:00,NEUTRA,API/AUTENTICACAO
CSAT,bruno.almeida,A documentacao e bem completa.,2025-04-07 05:32:11,NEUTRA,TREINAMENTO/ONBOARDING
BuzzMonitor,patricia.correa,Quero falar com um especialista em integracoes.,2025-04-07 09:31:46,NEUTRA,FEEDBACK GERAL
CSAT,juliana.ribeiro,O menu mudou e agora ficou pior de usar. Ticket 44517.,2025-04-07 09:55:43,NEUTRA,SUPORTE/ATENDIMENTO
NPS,beatriz.elias,"A fatura veio com reajuste sem aviso, podem verificar? Ticket 97163.",2025-04-07 10:40:42,NEUTRA,SUPORTE/ATENDIMENTO
CSAT,joao.mendes,Como abro um chamado para suporte tecnico?,2025-04-07 13:37:07,NEUTRA,SUPORTE/ATENDIMENTO
BuzzMonitor,camila.elias,"A busca ficou instantanea, parabens.",2025-04-07 14:03:43,NEUTRA,FEEDBACK GERAL
NPS,carla.souza,O onboarding foi confuso e faltou treinamento.,2025-04-07 14:58:46,POSITIVA,FINANCEIRO
BuzzMonitor,bruno.ferreira,Os tutoriais ajudaram muito a comecar.,2025-04-07 17:46:17,NEUTRA,FEEDBACK GERAL
BOT,gustavo.oliveira,Quero falar com um especialista em integracoes.,2025-04-07 18:06:17,NEUTRA,FEEDBACK GERAL
BuzzMonitor,beatriz.mendes,Ficou travando e desconectando toda hora.,2025-04-07 21:11:56,NEGATIVA,INSTABILIDADE NA PLATAFORMA
BuzzMonitor,camila.mendes,Qual o limite de requisicoes por minuto na API?,2025-04-07 23:58:50,NEUTRA,API/AUTENTICACAO
CSAT,juliana.dias,O reset de senha falha e nao chega email. Preciso de retorno urgente.,2025-04-08 01:26:44,NEGATIVA,BUGS
BuzzMonitor,gustavo.ribeiro,Quando tento exportar CSV ele vem vazio.,2025-04-08 01:32:26,NEUTRA,FEEDBACK GERAL
NPS,leonardo.rocha,A integracao com o ERP não esta sincronizando.,2025-04-08 03:25:29,NEUTRA,FEEDBACK GERAL
CSAT,mario.mendes,"A API esta bem documentada, consegui integrar rapido.",2025-04-08 05:59:07,POSITIVA,API/AUTENTICACAO
BuzzMonitor,bruno.nascimento,"Evoluiram muito no ultimo trimestre, parabens.",2025-04-08 08:15:59,NEUTRA,FEEDBACK GERAL
BuzzMonitor,juliana.souza,Ficou travando e desconectando toda hora.,2025-04-08 08:25:13,NEGATIVA,INSTABILIDADE NA PLATAFORMA
BOT,mariana.lima,Consigo abrir um chamado para esse comportamento? Preciso de retorno urgente.,2025-04-08 15:02:52,NEGATIVA,SUPORTE/ATENDIMENTO
NPS,fernanda.dias,O onboarding foi excelente e bem guiado.,2025-04-08 15:20:57,POSITIVA,TREINAMENTO/ONBOARDING
BOT,camila.martins,Muitos cliques para fazer uma tarefa simples.,2025-04-08 17:43:02,NEUTRA,FEEDBACK GERAL
BuzzMonitor,camila.lima,Vocês tiveram alguma manutencao programada hoje?,2025-04-09 00:42:29,NEUTRA,FEEDBACK GERAL
CSAT,mariana.gomes,Tem SSO com Azure AD? Preciso de retorno urgente.,2025-04-09 01:42:29,NEGATIVA,FEEDBACK GERAL
CSAT,camila.dias,"Estou vendo lentidao em alguns horarios, e esperado?",2025-04-09 23:28:09,NEUTRA,FEEDBACK GERAL
CSAT,carla.silva,Fiquei perdido na configuracao inicial.,2025-04-10 09:31:12,NEUTRA,FINANCEIRO
BOT,laura.ribeiro,"Evoluiram muito no ultimo trimestre, parabens.",2025-04-10 15:35:50,NEUTRA,FEEDBACK GERAL
NPS,carla.almeida,O atendente nao entendeu o problema e encerrou o ticket.,2025-04-10 22:34:41,NEGATIVA,BUGS
BuzzMonitor,fernanda.dias,Parabens pelas melhorias de seguranca. Ticket 87352.,2025-04-11 03:12:39,NEUTRA,SUPORTE/ATENDIMENTO
BOT,juliana.martins,A tela nao e intuitiva e acaba atrapalhando.,2025-04-11 04:00:18,NEUTRA,FEEDBACK GERAL
BuzzMonitor,mario.elias,Qual o prazo para emitir nota fiscal?,2025-04-11 20:35:11,NEUTRA,FINANCEIRO
BuzzMonitor,mario.lima,"A importacao esta levando horas, ficou impraticavel.",2025-04-12 02:04:35,NEUTRA,FEEDBACK GERAL
NPS,bruno.lima,"Estou com problema na cobranca, veio valor duplicado na fatura. Preciso de retorno urgente.",2025-04-12 03:10:15,NEGATIVA,FINANCEIRO
BuzzMonitor,beatriz.gomes,A integracao com o CRM funcionou sem dor de cabeca.,2025-04-12 16:08:52,POSITIVA,FEEDBACK GERAL
BuzzMonitor,mariana.carvalho,"A importacao esta levando horas, ficou impraticavel.",2025-04-12 23:50:37,NEUTRA,FEEDBACK GERAL
BuzzMonitor,isabela.pereira,Posso enviar logs para ajudar a investigar?,2025-04-13 06:05:46,NEUTRA,FEEDBACK GERAL
BOT,leonardo.elias,Parece que um usuario acessou dados que nao deveria.,2025-04-13 17:00:03,NEUTRA,FEEDBACK GERAL
CSAT,mario.ribeiro,"A tela de cadastro ficou redonda, sem bugs.",2025-04-14 00:38:42,NEGATIVA,BUGS
BOT,mario.almeida,A busca demora demais e trava o navegador.,2025-04-14 05:00:30,NEGATIVA,INSTABILIDADE NA PLATAFORMA
BuzzMonitor,vitor.elias,A nova interface ficou bem mais intuitiva.,2025-04-14 06:15:04,NEUTRA,FEEDBACK GERAL
NPS,vitor.ferreira,"Boa, o erro de sincronizacao sumiu.",2025-04-14 14:01:01,NEUTRA,BUGS
CSAT,rafael.carvalho,A integracao com o CRM funcionou sem dor de cabeca.,2025-04-14 14:09:27,POSITIVA,FEEDBACK GERAL
CSAT,rafael.nascimento,A autenticacao em dois fatores nao funciona.,2025-04-14 19:49:04,NEGATIVA,API/AUTENTICACAO
CSAT,juliana.correa,Tem SSO com Azure AD?,2025-04-15 05:43:57,NEUTRA,FEEDBACK GERAL
NPS,leonardo.barbosa,O bloqueio por IP facilitou nossa politica interna.,2025-04-15 06:44:16,NEUTRA,FEEDBACK GERAL
BuzzMonitor,camila.nascimento,No geral estou bem satisfeito com a plataforma.,2025-04-15 13:35:45,NEUTRA,FEEDBACK GERAL
NPS,fernanda.rocha,Vocês oferecem implantacao assistida?,2025-04-16 04:52:42,NEUTRA,FEEDBACK GERAL
BuzzMonitor,mario.nascimento,O reset de senha falha e nao chega email. Preciso de retorno urgente.,2025-04-16 06:23:19,NEGATIVA,BUGS
CSAT,ana.teixeira,O webhooks estao falhando e nao recebo eventos.,2025-04-16 08:18:26,NEGATIVA,BUGS
CSAT,laura.martins,"Faltam campos no cadastro, isso atrapalha.",2025-04-16 08:47:45,NEUTRA,FEEDBACK GERAL
BuzzMonitor,rafael.mendes,Preciso de um relatorio de cobranca do mes.,2025-04-16 11:41:44,NEUTRA,FINANCEIRO
BOT,beatriz.martins,Posso reorganizar o menu?,2025-04-16 14:48:44,NEUTRA,FEEDBACK GERAL
NPS,fernanda.martins,"Muito bom ter 2FA, aumentou a seguranca.",2025-04-16 21:33:22,POSITIVA,FEEDBACK GERAL
CSAT,patricia.teixeira,"Nao carrega a tela inicial, fica em loading infinito.",2025-04-16 22:35:57,NEUTRA,FINANCEIRO
CSAT,fernanda.silva,"A fatura veio com reajuste sem aviso, podem verificar?",2025-04-16 23:01:15,NEUTRA,FINANCEIRO
NPS,vitor.dias,O bloqueio por IP facilitou nossa politica interna.,2025-04-16 23:56:29,NEUTRA,FEEDBACK GERAL
BOT,laura.araujo,Existe modo escuro?,2025-04-17 00:40:00,NEUTRA,FEEDBACK GERAL
BOT,patricia.gomes,Estou recebendo erro 500 ao tentar salvar.,2025-04-17 09:09:20,NEGATIVA,INSTABILIDADE NA PLATAFORMA
BuzzMonitor,lucas.carvalho,"A fatura veio com reajuste sem aviso, podem verificar?",2025-04-17 12:46:00,NEUTRA,FINANCEIRO
BOT,joao.dias,Como configuro 2FA para todos os usuarios?,2025-04-17 13:45:58,NEUTRA,FINANCEIRO
NPS,joao.teixeira,Estou recebendo erro 500 ao tentar salvar.,2025-04-17 16:21:16,NEGATIVA,INSTABILIDADE NA PLATAFORMA
BuzzMonitor,carla.oliveira,O cancelamento foi cobrado mesmo depois de eu solicitar.,2025-04-17 23:13:24,NEUTRA,FEEDBACK GERAL
NPS,thiago.barbosa,A tela nao e intuitiva e acaba atrapalhando.,2025-04-18 00:55:23,NEUTRA,FEEDBACK GERAL
CSAT,gustavo.martins,A correcao do filtro resolveu meu problema.,2025-04-18 02:16:04,NEGATIVA,FEEDBACK GERAL
BOT,mariana.ribeiro,Resposta rapida e com orientacao completa. Ticket 54917.,2025-04-18 04:56:14,NEUTRA,API/AUTENTICACAO
CSAT,carla.oliveira,Estou recebendo erro 500 ao tentar salvar.,2025-04-18 05:30:48,NEGATIVA,INSTABILIDADE NA PLATAFORMA
BuzzMonitor,fernanda.elias,Muitos cliques para fazer uma tarefa simples.,2025-04-18 10:50:34,NEUTRA,FEEDBACK GERAL
CSAT,laura.barbosa,A experiencia poderia ser melhor em dispositivos moveis.,2025-04-18 12:55:57,NEUTRA,FEEDBACK GERAL
NPS,thiago.gomes,"O processo de pagamento ficou mais simples, ajudou muito.",2025-04-18 15:10:54,NEUTRA,FINANCEIRO
BOT,bruno.araujo,A documentacao e bem completa.,2025-04-18 16:02:26,NEUTRA,TREINAMENTO/ONBOARDING
CSAT,isabela.barbosa,"Boa, o erro de sincronizacao sumiu.",2025-04-18 16:43:44,NEUTRA,BUGS
NPS,camila.silva,O boleto não foi gerado e estou com pagamento em atraso por causa disso.,2025-04-18 21:01:21,NEUTRA,SUPORTE/ATENDIMENTO
NPS,patricia.pereira,"A importacao esta levando horas, ficou impraticavel.",2025-04-18 21:38:30,NEUTRA,FEEDBACK GERAL
BuzzMonitor,laura.elias,"Estou sem retorno ha dias, isso prejudica o trabalho. Preciso de retorno urgente.",2025-04-18 21:44:18,NEGATIVA,SUPORTE/ATENDIMENTO
NPS,isabela.souza,A API esta retornando 401 mesmo com token valido.,2025-04-18 23:35:58,NEGATIVA,API/AUTENTICACAO
BuzzMonitor,thiago.mendes,O tempo de resposta da API aumentou bastante. Ticket 81741.,2025-04-19 00:12:01,NEUTRA,API/AUTENTICACAO
BOT,bruno.mendes,"Estou com problema na cobranca, veio valor duplicado na fatura.",2025-04-19 04:26:38,NEGATIVA,FINANCEIRO
CSAT,gustavo.oliveira,Fui transferido varias vezes e nao resolveram.,2025-04-19 04:46:07,NEUTRA,FEEDBACK GERAL
NPS,juliana.carvalho,Preciso de um relatorio de cobranca do mes.,2025-04-19 08:07:38,NEUTRA,FINANCEIRO
BOT,mariana.dias,"Gostei do novo painel financeiro, bem mais claro.",2025-04-19 14:20:10,NEUTRA,FEEDBACK GERAL
NPS,mario.mendes,"Gostei do layout, ficou facil achar as funcoes.",2025-04-19 14:36:21,NEUTRA,FEEDBACK GERAL
NPS,ana.oliveira,A conciliacao bancaria ficou bem melhor nessa versao.,2025-04-19 17:35:25,NEUTRA,FEEDBACK GERAL
CSAT,joao.mendes,Ficou travando e desconectando toda hora.,2025-04-19 18:52:57,NEGATIVA,INSTABILIDADE NA PLATAFORMA
BuzzMonitor,rafael.silva,Quero falar com um especialista em integracoes. Ticket 82737.,2025-04-19 19:35:45,NEUTRA,SUPORTE/ATENDIMENTO
CSAT,patricia.ribeiro,A API esta bem mais rapida nessa versao.,2025-04-19 19:41:11,NEUTRA,API/AUTENTICACAO
CSAT,vitor.ferreira,"O time de CS acompanhou ate a solucao, show.",2025-04-19 20:35:12,POSITIVA,FEEDBACK GERAL
BuzzMonitor,ana.mendes,"Obrigada pela paciencia, problema resolvido. Preciso de retorno urgente.",2025-04-19 21:01:12,NEUTRA,FEEDBACK GERAL
NPS,gustavo.almeida,O reset de senha falha e nao chega email.,2025-04-19 22:50:14,NEGATIVA,BUGS
BuzzMonitor,laura.elias,A autenticacao em dois fatores nao funciona.,2025-04-20 01:20:03,NEGATIVA,API/AUTENTICACAO
CSAT,joao.teixeira,Estou recebendo erro 500 ao tentar salvar.,2025-04-20 01:33:27,NEGATIVA,INSTABILIDADE NA PLATAFORMA
BOT,isabela.nascimento,O webhooks estao falhando e nao recebo eventos.,2025-04-20 05:17:47,NEGATIVA,BUGS
BOT,gustavo.mendes,Posso enviar logs para ajudar a investigar?,2025-04-20 10:32:29,NEUTRA,FEEDBACK GERAL
NPS,beatriz.ribeiro,A integracao com o ERP nao esta sincronizando.,2025-04-20 10:41:57,NEUTRA,FEEDBACK GERAL
CSAT,gustavo.lima,O filtro nao funciona e retorna resultados errados.,2025-04-20 12:50:34,NEGATIVA,FEEDBACK GERAL
NPS,diego.elias,Quando tento exportar CSV ele vem vazio.,2025-04-20 13:29:53,NEUTRA,FEEDBACK GERAL
NPS,beatriz.pereira,Sinto falta de um relatorio mais completo.,2025-04-20 20:00:40,NEUTRA,FEEDBACK GERAL
BuzzMonitor,carla.dias,Depois do patch nao ocorre mais duplicacao na importacao.,2025-04-21 00:14:12,NEUTRA,FEEDBACK GERAL
CSAT,patricia.barbosa,"Gostei do conector com o ERP, poupou tempo. Preciso de retorno urgente.",2025-04-21 03:23:05,NEGATIVA,FEEDBACK GERAL
CSAT,diego.nascimento,A experiencia poderia ser melhor em dispositivos moveis. Preciso de retorno urgente.,2025-04-21 08:26:30,NEGATIVA,FEEDBACK GERAL
CSAT,rafael.ribeiro,"A busca ficou instantanea, parabens. Ticket 56284.",2025-04-21 10:37:57,NEUTRA,SUPORTE/ATENDIMENTO
CSAT,lucas.dias,Os logs de auditoria ajudaram bastante.,2025-04-21 14:26:38,NEUTRA,FEEDBACK GERAL
BuzzMonitor,laura.martins,Onde encontro a opcao para personalizar colunas?,2025-04-21 19:57:01,NEUTRA,FEEDBACK GERAL
BuzzMonitor,fernanda.mendes,"A performance melhorou muito, ta voando.",2025-04-22 01:46:26,NEUTRA,FEEDBACK GERAL
NPS,beatriz.elias,A documentacao esta desatualizada.,2025-04-22 07:00:05,NEUTRA,TREINAMENTO/ONBOARDING
CSAT,rafael.barbosa,Quando tento exportar CSV ele vem vazio.,2025-04-22 07:32:21,NEUTRA,FEEDBACK GERAL
CSAT,isabela.ribeiro,Parabens pelas melhorias de seguranca.,2025-04-22 16:59:11,NEUTRA,FEATURE REQUEST
CSAT,leonardo.carvalho,Muitos cliques para fazer uma tarefa simples.,2025-04-22 17:12:40,NEUTRA,FEEDBACK GERAL
NPS,gustavo.ribeiro,"Gostei do controle de permissoes, bem completo.",2025-04-23 08:07:50,NEUTRA,FEEDBACK GERAL
CSAT,juliana.silva,Posso reorganizar o menu?,2025-04-23 10:01:28,NEUTRA,FEEDBACK GERAL
NPS,camila.araujo,"Muito bom ter 2FA, aumentou a seguranca.",2025-04-23 11:47:34,POSITIVA,FEEDBACK GERAL
NPS,rafael.araujo,As mensagens de erro nao explicam o que fazer.,2025-04-23 16:49:48,NEGATIVA,BUGS
CSAT,mariana.araujo,O tempo de resposta da API aumentou bastante.,2025-04-23 19:32:41,NEUTRA,API/AUTENTICACAO
NPS,ana.pereira,"O time de CS acompanhou ate a solucao, show.",2025-04-23 20:41:56,POSITIVA,FEEDBACK GERAL
CSAT,rafael.barbosa,"Estou com problema na cobranca, veio valor duplicado na fatura.",2025-04-24 02:32:27,NEGATIVA,FINANCEIRO
CSAT,thiago.martins,"Faltam campos no cadastro, isso atrapalha.",2025-04-24 07:20:13,NEUTRA,FEEDBACK GERAL
NPS,mariana.teixeira,"A navegacao esta confusa, nao acho as configuracoes.",2025-04-24 07:59:16,NEUTRA,FINANCEIRO
CSAT,camila.elias,Quero entender como funciona o calculo de impostos.,2025-04-24 12:13:03,NEUTRA,FEEDBACK GERAL
BuzzMonitor,mariana.barbosa,O suporte foi muito prestativo e claro.,2025-04-24 12:44:23,NEUTRA,SUPORTE/ATENDIMENTO
BuzzMonitor,gustavo.mendes,O filtro nao funciona e retorna resultados errados. Preciso de retorno urgente.,2025-04-24 23:04:58,NEGATIVA,FEEDBACK GERAL
BuzzMonitor,isabela.elias,"Nao tive mais desconexoes, otimo trabalho.",2025-04-24 23:37:10,POSITIVA,FEEDBACK GERAL
NPS,leonardo.mendes,"A tela de cadastro ficou redonda, sem bugs.",2025-04-25 06:21:47,NEGATIVA,BUGS
BuzzMonitor,vitor.correa,Depois do patch não ocorre mais duplicacao na importacao.,2025-04-25 14:02:48,NEUTRA,FEEDBACK GERAL
BOT,rafael.martins,Tem boas praticas para melhorar performance? Preciso de retorno urgente.,2025-04-25 14:34:46,NEUTRA,FEEDBACK GERAL
NPS,patricia.barbosa,A ferramenta esta ajudando muito nosso dia a dia.,2025-04-26 04:25:08,NEUTRA,FEEDBACK GERAL
BuzzMonitor,laura.nascimento,Nao consegui importar meus dados iniciais.,2025-04-26 11:31:55,NEUTRA,FEEDBACK GERAL
CSAT,beatriz.lima,O reset de senha falha e nao chega email.,2025-04-26 13:42:33,NEGATIVA,BUGS
NPS,rafael.nascimento,A busca demora demais e trava o navegador.,2025-04-26 13:58:07,NEGATIVA,INSTABILIDADE NA PLATAFORMA
NPS,mario.teixeira,O suporte foi muito prestativo e claro.,2025-04-26 14:36:35,NEUTRA,SUPORTE/ATENDIMENTO
BOT,camila.lima,Acho que a comunicacao de mudancas poderia melhorar.,2025-04-26 17:47:17,NEUTRA,FEEDBACK GERAL
CSAT,gustavo.carvalho,O boleto nao foi gerado e estou com pagamento em atraso por causa disso.,2025-04-27 01:40:24,NEUTRA,SUPORTE/ATENDIMENTO
BOT,beatriz.barbosa,O filtro nao funciona e retorna resultados errados.,2025-04-27 02:04:20,NEGATIVA,FEEDBACK GERAL
BuzzMonitor,gustavo.carvalho,A autenticacao em dois fatores nao funciona. Preciso de retorno urgente.,2025-04-27 04:19:10,NEGATIVA,API/AUTENTICACAO
BOT,lucas.ferreira,"A importacao esta levando horas, ficou impraticavel.",2025-04-27 07:44:13,NEUTRA,FEEDBACK GERAL
CSAT,lucas.correa,Parece que um usuario acessou dados que nao deveria. Preciso de retorno urgente.,2025-04-27 18:09:09,NEGATIVA,FEEDBACK GERAL
NPS,carla.oliveira,O fluxo de cadastro esta muito melhor.,2025-04-27 18:40:31,NEUTRA,FEEDBACK GERAL
BuzzMonitor,bruno.gomes,A integracao com o gateway de pagamento caiu.,2025-04-27 21:03:22,NEGATIVA,INSTABILIDADE NA PLATAFORMA
BOT,thiago.silva,"Obrigada por resolverem a instabilidade, melhorou muito.",2025-04-28 00:47:31,POSITIVA,FEEDBACK GERAL
CSAT,ana.elias,Como configuro 2FA para todos os usuarios? Ticket 47105.,2025-04-28 01:52:15,NEUTRA,SUPORTE/ATENDIMENTO
BuzzMonitor,juliana.correa,A experiencia de uso evoluiu muito.,2025-04-28 04:38:54,NEUTRA,FEEDBACK GERAL
CSAT,beatriz.martins,A integracao com o gateway de pagamento caiu.,2025-04-28 08:11:46,NEGATIVA,INSTABILIDADE NA PLATAFORMA
BuzzMonitor,vitor.gomes,"A equipe acompanhou a implantacao, foi tranquilo.",2025-04-28 08:16:45,NEUTRA,FEEDBACK GERAL
NPS,thiago.nascimento,A tela não e intuitiva e acaba atrapalhando.,2025-04-28 14:29:27,NEUTRA,FEEDBACK GERAL
BuzzMonitor,carla.mendes,Consigo abrir um chamado para esse comportamento?,2025-04-28 14:50:14,NEUTRA,SUPORTE/ATENDIMENTO
BuzzMonitor,diego.souza,Parabens pelas melhorias de seguranca. Preciso de retorno urgente.,2025-04-29 00:38:24,NEGATIVA,FEATURE REQUEST
CSAT,juliana.ribeiro,O menu mudou e agora ficou pior de usar.,2025-04-29 04:11:17,NEUTRA,FEEDBACK GERAL
BuzzMonitor,rafael.nascimento,Ficou travando e desconectando toda hora.,2025-04-29 04:48:36,NEGATIVA,INSTABILIDADE NA PLATAFORMA
NPS,patricia.martins,Nao consigo atualizar meus dados de pagamento no sistema.,2025-04-29 07:37:06,NEUTRA,FINANCEIRO
BOT,patricia.correa,A tela nao e intuitiva e acaba atrapalhando.,2025-04-29 08:23:43,NEUTRA,FEEDBACK GERAL
NPS,mariana.martins,Hoje o sistema esta super rapido e sem quedas.,2025-04-29 10:14:21,POSITIVA,API/AUTENTICACAO
BOT,lucas.barbosa,Importacao muito mais eficiente agora. Preciso de retorno urgente.,2025-04-29 16:08:12,NEGATIVA,FEEDBACK GERAL
NPS,patricia.almeida,Quando tento exportar CSV ele vem vazio. Ticket 60430.,2025-04-29 22:35:10,NEUTRA,SUPORTE/ATENDIMENTO
BuzzMonitor,carla.teixeira,Posso enviar logs para ajudar a investigar? Preciso de retorno urgente.,2025-04-30 03:31:45,NEGATIVA,FEEDBACK GERAL
BuzzMonitor,laura.oliveira,"A importacao esta levando horas, ficou impraticavel.",2025-04-30 04:30:21,NEUTRA,FEEDBACK GERAL
NPS,gustavo.ferreira,A disponibilidade melhorou bastante essa semana.,2025-04-30 15:32:03,NEUTRA,FEEDBACK GERAL
CSAT,bruno.teixeira,A experiencia poderia ser melhor em dispositivos moveis.,2025-04-30 17:10:33,NEUTRA,FEEDBACK GERAL
CSAT,fernanda.correa,A documentacao e bem completa.,2025-04-30 17:23:27,NEUTRA,TREINAMENTO/ONBOARDING
BOT,juliana.araujo,Tem trilha de treinamento para novos usuarios?,2025-04-30 22:40:40,NEUTRA,TREINAMENTO/ONBOARDING
CSAT,lucas.correa,Tem alguma previsao para corrigir a exportacao? Ticket 21848.,2025-05-01 02:38:17,NEUTRA,SUPORTE/ATENDIMENTO
NPS,thiago.rocha,O filtro nao funciona e retorna resultados errados.,2025-05-01 04:55:10,NEGATIVA,FEEDBACK GERAL
CSAT,rafael.nascimento,Depois do patch nao ocorre mais duplicacao na importacao. Preciso de retorno urgente.,2025-05-01 11:34:09,NEGATIVA,FEEDBACK GERAL
BuzzMonitor,leonardo.silva,A integracao com o ERP nao esta sincronizando.,2025-05-01 15:54:47,NEUTRA,FEEDBACK GERAL
BOT,lucas.barbosa,O botao de salvar não responde na tela de cadastro.,2025-05-01 20:13:36,NEUTRA,FEEDBACK GERAL
NPS,gustavo.dias,Preciso de auditoria e nao encontro logs completos. Preciso de retorno urgente.,2025-05-01 22:44:46,NEGATIVA,FEEDBACK GERAL
CSAT,mario.souza,"Gostei do controle de permissoes, bem completo.",2025-05-02 00:40:14,NEUTRA,FEEDBACK GERAL
CSAT,ana.souza,O menu mudou e agora ficou pior de usar. Preciso de retorno urgente.,2025-05-02 04:06:54,NEGATIVA,FEEDBACK GERAL
BuzzMonitor,beatriz.souza,O reset de senha falha e nao chega email.,2025-05-02 06:16:53,NEGATIVA,BUGS
CSAT,mariana.barbosa,"Estou vendo lentidao em alguns horarios, e esperado?",2025-05-02 12:38:40,NEUTRA,FEEDBACK GERAL
BuzzMonitor,camila.elias,Fui transferido varias vezes e nao resolveram.,2025-05-02 13:31:19,NEUTRA,FEEDBACK GERAL
CSAT,gustavo.nascimento,Depois do patch nao ocorre mais duplicacao na importacao.,2025-05-02 15:06:09,NEUTRA,FEEDBACK GERAL
BuzzMonitor,vitor.dias,Os tutoriais ajudaram muito a comecar.,2025-05-02 19:23:13,NEUTRA,FEEDBACK GERAL
BuzzMonitor,isabela.lima,"Faltam campos no cadastro, isso atrapalha.",2025-05-02 21:48:16,NEUTRA,FEEDBACK GERAL
BOT,fernanda.oliveira,A integracao com o gateway de pagamento caiu.,2025-05-03 01:18:16,NEGATIVA,INSTABILIDADE NA PLATAFORMA
NPS,lucas.almeida,"A tela de cadastro ficou redonda, sem bugs.",2025-05-03 01:27:06,NEGATIVA,BUGS
CSAT,leonardo.ferreira,Onde eu reporto um bug com print da tela?,2025-05-03 09:27:26,NEGATIVA,BUGS
NPS,diego.elias,Vocês tiveram alguma manutencao programada hoje?,2025-05-03 10:31:03,NEUTRA,FEEDBACK GERAL
CSAT,bruno.araujo,"A API esta bem documentada, consegui integrar rapido.",2025-05-03 14:25:52,POSITIVA,API/AUTENTICACAO
BOT,leonardo.correa,A documentacao e bem completa. Ticket 85550.,2025-05-03 15:56:12,NEUTRA,SUPORTE/ATENDIMENTO
CSAT,patricia.rocha,O bloqueio por IP facilitou nossa politica interna. Ticket 70372.,2025-05-03 16:38:45,NEUTRA,SUPORTE/ATENDIMENTO
BuzzMonitor,rafael.correa,"Boa, o erro de sincronizacao sumiu.",2025-05-03 21:54:25,NEUTRA,BUGS
BOT,camila.correa,Parabens pelas melhorias de seguranca.,2025-05-03 22:07:38,NEUTRA,FEATURE REQUEST
BuzzMonitor,mario.elias,Depois do patch nao ocorre mais duplicacao na importacao.,2025-05-04 07:02:37,NEUTRA,FEEDBACK GERAL
BOT,thiago.barbosa,A plataforma caiu agora e nao consigo acessar.,2025-05-04 07:19:35,NEGATIVA,INSTABILIDADE NA PLATAFORMA
BuzzMonitor,thiago.ribeiro,O sistema duplica registros ao importar. Preciso de retorno urgente.,2025-05-04 18:39:24,NEGATIVA,FEEDBACK GERAL
BuzzMonitor,beatriz.dias,As telas estao com lentidao em horario comercial.,2025-05-04 20:25:08,NEUTRA,FEEDBACK GERAL
CSAT,diego.ferreira,O menu mudou e agora ficou pior de usar. Preciso de retorno urgente.,2025-05-04 22:22:32,NEGATIVA,FEEDBACK GERAL
BuzzMonitor,fernanda.ribeiro,"Gostei do controle de permissoes, bem completo.",2025-05-05 01:00:56,NEUTRA,FEEDBACK GERAL
BOT,juliana.correa,Ficou travando e desconectando toda hora. Preciso de retorno urgente.,2025-05-05 02:07:47,NEGATIVA,INSTABILIDADE NA PLATAFORMA
NPS,joao.barbosa,"Boa, o erro de sincronizacao sumiu.",2025-05-05 02:46:26,NEUTRA,BUGS
BuzzMonitor,mario.carvalho,Acho que a comunicacao de mudancas poderia melhorar.,2025-05-05 03:17:18,NEUTRA,FEEDBACK GERAL
CSAT,isabela.lima,"Parabens, a nota fiscal saiu certinha e bem rapido.",2025-05-05 06:45:50,POSITIVA,API/AUTENTICACAO
BOT,mariana.almeida,Preciso de um relatorio de cobranca do mes.,2025-05-05 14:42:34,NEUTRA,FINANCEIRO
CSAT,joao.dias,Ficou travando e desconectando toda hora.,2025-05-05 17:54:27,NEGATIVA,INSTABILIDADE NA PLATAFORMA
BuzzMonitor,isabela.correa,Onde eu encontro o historico de faturas?,2025-05-05 19:42:57,NEUTRA,FINANCEIRO
BuzzMonitor,lucas.carvalho,"Gostei do conector com o ERP, poupou tempo. Ticket 23673.",2025-05-05 20:43:56,NEUTRA,SUPORTE/ATENDIMENTO
CSAT,carla.mendes,A exportacao para contabilidade funcionou de primeira.,2025-05-05 21:40:08,POSITIVA,FEEDBACK GERAL
BOT,fernanda.correa,A correcao do filtro resolveu meu problema. Preciso de retorno urgente.,2025-05-05 23:48:04,NEGATIVA,FEEDBACK GERAL
BuzzMonitor,vitor.dias,A disponibilidade melhorou bastante essa semana.,2025-05-06 02:17:59,NEUTRA,FEEDBACK GERAL
BOT,patricia.nascimento,Depois da ultima manutencao ficou bem mais estavel.,2025-05-06 09:15:51,NEUTRA,FEEDBACK GERAL
NPS,joao.teixeira,Qual o limite de requisicoes por minuto na API?,2025-05-06 09:19:16,NEUTRA,API/AUTENTICACAO
CSAT,leonardo.mendes,"O sistema esta fora do ar desde cedo, precisamos de retorno.",2025-05-06 17:42:45,NEGATIVA,INSTABILIDADE NA PLATAFORMA
CSAT,fernanda.almeida,Seria bom ter mais opcoes de personalizacao. Preciso de retorno urgente.,2025-05-06 17:46:07,NEUTRA,FEATURE REQUEST
CSAT,juliana.correa,Quando tento exportar CSV ele vem vazio.,2025-05-06 23:19:36,NEUTRA,FEEDBACK GERAL
BuzzMonitor,isabela.oliveira,As telas estao com lentidao em horario comercial. Preciso de retorno urgente.,2025-05-07 00:59:00,NEGATIVA,FEEDBACK GERAL
BOT,beatriz.souza,A documentacao e bem completa.,2025-05-07 02:20:57,NEUTRA,TREINAMENTO/ONBOARDING
BuzzMonitor,thiago.correa,Tem atalho para acessar relatorios mais rapido?,2025-05-07 02:33:49,POSITIVA,API/AUTENTICACAO
BOT,rafael.nascimento,A experiencia poderia ser melhor em dispositivos moveis.,2025-05-07 04:25:53,NEUTRA,FEEDBACK GERAL
NPS,laura.rocha,Hoje o sistema esta super rapido e sem quedas.,2025-05-07 06:56:52,POSITIVA,API/AUTENTICACAO
NPS,patricia.correa,"A performance melhorou muito, ta voando. Preciso de retorno urgente.",2025-05-07 16:24:36,NEGATIVA,FEEDBACK GERAL
BOT,juliana.ferreira,O webhooks estao falhando e nao recebo eventos.,2025-05-07 20:18:44,NEGATIVA,BUGS
NPS,juliana.silva,"Comecei a usar rapido, processo muito bom.",2025-05-08 06:12:16,POSITIVA,API/AUTENTICACAO
NPS,patricia.souza,As telas estao com lentidao em horario comercial. Ticket 47375.,2025-05-08 06:53:14,NEUTRA,SUPORTE/ATENDIMENTO
BOT,juliana.almeida,O atendimento foi rude e nao ajudou. Preciso de retorno urgente.,2025-05-08 12:24:26,NEGATIVA,SUPORTE/ATENDIMENTO
CSAT,patricia.lima,"Produto excelente, atende bem nossas necessidades. Ticket 50683.",2025-05-08 13:23:25,POSITIVA,SUPORTE/ATENDIMENTO
BuzzMonitor,thiago.gomes,"Nao tive mais desconexoes, otimo trabalho.",2025-05-08 14:23:49,POSITIVA,FEEDBACK GERAL
CSAT,isabela.ferreira,Onde eu reporto um bug com print da tela?,2025-05-08 16:24:12,NEGATIVA,BUGS
BuzzMonitor,leonardo.ribeiro,Tem como trocar a forma de pagamento para cartao?,2025-05-08 23:18:11,NEUTRA,FINANCEIRO
CSAT,mariana.ferreira,"Estou com problema na cobranca, veio valor duplicado na fatura.",2025-05-09 00:19:49,NEGATIVA,FINANCEIRO
BOT,isabela.correa,Recebi alerta de login suspeito e nao consegui bloquear.,2025-05-09 05:14:24,NEUTRA,FEEDBACK GERAL
CSAT,diego.ribeiro,O menu mudou e agora ficou pior de usar.,2025-05-09 06:12:07,NEUTRA,FEEDBACK GERAL
CSAT,patricia.mendes,O atendimento foi rude e nao ajudou.,2025-05-09 09:24:50,NEUTRA,SUPORTE/ATENDIMENTO
CSAT,bruno.araujo,O suporte demorou muito para responder meu chamado. Preciso de retorno urgente.,2025-05-09 12:23:45,NEGATIVA,SUPORTE/ATENDIMENTO
NPS,bruno.barbosa,Onde encontro a opcao para personalizar colunas? Preciso de retorno urgente.,2025-05-09 15:45:33,NEGATIVA,FEEDBACK GERAL
BOT,ana.almeida,A plataforma caiu agora e nao consigo acessar. Preciso de retorno urgente.,2025-05-09 17:53:03,NEGATIVA,INSTABILIDADE NA PLATAFORMA
NPS,leonardo.carvalho,Onde encontro a base de conhecimento?,2025-05-09 19:50:52,NEUTRA,FEEDBACK GERAL
BOT,vitor.pereira,Qual versao contem a correcao do problema?,2025-05-09 22:24:53,NEGATIVA,FEEDBACK GERAL
NPS,juliana.elias,A integracao com o gateway de pagamento caiu. Preciso de retorno urgente.,2025-05-10 11:53:00,NEGATIVA,INSTABILIDADE NA PLATAFORMA
BOT,isabela.almeida,Preciso de auditoria e nao encontro logs completos. Preciso de retorno urgente.,2025-05-10 12:36:25,NEGATIVA,FEEDBACK GERAL
CSAT,thiago.lima,Seria bom ter mais opcoes de personalizacao.,2025-05-10 22:17:25,POSITIVA,FEATURE REQUEST
CSAT,beatriz.barbosa,Preciso de auditoria e não encontro logs completos.,2025-05-10 22:46:05,NEUTRA,FEEDBACK GERAL
CSAT,ana.ferreira,"Obrigada por resolverem a instabilidade, melhorou muito.",2025-05-10 23:44:47,POSITIVA,FEEDBACK GERAL
BuzzMonitor,camila.souza,Os webhooks estao super estaveis agora. Preciso de retorno urgente.,2025-05-11 02:17:37,NEGATIVA,FEEDBACK GERAL
NPS,diego.ferreira,Quero entender como funciona o calculo de impostos.,2025-05-11 02:24:43,NEUTRA,FEEDBACK GERAL
BOT,leonardo.nascimento,O sistema duplica registros ao importar.,2025-05-11 04:13:35,NEUTRA,FEEDBACK GERAL
BOT,leonardo.mendes,"O processo de pagamento ficou mais simples, ajudou muito.",2025-05-11 10:19:33,NEUTRA,FINANCEIRO
NPS,beatriz.silva,Os logs de auditoria ajudaram bastante.,2025-05-11 13:46:53,NEUTRA,FEEDBACK GERAL
CSAT,patricia.teixeira,"Comecei a usar rapido, processo muito bom.",2025-05-11 14:23:26,POSITIVA,API/AUTENTICACAO
BOT,laura.ferreira,O sistema duplica registros ao importar.,2025-05-11 15:13:40,NEUTRA,FEEDBACK GERAL
BuzzMonitor,joao.martins,"Relatorios agora carregam rapido, excelente.",2025-05-11 15:26:37,POSITIVA,API/AUTENTICACAO
BOT,juliana.oliveira,A conciliacao bancaria ficou bem melhor nessa versao. Preciso de retorno urgente.,2025-05-11 22:09:17,NEGATIVA,FEEDBACK GERAL
NPS,fernanda.mendes,A integracao gera erro ao sincronizar e para no meio.,2025-05-12 00:12:31,NEGATIVA,BUGS
BuzzMonitor,beatriz.mendes,Preciso de auditoria e não encontro logs completos.,2025-05-12 03:45:55,NEUTRA,FEEDBACK GERAL
NPS,leonardo.almeida,Importacao muito mais eficiente agora.,2025-05-12 12:31:03,NEUTRA,FEEDBACK GERAL
CSAT,thiago.barbosa,"Nao carrega a tela inicial, fica em loading infinito. Ticket 13049.",2025-05-13 00:37:29,NEUTRA,SUPORTE/ATENDIMENTO
NPS,joao.barbosa,Recebi alerta de login suspeito e nao consegui bloquear.,2025-05-13 02:06:35,NEUTRA,FEEDBACK GERAL
NPS,bruno.araujo,Onde vejo o log de auditoria?,2025-05-13 07:38:12,NEUTRA,FEEDBACK GERAL
CSAT,bruno.almeida,Nao consigo atualizar meus dados de pagamento no sistema. Ticket 72084.,2025-05-13 13:20:01,NEUTRA,SUPORTE/ATENDIMENTO
CSAT,ana.araujo,Preciso de um relatorio de cobranca do mes. Ticket 30016.,2025-05-13 13:35:21,NEUTRA,SUPORTE/ATENDIMENTO
BuzzMonitor,isabela.ribeiro,Os dados do CRM estao vindo incompletos na integracao.,2025-05-13 15:40:47,NEUTRA,FEEDBACK GERAL
BuzzMonitor,rafael.rocha,"A performance melhorou muito, ta voando.",2025-05-13 18:51:31,NEUTRA,FEEDBACK GERAL
NPS,fernanda.lima,"Estou vendo lentidao em alguns horarios, e esperado?",2025-05-13 23:41:41,NEUTRA,FEEDBACK GERAL
BOT,leonardo.pereira,Os dados do CRM estao vindo incompletos na integracao.,2025-05-14 03:40:32,NEUTRA,FEEDBACK GERAL
CSAT,thiago.carvalho,Qual foi a causa da indisponibilidade de ontem?,2025-05-14 04:31:42,NEUTRA,FEEDBACK GERAL
CSAT,rafael.mendes,As telas estao com lentidao em horario comercial.,2025-05-14 05:42:48,NEUTRA,FEEDBACK GERAL
BuzzMonitor,mariana.barbosa,"A fatura veio com reajuste sem aviso, podem verificar?",2025-05-14 10:43:47,NEUTRA,FINANCEIRO
CSAT,rafael.oliveira,O bloqueio por IP facilitou nossa politica interna.,2025-05-14 16:18:09,NEUTRA,FEEDBACK GERAL
BuzzMonitor,thiago.carvalho,Qual o prazo para emitir nota fiscal?,2025-05-15 00:25:52,NEUTRA,FINANCEIRO
BOT,isabela.ferreira,Tem SSO com Azure AD?,2025-05-15 02:22:09,NEUTRA,FEEDBACK GERAL
BuzzMonitor,mario.silva,O onboarding foi confuso e faltou treinamento. Preciso de retorno urgente.,2025-05-15 02:54:55,NEUTRA,FINANCEIRO
NPS,carla.rocha,O fluxo de cadastro esta muito melhor.,2025-05-16 06:23:38,NEUTRA,FEEDBACK GERAL
CSAT,fernanda.silva,A API esta retornando 401 mesmo com token valido.,2025-05-16 10:09:17,NEGATIVA,API/AUTENTICACAO
NPS,joao.silva,Quero entender como funciona o calculo de impostos. Preciso de retorno urgente.,2025-05-16 16:28:18,NEGATIVA,FEEDBACK GERAL
NPS,fernanda.araujo,"Nao carrega a tela inicial, fica em loading infinito.",2025-05-16 16:40:17,NEUTRA,FINANCEIRO
NPS,fernanda.souza,"As dicas na tela ajudam bastante, parabens. Preciso de retorno urgente.",2025-05-17 02:43:16,NEGATIVA,FEEDBACK GERAL
BOT,thiago.elias,"As dicas na tela ajudam bastante, parabens. Preciso de retorno urgente.",2025-05-17 10:04:00,NEGATIVA,FEEDBACK GERAL
NPS,patricia.pereira,Qual versao contem a correcao do problema?,2025-05-17 10:51:58,NEGATIVA,FEEDBACK GERAL
NPS,fernanda.elias,"Faltam campos no cadastro, isso atrapalha.",2025-05-17 11:27:08,NEUTRA,FEEDBACK GERAL
CSAT,mariana.nascimento,O onboarding foi confuso e faltou treinamento.,2025-05-17 12:11:20,POSITIVA,FINANCEIRO
CSAT,mario.elias,Depois da ultima manutencao ficou bem mais estavel.,2025-05-17 12:22:13,NEUTRA,FEEDBACK GERAL
NPS,camila.ferreira,A integracao com o ERP nao esta sincronizando.,2025-05-17 15:32:19,NEUTRA,FEEDBACK GERAL
NPS,mariana.araujo,A experiencia de uso evoluiu muito.,2025-05-17 16:44:14,NEUTRA,FEEDBACK GERAL
CSAT,isabela.barbosa,"A tela de cadastro ficou redonda, sem bugs.",2025-05-17 17:58:10,NEGATIVA,BUGS
BuzzMonitor,bruno.lima,Qual politica de retencao de logs?,2025-05-17 19:05:39,NEUTRA,FEEDBACK GERAL
BuzzMonitor,beatriz.souza,Os webhooks estao super estaveis agora. Preciso de retorno urgente.,2025-05-18 07:12:44,NEGATIVA,FEEDBACK GERAL
BOT,bruno.almeida,"O processo de pagamento ficou mais simples, ajudou muito.",2025-05-18 18:09:14,NEUTRA,FINANCEIRO
CSAT,juliana.almeida,Os webhooks estao super estaveis agora.,2025-05-18 23:21:46,NEUTRA,FEEDBACK GERAL
CSAT,beatriz.ribeiro,O cancelamento foi cobrado mesmo depois de eu solicitar. Preciso de retorno urgente.,2025-05-19 15:53:24,NEGATIVA,FEEDBACK GERAL
NPS,diego.correa,Sinto falta de um relatorio mais completo.,2025-05-20 02:52:40,NEUTRA,FEEDBACK GERAL
BuzzMonitor,juliana.souza,Recebi alerta de login suspeito e nao consegui bloquear.,2025-05-20 04:34:59,NEUTRA,FEEDBACK GERAL
BOT,camila.correa,Importacao muito mais eficiente agora.,2025-05-20 06:23:02,NEUTRA,FEEDBACK GERAL
BOT,rafael.almeida,Existe cache para relatorios?,2025-05-20 12:19:44,NEUTRA,FEEDBACK GERAL
CSAT,beatriz.silva,As mensagens de erro não explicam o que fazer.,2025-05-20 12:24:09,NEGATIVA,BUGS
CSAT,rafael.nascimento,Qual o passo a passo recomendado para comecar?,2025-05-20 12:33:30,NEUTRA,FEEDBACK GERAL
CSAT,isabela.almeida,O botao de salvar nao responde na tela de cadastro.,2025-05-20 18:35:50,NEUTRA,FEEDBACK GERAL
BuzzMonitor,bruno.pereira,Existe modo escuro? Preciso de retorno urgente.,2025-05-20 18:40:27,NEGATIVA,FEEDBACK GERAL
BOT,juliana.correa,A autenticacao em dois fatores nao funciona.,2025-05-20 19:31:22,NEGATIVA,API/AUTENTICACAO
NPS,ana.ferreira,Como gero um token de API?,2025-05-21 09:09:42,NEUTRA,API/AUTENTICACAO
BuzzMonitor,leonardo.souza,Nao consegui importar meus dados iniciais.,2025-05-21 11:29:53,NEUTRA,FEEDBACK GERAL
NPS,juliana.elias,"O sistema esta fora do ar desde cedo, precisamos de retorno.",2025-05-21 11:50:34,NEGATIVA,INSTABILIDADE NA PLATAFORMA
NPS,juliana.teixeira,Parece que um usuario acessou dados que nao deveria.,2025-05-21 14:03:05,NEUTRA,FEEDBACK GERAL
BuzzMonitor,bruno.nascimento,"A performance melhorou muito, ta voando. Preciso de retorno urgente.",2025-05-21 15:29:17,NEGATIVA,FEEDBACK GERAL
CSAT,joao.araujo,"A navegacao esta confusa, nao acho as configuracoes.",2025-05-21 15:50:13,NEUTRA,FINANCEIRO
CSAT,camila.martins,"Evoluiram muito no ultimo trimestre, parabens.",2025-05-21 20:28:44,NEUTRA,FEEDBACK GERAL
CSAT,fernanda.teixeira,"Muito bom ter 2FA, aumentou a seguranca.",2025-05-21 23:13:33,POSITIVA,FEEDBACK GERAL
CSAT,beatriz.martins,Fiquei perdido na configuracao inicial.,2025-05-22 00:56:29,NEUTRA,FINANCEIRO
NPS,isabela.dias,"Gostei do layout, ficou facil achar as funcoes.",2025-05-22 01:02:00,NEUTRA,FEEDBACK GERAL
CSAT,isabela.carvalho,O menu mudou e agora ficou pior de usar.,2025-05-23 01:20:51,NEUTRA,FEEDBACK GERAL
BOT,joao.carvalho,O menu mudou e agora ficou pior de usar.,2025-05-23 02:02:21,NEUTRA,FEEDBACK GERAL
NPS,bruno.silva,"Faltam campos no cadastro, isso atrapalha.",2025-05-23 10:30:57,NEUTRA,FEEDBACK GERAL
BOT,camila.lima,Preciso de auditoria e não encontro logs completos. Preciso de retorno urgente.,2025-05-23 17:21:36,NEGATIVA,FEEDBACK GERAL
NPS,joao.mendes,"A importacao esta levando horas, ficou impraticavel.",2025-05-23 19:05:54,NEUTRA,FEEDBACK GERAL
BOT,camila.teixeira,Quando tento exportar CSV ele vem vazio.,2025-05-23 19:17:35,NEUTRA,FEEDBACK GERAL
CSAT,vitor.mendes,"Preciso atualizar o responsavel do contrato, com quem falo?",2025-05-24 00:12:30,NEUTRA,FEEDBACK GERAL
BuzzMonitor,ana.ribeiro,"Adorei as novas funcionalidades, muito util. Preciso de retorno urgente.",2025-05-24 01:17:19,NEGATIVA,FEEDBACK GERAL
BuzzMonitor,leonardo.araujo,Preciso de auditoria e nao encontro logs completos.,2025-05-24 01:20:37,NEUTRA,FEEDBACK GERAL
BuzzMonitor,camila.teixeira,Onde encontro a base de conhecimento? Preciso de retorno urgente.,2025-05-24 03:24:05,NEGATIVA,FEEDBACK GERAL
NPS,mario.rocha,A integracao com o ERP nao esta sincronizando.,2025-05-24 13:18:02,NEUTRA,FEEDBACK GERAL
BuzzMonitor,beatriz.nascimento,"Nao carrega a tela inicial, fica em loading infinito.",2025-05-24 21:58:15,NEUTRA,FINANCEIRO
BOT,joao.araujo,"A performance melhorou muito, ta voando.",2025-05-25 05:19:12,NEUTRA,FEEDBACK GERAL
BOT,mariana.silva,No geral estou bem satisfeito com a plataforma.,2025-05-25 08:31:57,NEUTRA,FEEDBACK GERAL
BuzzMonitor,fernanda.dias,Sinto falta de um relatorio mais completo.,2025-05-25 20:50:04,NEUTRA,FEEDBACK GERAL
BuzzMonitor,camila.pereira,"Gostei do conector com o ERP, poupou tempo.",2025-05-25 21:33:25,NEUTRA,FEEDBACK GERAL
BuzzMonitor,fernanda.oliveira,Estou recebendo erro 500 ao tentar salvar. Preciso de retorno urgente.,2025-05-25 22:19:41,NEGATIVA,INSTABILIDADE NA PLATAFORMA
BuzzMonitor,leonardo.araujo,Como configuro 2FA para todos os usuarios?,2025-05-25 23:25:49,NEUTRA,FINANCEIRO
BOT,fernanda.araujo,"O sistema esta fora do ar desde cedo, precisamos de retorno.",2025-05-26 05:07:46,NEGATIVA,INSTABILIDADE NA PLATAFORMA
BuzzMonitor,isabela.rocha,"Gostei do controle de permissoes, bem completo.",2025-05-26 16:37:20,NEUTRA,FEEDBACK GERAL
NPS,mario.dias,A disponibilidade melhorou bastante essa semana.,2025-05-26 17:37:27,NEUTRA,FEEDBACK GERAL
BuzzMonitor,vitor.pereira,As mensagens de erro nao explicam o que fazer.,2025-05-27 03:38:18,NEGATIVA,BUGS
BOT,thiago.barbosa,Parece que um usuario acessou dados que nao deveria. Preciso de retorno urgente.,2025-05-27 05:48:44,NEGATIVA,FEEDBACK GERAL
CSAT,thiago.carvalho,"A fatura veio com reajuste sem aviso, podem verificar?",2025-05-27 11:07:22,NEUTRA,FINANCEIRO
BOT,beatriz.barbosa,Consigo abrir um chamado para esse comportamento?,2025-05-27 11:44:32,NEUTRA,SUPORTE/ATENDIMENTO
BuzzMonitor,rafael.lima,Preciso de auditoria e nao encontro logs completos.,2025-05-27 20:02:05,NEUTRA,FEEDBACK GERAL
BuzzMonitor,rafael.rocha,"A fatura veio com reajuste sem aviso, podem verificar? Preciso de retorno urgente.",2025-05-28 01:06:33,NEGATIVA,FINANCEIRO
CSAT,isabela.oliveira,Acho que a comunicacao de mudancas poderia melhorar. Preciso de retorno urgente.,2025-05-28 04:57:21,NEGATIVA,FEEDBACK GERAL
BOT,juliana.elias,A experiencia poderia ser melhor em dispositivos moveis.,2025-05-28 07:06:46,NEUTRA,FEEDBACK GERAL
BuzzMonitor,leonardo.souza,Quando tento exportar CSV ele vem vazio.,2025-05-28 08:01:38,NEUTRA,FEEDBACK GERAL
BOT,patricia.elias,O sistema duplica registros ao importar. Preciso de retorno urgente. Ticket 37339.,2025-05-28 17:44:21,NEGATIVA,SUPORTE/ATENDIMENTO
BuzzMonitor,isabela.nascimento,Ficou travando e desconectando toda hora.,2025-05-28 18:14:16,NEGATIVA,INSTABILIDADE NA PLATAFORMA
NPS,patricia.almeida,"Evoluiram muito no ultimo trimestre, parabens.",2025-05-28 20:23:32,NEUTRA,FEEDBACK GERAL
BuzzMonitor,beatriz.oliveira,Como faço para salvar filtros como favoritos?,2025-05-28 23:50:20,NEUTRA,FEEDBACK GERAL
CSAT,fernanda.dias,Parabens pelas melhorias de seguranca. Preciso de retorno urgente.,2025-05-29 00:37:07,NEGATIVA,FEATURE REQUEST
CSAT,isabela.barbosa,A integracao suporta ambientes de teste?,2025-05-29 01:53:24,NEUTRA,FEEDBACK GERAL
CSAT,patricia.dias,A exportacao para contabilidade funcionou de primeira.,2025-05-29 12:45:41,POSITIVA,FEEDBACK GERAL
BuzzMonitor,thiago.correa,As telas estao com lentidao em horario comercial.,2025-05-30 02:45:55,NEUTRA,FEEDBACK GERAL
BuzzMonitor,patricia.correa,O reset de senha falha e nao chega email.,2025-05-30 03:35:58,NEGATIVA,BUGS
NPS,gustavo.barbosa,Depois da ultima manutencao ficou bem mais estavel.,2025-05-30 04:47:09,NEUTRA,FEEDBACK GERAL
CSAT,laura.dias,"Produto excelente, atende bem nossas necessidades.",2025-05-30 05:50:49,POSITIVA,FEEDBACK GERAL
BuzzMonitor,beatriz.souza,"Evoluiram muito no ultimo trimestre, parabens. Ticket 60146.",2025-05-30 09:19:16,NEUTRA,SUPORTE/ATENDIMENTO
CSAT,thiago.teixeira,O botao de salvar nao responde na tela de cadastro. Ticket 49707.,2025-05-30 11:32:27,NEUTRA,SUPORTE/ATENDIMENTO
NPS,mario.araujo,"A performance melhorou muito, ta voando.",2025-05-31 18:04:55,NEUTRA,FEEDBACK GERAL
BuzzMonitor,diego.rocha,"Faltam campos no cadastro, isso atrapalha.",2025-05-31 18:59:04,NEUTRA,FEEDBACK GERAL
BuzzMonitor,bruno.barbosa,Os logs de auditoria ajudaram bastante.,2025-05-31 20:37:58,NEUTRA,FEEDBACK GERAL
BuzzMonitor,camila.pereira,Quando tento exportar CSV ele vem vazio. Preciso de retorno urgente.,2025-06-01 01:40:35,NEGATIVA,FEEDBACK GERAL
BOT,lucas.teixeira,Parece que um usuario acessou dados que nao deveria.,2025-06-01 01:59:23,NEUTRA,FEEDBACK GERAL
CSAT,diego.mendes,A documentacao e bem completa.,2025-06-01 11:39:02,NEUTRA,TREINAMENTO/ONBOARDING
NPS,lucas.barbosa,No geral estou bem satisfeito com a plataforma.,2025-06-01 16:49:38,NEUTRA,FEEDBACK GERAL
NPS,diego.correa,Os tutoriais nao cobrem o que eu preciso.,2025-06-01 16:59:34,NEUTRA,FEEDBACK GERAL
CSAT,joao.silva,O onboarding foi excelente e bem guiado.,2025-06-01 19:07:04,POSITIVA,TREINAMENTO/ONBOARDING
NPS,isabela.barbosa,Tem SSO com Azure AD?,2025-06-01 20:37:42,NEUTRA,FEEDBACK GERAL
NPS,fernanda.rocha,A plataforma caiu agora e não consigo acessar.,2025-06-02 02:41:24,NEGATIVA,INSTABILIDADE NA PLATAFORMA
BuzzMonitor,patricia.almeida,"Gostei do controle de permissoes, bem completo.",2025-06-02 14:47:51,NEUTRA,FEEDBACK GERAL
CSAT,gustavo.teixeira,A ferramenta esta ajudando muito nosso dia a dia.,2025-06-02 18:45:07,NEUTRA,FEEDBACK GERAL
BuzzMonitor,patricia.ferreira,"O sistema esta fora do ar desde cedo, precisamos de retorno. Preciso de retorno urgente.",2025-06-02 20:45:52,NEGATIVA,INSTABILIDADE NA PLATAFORMA
BuzzMonitor,patricia.elias,O bloqueio por IP facilitou nossa politica interna. Preciso de retorno urgente.,2025-06-03 01:06:27,NEGATIVA,FEEDBACK GERAL
CSAT,juliana.martins,Vocês tem exemplo de payload para webhooks?,2025-06-03 06:12:26,NEUTRA,FEEDBACK GERAL
BuzzMonitor,patricia.nascimento,O onboarding foi excelente e bem guiado. Preciso de retorno urgente.,2025-06-03 06:50:27,POSITIVA,TREINAMENTO/ONBOARDING
BuzzMonitor,gustavo.martins,"Atendimento excelente, resolveram em minutos.",2025-06-03 07:55:11,POSITIVA,SUPORTE/ATENDIMENTO
NPS,gustavo.ribeiro,A tela nao e intuitiva e acaba atrapalhando.,2025-06-03 13:59:10,NEUTRA,FEEDBACK GERAL
CSAT,thiago.araujo,A tela nao e intuitiva e acaba atrapalhando.,2025-06-03 16:59:29,NEUTRA,FEEDBACK GERAL
BOT,vitor.correa,As mensagens de erro nao explicam o que fazer. Ticket 96275.,2025-06-03 17:10:36,NEGATIVA,BUGS
CSAT,laura.silva,Tem como trocar a forma de pagamento para cartao? Preciso de retorno urgente.,2025-06-03 21:15:57,NEGATIVA,FINANCEIRO
NPS,laura.carvalho,"Estou vendo lentidao em alguns horarios, e esperado?",2025-06-04 03:19:47,NEUTRA,FEEDBACK GERAL
BuzzMonitor,rafael.elias,A autenticacao em dois fatores nao funciona. Preciso de retorno urgente.,2025-06-04 04:07:24,NEGATIVA,API/AUTENTICACAO
NPS,vitor.teixeira,O cancelamento foi cobrado mesmo depois de eu solicitar.,2025-06-04 04:58:17,NEUTRA,FEEDBACK GERAL
BOT,joao.silva,Gostaria de entender o roadmap de funcionalidades.,2025-06-04 08:52:18,NEUTRA,FEATURE REQUEST
CSAT,leonardo.teixeira,"As dicas na tela ajudam bastante, parabens.",2025-06-04 17:22:29,NEUTRA,FEEDBACK GERAL
CSAT,vitor.silva,"As dicas na tela ajudam bastante, parabens.",2025-06-04 20:05:08,NEUTRA,FEEDBACK GERAL
NPS,thiago.oliveira,A experiencia poderia ser melhor em dispositivos moveis.,2025-06-04 20:34:15,NEUTRA,FEEDBACK GERAL
CSAT,laura.dias,O cancelamento foi cobrado mesmo depois de eu solicitar.,2025-06-04 22:52:39,NEUTRA,FEEDBACK GERAL
NPS,laura.dias,Qual foi a causa da indisponibilidade de ontem?,2025-06-05 08:49:25,NEUTRA,FEEDBACK GERAL
BuzzMonitor,patricia.mendes,O atendimento foi rude e nao ajudou. Preciso de retorno urgente. Ticket 65052.,2025-06-05 11:08:39,NEGATIVA,SUPORTE/ATENDIMENTO
BuzzMonitor,carla.pereira,Recebi alerta de login suspeito e nao consegui bloquear.,2025-06-05 15:09:49,NEUTRA,FEEDBACK GERAL
BuzzMonitor,leonardo.souza,O sistema duplica registros ao importar.,2025-06-05 16:10:59,NEUTRA,FEEDBACK GERAL
CSAT,bruno.teixeira,Fiquei perdido na configuracao inicial.,2025-06-05 16:24:20,NEUTRA,FINANCEIRO
NPS,carla.correa,Fui transferido varias vezes e nao resolveram.,2025-06-05 18:40:36,NEUTRA,FEEDBACK GERAL
BuzzMonitor,thiago.oliveira,Existe cache para relatorios?,2025-06-05 22:47:02,NEUTRA,FEEDBACK GERAL
NPS,carla.nascimento,"Faltam campos no cadastro, isso atrapalha. Ticket 15798.",2025-06-06 05:23:05,NEUTRA,SUPORTE/ATENDIMENTO
NPS,camila.martins,Como gero um token de API?,2025-06-06 11:59:22,NEUTRA,API/AUTENTICACAO
BuzzMonitor,joao.souza,Quero falar com um especialista em integracoes.,2025-06-06 12:14:23,NEUTRA,FEEDBACK GERAL
BuzzMonitor,isabela.correa,Parece que um usuario acessou dados que nao deveria.,2025-06-06 18:17:19,NEUTRA,FEEDBACK GERAL
CSAT,ana.araujo,Estou recebendo erro 500 ao tentar salvar. Preciso de retorno urgente.,2025-06-06 19:27:39,NEGATIVA,INSTABILIDADE NA PLATAFORMA
BOT,diego.oliveira,A experiencia poderia ser melhor em dispositivos moveis.,2025-06-06 20:58:32,NEUTRA,FEEDBACK GERAL
BuzzMonitor,ana.almeida,Onde vejo o log de auditoria?,2025-06-06 21:29:49,NEUTRA,FEEDBACK GERAL
BOT,ana.correa,"Obrigado por corrigirem o bug da exportacao, agora funciona.",2025-06-07 11:07:36,NEUTRA,BUGS
CSAT,rafael.elias,"Obrigada pela paciencia, problema resolvido.",2025-06-07 13:56:35,POSITIVA,FEEDBACK GERAL
BuzzMonitor,laura.martins,"Muito bom ter 2FA, aumentou a seguranca.",2025-06-07 20:11:04,POSITIVA,FEEDBACK GERAL
BuzzMonitor,fernanda.oliveira,A experiencia de uso evoluiu muito.,2025-06-08 01:31:49,NEUTRA,FEEDBACK GERAL
NPS,gustavo.carvalho,Parece que um usuario acessou dados que nao deveria.,2025-06-08 02:50:18,NEUTRA,FEEDBACK GERAL
CSAT,gustavo.gomes,Os tutoriais nao cobrem o que eu preciso.,2025-06-08 03:05:20,NEUTRA,FEEDBACK GERAL
CSAT,rafael.pereira,O fluxo de cadastro esta muito melhor.,2025-06-08 03:19:58,NEUTRA,FEEDBACK GERAL
CSAT,rafael.almeida,Quando tento exportar CSV ele vem vazio.,2025-06-08 11:14:50,NEUTRA,FEEDBACK GERAL
CSAT,gustavo.araujo,O bloqueio por IP facilitou nossa politica interna.,2025-06-08 18:00:24,NEUTRA,FEEDBACK GERAL
BOT,leonardo.almeida,Como configuro 2FA para todos os usuarios?,2025-06-08 18:42:44,NEUTRA,FINANCEIRO
CSAT,fernanda.nascimento,A integracao com o CRM funcionou sem dor de cabeca. Preciso de retorno urgente.,2025-06-08 22:45:53,NEUTRA,FEEDBACK GERAL
NPS,diego.barbosa,Consigo abrir um chamado para esse comportamento?,2025-06-09 08:12:55,NEUTRA,SUPORTE/ATENDIMENTO
CSAT,laura.souza,Tem alguma pagina de status para acompanhar?,2025-06-09 12:53:16,NEUTRA,FEEDBACK GERAL
NPS,bruno.teixeira,Acho que a comunicacao de mudancas poderia melhorar.,2025-06-09 13:00:50,NEUTRA,FEEDBACK GERAL
CSAT,mariana.barbosa,"A navegacao esta confusa, nao acho as configuracoes. Ticket 62879.",2025-06-10 03:16:25,NEUTRA,SUPORTE/ATENDIMENTO
NPS,carla.rocha,"Gostei do layout, ficou facil achar as funcoes.",2025-06-10 12:10:42,NEUTRA,FEEDBACK GERAL
CSAT,carla.ferreira,Recebi alerta de login suspeito e nao consegui bloquear.,2025-06-10 13:33:28,NEUTRA,FEEDBACK GERAL
NPS,diego.rocha,O atendente nao entendeu o problema e encerrou o ticket.,2025-06-11 03:05:12,NEGATIVA,BUGS
CSAT,beatriz.barbosa,"Muito bom ter 2FA, aumentou a seguranca.",2025-06-11 09:45:49,POSITIVA,FEEDBACK GERAL
BuzzMonitor,lucas.elias,Acho que a comunicacao de mudancas poderia melhorar.,2025-06-11 11:43:29,NEUTRA,FEEDBACK GERAL
CSAT,bruno.rocha,Onde encontro a base de conhecimento? Preciso de retorno urgente.,2025-06-11 15:01:22,NEGATIVA,FEEDBACK GERAL
BuzzMonitor,mariana.souza,"Comecei a usar rapido, processo muito bom. Ticket 19275.",2025-06-11 15:38:22,POSITIVA,API/AUTENTICACAO
NPS,thiago.dias,As mensagens de erro nao explicam o que fazer. Preciso de retorno urgente.,2025-06-11 16:18:42,NEGATIVA,BUGS
CSAT,juliana.ribeiro,Como abro um chamado para suporte tecnico?,2025-06-11 18:08:04,NEUTRA,SUPORTE/ATENDIMENTO
CSAT,juliana.nascimento,Os logs de auditoria ajudaram bastante.,2025-06-12 01:40:16,NEUTRA,FEEDBACK GERAL
BuzzMonitor,gustavo.ferreira,"O sistema esta fora do ar desde cedo, precisamos de retorno.",2025-06-12 05:07:59,NEGATIVA,INSTABILIDADE NA PLATAFORMA
CSAT,carla.ribeiro,O suporte demorou muito para responder meu chamado.,2025-06-12 10:16:15,NEUTRA,SUPORTE/ATENDIMENTO
NPS,laura.nascimento,Tem SSO com Azure AD? Preciso de retorno urgente.,2025-06-12 10:32:58,NEGATIVA,FEEDBACK GERAL
NPS,rafael.gomes,As mensagens de erro nao explicam o que fazer.,2025-06-12 23:45:41,NEGATIVA,BUGS
NPS,joao.dias,A API esta retornando 401 mesmo com token valido.,2025-06-13 04:01:17,NEGATIVA,API/AUTENTICACAO
BuzzMonitor,isabela.ribeiro,Qual o limite de requisicoes por minuto na API?,2025-06-13 13:18:55,NEUTRA,API/AUTENTICACAO
CSAT,laura.carvalho,Tem boas praticas para melhorar performance?,2025-06-13 19:36:52,POSITIVA,FEEDBACK GERAL
BuzzMonitor,patricia.teixeira,A disponibilidade melhorou bastante essa semana.,2025-06-13 23:42:14,NEUTRA,FEEDBACK GERAL
CSAT,camila.mendes,"Estou com problema na cobranca, veio valor duplicado na fatura.",2025-06-14 05:54:12,NEGATIVA,FINANCEIRO
BuzzMonitor,patricia.almeida,O sistema duplica registros ao importar.,2025-06-14 11:52:47,NEUTRA,FEEDBACK GERAL
CSAT,rafael.araujo,"A busca ficou instantanea, parabens.",2025-06-14 12:00:44,NEUTRA,FEEDBACK GERAL
NPS,patricia.martins,"Gostei do conector com o ERP, poupou tempo.",2025-06-14 23:43:48,NEUTRA,FEEDBACK GERAL
CSAT,ana.gomes,O boleto nao foi gerado e estou com pagamento em atraso por causa disso.,2025-06-15 01:30:00,NEUTRA,SUPORTE/ATENDIMENTO
CSAT,ana.nascimento,Tem alguma previsao para corrigir a exportacao?,2025-06-15 03:33:59,NEUTRA,FEEDBACK GERAL
BuzzMonitor,gustavo.araujo,"Gostei do layout, ficou facil achar as funcoes.",2025-06-15 11:33:42,NEUTRA,FEEDBACK GERAL
BuzzMonitor,juliana.almeida,"Boa, o erro de sincronizacao sumiu. Preciso de retorno urgente.",2025-06-15 13:25:54,NEGATIVA,BUGS
CSAT,lucas.elias,"A performance melhorou muito, ta voando.",2025-06-15 15:17:31,NEUTRA,FEEDBACK GERAL
CSAT,vitor.dias,"A API esta bem documentada, consegui integrar rapido.",2025-06-15 15:25:01,POSITIVA,API/AUTENTICACAO
BuzzMonitor,rafael.correa,"Estou com problema na cobranca, veio valor duplicado na fatura.",2025-06-16 01:02:50,NEGATIVA,FINANCEIRO
CSAT,carla.ribeiro,O cancelamento foi cobrado mesmo depois de eu solicitar.,2025-06-16 06:48:22,NEUTRA,FEEDBACK GERAL
BOT,laura.carvalho,Nao consegui importar meus dados iniciais.,2025-06-16 08:06:51,NEUTRA,FEEDBACK GERAL
BOT,joao.barbosa,Tem como trocar a forma de pagamento para cartao?,2025-06-16 13:40:08,NEUTRA,FINANCEIRO
CSAT,fernanda.dias,A integracao com o ERP nao esta sincronizando.,2025-06-16 19:43:21,NEUTRA,FEEDBACK GERAL
BuzzMonitor,vitor.elias,Existe controle de permissao por modulo? Preciso de retorno urgente.,2025-06-16 21:16:05,NEGATIVA,FEEDBACK GERAL
BuzzMonitor,mario.pereira,A experiencia de uso evoluiu muito.,2025-06-17 05:38:02,NEUTRA,FEEDBACK GERAL
NPS,camila.ribeiro,O botao de salvar nao responde na tela de cadastro.,2025-06-17 06:36:22,NEUTRA,FEEDBACK GERAL
NPS,ana.ferreira,O menu mudou e agora ficou pior de usar.,2025-06-17 07:33:47,NEUTRA,FEEDBACK GERAL
CSAT,beatriz.correa,"A API esta bem documentada, consegui integrar rapido.",2025-06-17 16:33:19,POSITIVA,API/AUTENTICACAO
BOT,bruno.silva,"Gostei do conector com o ERP, poupou tempo.",2025-06-17 17:55:56,NEUTRA,FEEDBACK GERAL
CSAT,juliana.teixeira,O atendimento foi rude e nao ajudou.,2025-06-17 21:49:42,NEUTRA,SUPORTE/ATENDIMENTO
NPS,isabela.gomes,Vocês recomendam qual navegador? Preciso de retorno urgente.,2025-06-17 22:16:28,NEGATIVA,FEEDBACK GERAL
CSAT,leonardo.oliveira,A integracao gera erro ao sincronizar e para no meio.,2025-06-18 00:17:40,NEGATIVA,BUGS
CSAT,gustavo.rocha,"Obrigada por resolverem a instabilidade, melhorou muito. Preciso de retorno urgente. Ticket 85220.",2025-06-18 05:18:36,NEUTRA,SUPORTE/ATENDIMENTO
BuzzMonitor,fernanda.correa,O sistema duplica registros ao importar.,2025-06-18 10:29:00,NEUTRA,FEEDBACK GERAL
BuzzMonitor,thiago.pereira,Depois da ultima manutencao ficou bem mais estavel.,2025-06-18 16:00:37,NEUTRA,FEEDBACK GERAL
BOT,mario.almeida,O suporte foi muito prestativo e claro. Ticket 88193.,2025-06-18 18:25:40,NEUTRA,SUPORTE/ATENDIMENTO
CSAT,gustavo.oliveira,O sistema esta muito lento para carregar relatorios.,2025-06-18 21:56:21,NEGATIVA,INSTABILIDADE NA PLATAFORMA
CSAT,camila.almeida,A exportacao para contabilidade funcionou de primeira.,2025-06-19 00:42:35,POSITIVA,FEEDBACK GERAL
CSAT,camila.carvalho,O atendimento foi rude e nao ajudou.,2025-06-19 05:43:14,NEUTRA,SUPORTE/ATENDIMENTO
BuzzMonitor,bruno.gomes,"Produto excelente, atende bem nossas necessidades.",2025-06-19 09:03:12,POSITIVA,FEEDBACK GERAL
NPS,joao.ferreira,"Gostei do conector com o ERP, poupou tempo.",2025-06-19 16:47:00,NEUTRA,FEEDBACK GERAL
CSAT,juliana.rocha,"A importacao esta levando horas, ficou impraticavel.",2025-06-19 20:26:56,NEUTRA,FEEDBACK GERAL
CSAT,gustavo.almeida,A nova interface ficou bem mais intuitiva.,2025-06-20 00:12:10,NEUTRA,FEEDBACK GERAL
CSAT,mariana.oliveira,"Obrigado por corrigirem o bug da exportacao, agora funciona.",2025-06-20 02:59:59,NEUTRA,BUGS
NPS,patricia.barbosa,A integracao com o ERP nao esta sincronizando.,2025-06-20 03:29:15,NEUTRA,FEEDBACK GERAL
NPS,rafael.carvalho,Estou recebendo erro 500 ao tentar salvar.,2025-06-20 10:20:23,NEGATIVA,INSTABILIDADE NA PLATAFORMA
NPS,beatriz.araujo,Qual o status do incidente da manha?,2025-06-20 10:34:47,NEUTRA,FEEDBACK GERAL
CSAT,joao.silva,Depois do patch nao ocorre mais duplicacao na importacao.,2025-06-20 13:12:24,NEUTRA,FEEDBACK GERAL
CSAT,rafael.dias,O boleto não foi gerado e estou com pagamento em atraso por causa disso.,2025-06-20 14:26:05,NEUTRA,SUPORTE/ATENDIMENTO
NPS,ana.ferreira,O suporte demorou muito para responder meu chamado.,2025-06-20 18:38:32,NEUTRA,SUPORTE/ATENDIMENTO
NPS,fernanda.ferreira,"Relatorios agora carregam rapido, excelente.",2025-06-20 21:00:01,POSITIVA,API/AUTENTICACAO
CSAT,beatriz.pereira,A experiencia poderia ser melhor em dispositivos moveis.,2025-06-20 21:31:27,NEUTRA,FEEDBACK GERAL
CSAT,vitor.mendes,Quando tento exportar CSV ele vem vazio.,2025-06-21 05:49:34,NEUTRA,FEEDBACK GERAL
BOT,vitor.rocha,"Estou com problema na cobranca, veio valor duplicado na fatura.",2025-06-21 06:46:38,NEGATIVA,FINANCEIRO
NPS,camila.silva,Parece que um usuario acessou dados que nao deveria.,2025-06-21 15:17:13,NEUTRA,FEEDBACK GERAL
BOT,patricia.rocha,O suporte demorou muito para responder meu chamado.,2025-06-21 19:14:39,NEUTRA,SUPORTE/ATENDIMENTO
CSAT,vitor.almeida,"Preciso atualizar o responsavel do contrato, com quem falo?",2025-06-21 20:44:05,NEUTRA,FEEDBACK GERAL
CSAT,rafael.pereira,Sinto falta de um relatorio mais completo.,2025-06-22 00:41:42,NEUTRA,FEEDBACK GERAL
CSAT,diego.rocha,"Evoluiram muito no ultimo trimestre, parabens.",2025-06-22 01:06:03,NEUTRA,FEEDBACK GERAL
CSAT,gustavo.rocha,A integracao com o CRM funcionou sem dor de cabeca.,2025-06-22 02:16:40,POSITIVA,FEEDBACK GERAL
CSAT,bruno.pereira,Onde eu encontro o historico de faturas?,2025-06-22 07:49:40,NEUTRA,FINANCEIRO
CSAT,vitor.correa,Acho que a comunicacao de mudancas poderia melhorar.,2025-06-22 09:48:50,NEUTRA,FEEDBACK GERAL
BuzzMonitor,laura.pereira,"Relatorios agora carregam rapido, excelente.",2025-06-22 11:37:12,POSITIVA,API/AUTENTICACAO
BOT,isabela.carvalho,Acho que a comunicacao de mudancas poderia melhorar.,2025-06-23 00:53:28,NEUTRA,FEEDBACK GERAL
BuzzMonitor,juliana.rocha,A plataforma caiu agora e nao consigo acessar.,2025-06-23 05:58:23,NEGATIVA,INSTABILIDADE NA PLATAFORMA
CSAT,gustavo.araujo,A integracao com o ERP nao esta sincronizando.,2025-06-23 05:59:07,NEUTRA,FEEDBACK GERAL
CSAT,isabela.almeida,"Relatorios agora carregam rapido, excelente.",2025-06-23 15:08:12,POSITIVA,API/AUTENTICACAO
BOT,bruno.silva,A plataforma caiu agora e nao consigo acessar.,2025-06-24 08:14:22,NEGATIVA,INSTABILIDADE NA PLATAFORMA
CSAT,beatriz.oliveira,O botao de salvar nao responde na tela de cadastro.,2025-06-24 15:34:52,NEUTRA,FEEDBACK GERAL
BOT,carla.lima,Seria bom ter mais opcoes de personalizacao.,2025-06-24 16:57:02,POSITIVA,FEATURE REQUEST
CSAT,isabela.teixeira,Sinto falta de um relatorio mais completo.,2025-06-24 19:22:50,NEUTRA,FEEDBACK GERAL
CSAT,rafael.teixeira,"Nao carrega a tela inicial, fica em loading infinito.",2025-06-25 04:47:45,NEUTRA,FINANCEIRO
BuzzMonitor,gustavo.nascimento,"Parabens, a nota fiscal saiu certinha e bem rapido.",2025-06-25 06:18:52,POSITIVA,API/AUTENTICACAO
CSAT,isabela.silva,Resposta rapida e com orientacao completa. Preciso de retorno urgente.,2025-06-25 10:23:27,NEGATIVA,API/AUTENTICACAO
CSAT,gustavo.barbosa,"As dicas na tela ajudam bastante, parabens. Preciso de retorno urgente.",2025-06-25 12:10:20,NEGATIVA,FEEDBACK GERAL
NPS,carla.ribeiro,"Faltam campos no cadastro, isso atrapalha.",2025-06-25 18:55:08,NEUTRA,FEEDBACK GERAL
BuzzMonitor,lucas.silva,Existe cache para relatorios? Preciso de retorno urgente.,2025-06-25 20:15:47,NEGATIVA,FEEDBACK GERAL
BuzzMonitor,beatriz.dias,Parece que um usuario acessou dados que nao deveria.,2025-06-26 00:23:48,NEUTRA,FEEDBACK GERAL
BuzzMonitor,joao.carvalho,O webhooks estao falhando e não recebo eventos. Preciso de retorno urgente.,2025-06-26 01:43:54,NEGATIVA,BUGS
BuzzMonitor,carla.teixeira,Nao consigo atualizar meus dados de pagamento no sistema.,2025-06-26 02:54:58,NEUTRA,FINANCEIRO
CSAT,isabela.carvalho,"Estou sem retorno ha dias, isso prejudica o trabalho.",2025-06-26 03:20:15,NEGATIVA,SUPORTE/ATENDIMENTO
NPS,carla.mendes,A exportacao para contabilidade funcionou de primeira.,2025-06-26 13:48:15,POSITIVA,FEEDBACK GERAL
CSAT,joao.dias,"Boa, o erro de sincronizacao sumiu.",2025-06-26 14:06:17,NEUTRA,BUGS
CSAT,isabela.pereira,Sinto falta de um relatorio mais completo.,2025-06-26 14:40:32,NEUTRA,FEEDBACK GERAL
BuzzMonitor,vitor.teixeira,"A navegacao esta confusa, não acho as configuracoes.",2025-06-26 14:54:46,NEUTRA,FINANCEIRO
CSAT,vitor.silva,Ficou travando e desconectando toda hora.,2025-06-26 16:53:24,NEGATIVA,INSTABILIDADE NA PLATAFORMA
BuzzMonitor,lucas.almeida,"Adorei as novas funcionalidades, muito util.",2025-06-26 19:11:13,NEUTRA,FEEDBACK GERAL
BuzzMonitor,mario.dias,O filtro nao funciona e retorna resultados errados. Preciso de retorno urgente.,2025-06-27 02:19:05,NEGATIVA,FEEDBACK GERAL
BuzzMonitor,ana.silva,"Estou vendo lentidao em alguns horarios, e esperado? Preciso de retorno urgente.",2025-06-27 07:03:26,NEGATIVA,FEEDBACK GERAL
BuzzMonitor,leonardo.lima,Os logs de auditoria ajudaram bastante.,2025-06-27 13:43:38,NEUTRA,FEEDBACK GERAL
CSAT,mario.ribeiro,O suporte demorou muito para responder meu chamado.,2025-06-27 14:32:39,NEUTRA,SUPORTE/ATENDIMENTO
BuzzMonitor,lucas.ferreira,O botao de salvar não responde na tela de cadastro. Preciso de retorno urgente.,2025-06-28 07:59:17,NEGATIVA,FEEDBACK GERAL
BuzzMonitor,mariana.silva,A integracao com o CRM funcionou sem dor de cabeca.,2025-06-28 15:43:52,POSITIVA,FEEDBACK GERAL
NPS,lucas.araujo,Fiquei perdido na configuracao inicial. Ticket 74175.,2025-06-28 17:50:51,NEUTRA,SUPORTE/ATENDIMENTO
BOT,rafael.teixeira,Qual politica de retencao de logs?,2025-06-28 18:57:27,NEUTRA,FEEDBACK GERAL
BuzzMonitor,rafael.ferreira,Fiquei perdido na configuracao inicial.,2025-06-28 21:58:37,NEUTRA,FINANCEIRO
CSAT,rafael.ferreira,"Obrigada pela paciencia, problema resolvido.",2025-06-29 01:50:36,POSITIVA,FEEDBACK GERAL
CSAT,carla.araujo,Posso reorganizar o menu?,2025-06-29 11:42:47,NEUTRA,FEEDBACK GERAL
CSAT,lucas.martins,"Nao carrega a tela inicial, fica em loading infinito.",2025-06-29 12:34:38,NEUTRA,FINANCEIRO
BOT,mario.dias,"Estou com problema na cobranca, veio valor duplicado na fatura.",2025-06-29 14:15:52,NEGATIVA,FINANCEIRO
CSAT,bruno.carvalho,"A fatura veio com reajuste sem aviso, podem verificar?",2025-06-29 16:35:14,NEUTRA,FINANCEIRO
BuzzMonitor,bruno.elias,Ficou travando e desconectando toda hora.,2025-06-30 09:55:07,NEGATIVA,INSTABILIDADE NA PLATAFORMA
CSAT,bruno.carvalho,Sinto falta de um relatorio mais completo.,2025-06-30 13:33:00,NEUTRA,FEEDBACK GERAL
BuzzMonitor,thiago.pereira,Qual o status do incidente da manha?,2025-06-30 22:17:38,NEUTRA,FEEDBACK GERAL
NPS,beatriz.araujo,O onboarding foi confuso e faltou treinamento.,2025-07-01 11:40:14,POSITIVA,FINANCEIRO
CSAT,lucas.gomes,"Obrigada por resolverem a instabilidade, melhorou muito.",2025-07-01 12:30:21,POSITIVA,FEEDBACK GERAL
BOT,juliana.gomes,Depois da ultima manutencao ficou bem mais estavel. Ticket 38329.,2025-07-01 19:28:40,NEUTRA,SUPORTE/ATENDIMENTO
CSAT,isabela.souza,"A importacao esta levando horas, ficou impraticavel. Preciso de retorno urgente.",2025-07-01 20:38:52,NEGATIVA,FEEDBACK GERAL
CSAT,camila.araujo,A tela nao e intuitiva e acaba atrapalhando.,2025-07-02 08:16:43,NEUTRA,FEEDBACK GERAL
BOT,gustavo.ferreira,Resposta rapida e com orientacao completa.,2025-07-02 11:53:46,NEUTRA,API/AUTENTICACAO
CSAT,gustavo.martins,A integracao gera erro ao sincronizar e para no meio.,2025-07-02 12:48:51,NEGATIVA,BUGS
BuzzMonitor,ana.souza,O fluxo de cadastro esta muito melhor.,2025-07-02 14:14:40,NEUTRA,FEEDBACK GERAL
BuzzMonitor,lucas.martins,"A performance melhorou muito, ta voando.",2025-07-02 19:22:03,NEUTRA,FEEDBACK GERAL
NPS,laura.martins,Vocês tiveram alguma manutencao programada hoje?,2025-07-02 21:24:29,NEUTRA,FEEDBACK GERAL
BuzzMonitor,diego.dias,"Evoluiram muito no ultimo trimestre, parabens.",2025-07-02 22:53:20,NEUTRA,FEEDBACK GERAL
BuzzMonitor,laura.correa,"Evoluiram muito no ultimo trimestre, parabens.",2025-07-03 01:53:30,NEUTRA,FEEDBACK GERAL
CSAT,ana.lima,A ferramenta esta ajudando muito nosso dia a dia. Preciso de retorno urgente.,2025-07-03 07:54:03,NEGATIVA,FEEDBACK GERAL
BuzzMonitor,bruno.mendes,"Preciso atualizar o responsavel do contrato, com quem falo?",2025-07-03 09:24:26,NEUTRA,FEEDBACK GERAL
BuzzMonitor,juliana.almeida,"Boa, o erro de sincronizacao sumiu. Preciso de retorno urgente.",2025-07-03 14:56:14,NEGATIVA,BUGS
BuzzMonitor,mariana.souza,"A navegacao esta confusa, nao acho as configuracoes.",2025-07-03 18:18:09,NEUTRA,FINANCEIRO
CSAT,rafael.souza,A conciliacao bancaria ficou bem melhor nessa versao.,2025-07-03 18:24:40,NEUTRA,FEEDBACK GERAL
NPS,thiago.oliveira,"A navegacao esta confusa, nao acho as configuracoes. Preciso de retorno urgente.",2025-07-03 19:06:42,NEGATIVA,FINANCEIRO
CSAT,leonardo.ferreira,A integracao com o gateway de pagamento caiu. Preciso de retorno urgente.,2025-07-03 21:30:55,NEGATIVA,INSTABILIDADE NA PLATAFORMA
BOT,ana.elias,A conciliacao bancaria ficou bem melhor nessa versao.,2025-07-03 21:54:32,NEUTRA,FEEDBACK GERAL
CSAT,juliana.souza,"A fatura veio com reajuste sem aviso, podem verificar? Preciso de retorno urgente. Ticket 83187.",2025-07-04 01:18:49,NEGATIVA,SUPORTE/ATENDIMENTO
BuzzMonitor,rafael.silva,Onde eu encontro o historico de faturas?,2025-07-04 05:50:53,NEUTRA,FINANCEIRO
CSAT,ana.mendes,Os logs de auditoria ajudaram bastante.,2025-07-04 09:57:40,NEUTRA,FEEDBACK GERAL
BuzzMonitor,carla.araujo,Como abro um chamado para suporte tecnico?,2025-07-04 13:10:46,NEUTRA,SUPORTE/ATENDIMENTO
NPS,carla.araujo,Seria bom ter mais opcoes de personalizacao.,2025-07-04 15:59:02,POSITIVA,FEATURE REQUEST
NPS,beatriz.nascimento,"A importacao esta levando horas, ficou impraticavel.",2025-07-04 16:56:24,NEUTRA,FEEDBACK GERAL
CSAT,carla.elias,Muitos cliques para fazer uma tarefa simples. Preciso de retorno urgente.,2025-07-04 17:44:46,NEGATIVA,FEEDBACK GERAL
CSAT,fernanda.mendes,A experiencia poderia ser melhor em dispositivos moveis.,2025-07-05 03:10:06,NEUTRA,FEEDBACK GERAL
BuzzMonitor,patricia.carvalho,"A importacao esta levando horas, ficou impraticavel. Preciso de retorno urgente.",2025-07-05 06:35:14,NEGATIVA,FEEDBACK GERAL
CSAT,isabela.souza,Tem alguma previsao para corrigir a exportacao?,2025-07-05 12:22:42,NEUTRA,FEEDBACK GERAL
CSAT,fernanda.barbosa,O sistema esta muito lento para carregar relatorios.,2025-07-06 11:51:43,NEGATIVA,INSTABILIDADE NA PLATAFORMA
NPS,juliana.mendes,"Gostei do novo painel financeiro, bem mais claro. Preciso de retorno urgente.",2025-07-06 13:52:14,NEGATIVA,FEEDBACK GERAL
BuzzMonitor,joao.correa,A exportacao para contabilidade funcionou de primeira. Preciso de retorno urgente.,2025-07-06 22:58:00,NEUTRA,FEEDBACK GERAL
CSAT,carla.lima,"As dicas na tela ajudam bastante, parabens.",2025-07-07 10:04:27,NEUTRA,FEEDBACK GERAL
CSAT,isabela.oliveira,Posso reorganizar o menu?,2025-07-07 12:12:51,NEUTRA,FEEDBACK GERAL
BOT,patricia.mendes,"A tela de cadastro ficou redonda, sem bugs.",2025-07-07 12:51:31,NEGATIVA,BUGS
CSAT,camila.oliveira,Tem alguma pagina de status para acompanhar?,2025-07-08 00:38:49,NEUTRA,FEEDBACK GERAL
BOT,leonardo.pereira,"O sistema esta fora do ar desde cedo, precisamos de retorno. Preciso de retorno urgente.",2025-07-08 00:48:20,NEGATIVA,INSTABILIDADE NA PLATAFORMA
BuzzMonitor,gustavo.dias,Ficou travando e desconectando toda hora. Preciso de retorno urgente.,2025-07-08 10:23:14,NEGATIVA,INSTABILIDADE NA PLATAFORMA
BuzzMonitor,beatriz.ribeiro,Vocês podem considerar um novo recurso?,2025-07-08 17:45:33,NEUTRA,TREINAMENTO/ONBOARDING
CSAT,camila.mendes,"Comecei a usar rapido, processo muito bom. Ticket 62386.",2025-07-08 18:47:21,POSITIVA,API/AUTENTICACAO
BOT,vitor.dias,"Gostei do novo painel financeiro, bem mais claro.",2025-07-08 20:35:53,NEUTRA,FEEDBACK GERAL
BuzzMonitor,camila.carvalho,A integracao com o CRM funcionou sem dor de cabeca.,2025-07-08 22:14:26,POSITIVA,FEEDBACK GERAL
BuzzMonitor,fernanda.mendes,Existe cache para relatorios?,2025-07-09 00:34:56,NEUTRA,FEEDBACK GERAL
NPS,beatriz.pereira,O boleto nao foi gerado e estou com pagamento em atraso por causa disso. Preciso de retorno urgente.,2025-07-09 01:04:46,NEGATIVA,SUPORTE/ATENDIMENTO
NPS,joao.pereira,Parece que um usuario acessou dados que nao deveria.,2025-07-09 12:54:15,NEUTRA,FEEDBACK GERAL
CSAT,gustavo.elias,Quero participar do beta de novas funcoes.,2025-07-09 17:24:26,NEUTRA,FEEDBACK GERAL
BuzzMonitor,gustavo.rocha,"Parabens, a nota fiscal saiu certinha e bem rapido.",2025-07-09 17:29:35,POSITIVA,API/AUTENTICACAO
CSAT,ana.lima,Nao consigo atualizar meus dados de pagamento no sistema.,2025-07-09 22:26:33,NEUTRA,FINANCEIRO
NPS,carla.oliveira,A integracao com o CRM funcionou sem dor de cabeca.,2025-07-09 23:26:08,POSITIVA,FEEDBACK GERAL
CSAT,laura.lima,Os tutoriais não cobrem o que eu preciso.,2025-07-09 23:47:57,NEUTRA,FEEDBACK GERAL
CSAT,bruno.ribeiro,O botao de salvar nao responde na tela de cadastro.,2025-07-10 02:05:09,NEUTRA,FEEDBACK GERAL
BuzzMonitor,carla.almeida,"A tela de cadastro ficou redonda, sem bugs.",2025-07-10 03:34:34,NEGATIVA,BUGS
CSAT,bruno.martins,"Adorei as novas funcionalidades, muito util.",2025-07-10 07:59:18,NEUTRA,FEEDBACK GERAL
BuzzMonitor,mariana.araujo,O botao de salvar nao responde na tela de cadastro.,2025-07-10 09:11:59,NEUTRA,FEEDBACK GERAL
BuzzMonitor,laura.carvalho,O filtro nao funciona e retorna resultados errados.,2025-07-10 11:51:19,NEGATIVA,FEEDBACK GERAL
CSAT,laura.nascimento,Os webhooks estao super estaveis agora. Preciso de retorno urgente.,2025-07-10 12:45:20,NEGATIVA,FEEDBACK GERAL
NPS,ana.silva,Os logs de auditoria ajudaram bastante.,2025-07-10 15:19:15,NEUTRA,FEEDBACK GERAL
CSAT,juliana.souza,"A performance melhorou muito, ta voando.",2025-07-10 16:03:19,NEUTRA,FEEDBACK GERAL
BOT,lucas.martins,"O sistema esta fora do ar desde cedo, precisamos de retorno.",2025-07-10 21:49:44,NEGATIVA,INSTABILIDADE NA PLATAFORMA
CSAT,rafael.carvalho,O sistema esta muito lento para carregar relatorios.,2025-07-11 00:42:52,NEGATIVA,INSTABILIDADE NA PLATAFORMA
CSAT,isabela.dias,Gostaria de entender o roadmap de funcionalidades.,2025-07-11 05:16:21,NEUTRA,FEATURE REQUEST
CSAT,juliana.souza,A tela nao e intuitiva e acaba atrapalhando.,2025-07-11 06:01:11,NEUTRA,FEEDBACK GERAL
NPS,gustavo.carvalho,"A API esta bem documentada, consegui integrar rapido. Preciso de retorno urgente.",2025-07-11 07:35:39,NEUTRA,API/AUTENTICACAO
CSAT,isabela.gomes,O tempo de resposta da API aumentou bastante.,2025-07-11 10:45:31,NEUTRA,API/AUTENTICACAO
NPS,camila.gomes,Fui transferido varias vezes e nao resolveram.,2025-07-11 16:50:12,NEUTRA,FEEDBACK GERAL
NPS,bruno.lima,Preciso de um relatorio de cobranca do mes.,2025-07-11 17:51:04,NEUTRA,FINANCEIRO
CSAT,diego.souza,A busca demora demais e trava o navegador.,2025-07-12 05:04:19,NEGATIVA,INSTABILIDADE NA PLATAFORMA
BOT,vitor.pereira,"A API esta bem documentada, consegui integrar rapido.",2025-07-12 07:20:03,POSITIVA,API/AUTENTICACAO
BOT,camila.araujo,Como gero um token de API?,2025-07-12 08:23:28,NEUTRA,API/AUTENTICACAO
CSAT,gustavo.almeida,O sistema duplica registros ao importar. Preciso de retorno urgente.,2025-07-12 13:04:42,NEGATIVA,FEEDBACK GERAL
CSAT,carla.souza,Depois da ultima manutencao ficou bem mais estavel.,2025-07-12 18:49:45,NEUTRA,FEEDBACK GERAL
BOT,fernanda.lima,Quando tento exportar CSV ele vem vazio.,2025-07-13 06:35:41,NEUTRA,FEEDBACK GERAL
CSAT,ana.correa,Fui transferido varias vezes e nao resolveram.,2025-07-13 10:03:04,NEUTRA,FEEDBACK GERAL
BOT,thiago.almeida,O tempo de resposta da API aumentou bastante.,2025-07-13 17:25:11,NEUTRA,API/AUTENTICACAO
BuzzMonitor,juliana.ribeiro,"Faltam campos no cadastro, isso atrapalha.",2025-07-13 17:50:46,NEUTRA,FEEDBACK GERAL
BOT,lucas.correa,O suporte foi muito prestativo e claro.,2025-07-13 19:00:39,NEUTRA,SUPORTE/ATENDIMENTO
CSAT,laura.oliveira,A ferramenta esta ajudando muito nosso dia a dia.,2025-07-14 00:23:09,NEUTRA,FEEDBACK GERAL
NPS,diego.lima,"O sistema esta fora do ar desde cedo, precisamos de retorno.",2025-07-14 01:22:19,NEGATIVA,INSTABILIDADE NA PLATAFORMA
CSAT,gustavo.dias,O boleto não foi gerado e estou com pagamento em atraso por causa disso.,2025-07-14 03:17:25,NEUTRA,SUPORTE/ATENDIMENTO
CSAT,camila.lima,O sistema esta muito lento para carregar relatorios.,2025-07-14 09:48:02,NEGATIVA,INSTABILIDADE NA PLATAFORMA
BuzzMonitor,joao.araujo,Qual o prazo para emitir nota fiscal?,2025-07-14 10:21:59,NEUTRA,FINANCEIRO
BuzzMonitor,leonardo.almeida,O menu mudou e agora ficou pior de usar.,2025-07-14 10:24:13,NEUTRA,FEEDBACK GERAL
CSAT,fernanda.elias,A tela nao e intuitiva e acaba atrapalhando.,2025-07-14 16:00:08,NEUTRA,FEEDBACK GERAL
NPS,thiago.rocha,"Gostei do novo painel financeiro, bem mais claro. Preciso de retorno urgente.",2025-07-14 17:14:03,NEGATIVA,FEEDBACK GERAL
CSAT,patricia.martins,"Nao carrega a tela inicial, fica em loading infinito. Preciso de retorno urgente.",2025-07-15 00:45:13,NEGATIVA,FINANCEIRO
NPS,camila.elias,Quero participar do beta de novas funcoes.,2025-07-15 00:59:33,NEUTRA,FEEDBACK GERAL
BOT,thiago.rocha,No geral estou bem satisfeito com a plataforma.,2025-07-15 03:24:30,NEUTRA,FEEDBACK GERAL
CSAT,gustavo.elias,O suporte demorou muito para responder meu chamado. Ticket 32751.,2025-07-15 11:03:12,NEUTRA,SUPORTE/ATENDIMENTO
NPS,diego.carvalho,Importacao muito mais eficiente agora.,2025-07-15 19:36:09,NEUTRA,FEEDBACK GERAL
NPS,vitor.ferreira,"Gostei do controle de permissoes, bem completo.",2025-07-15 20:00:58,NEUTRA,FEEDBACK GERAL
BOT,juliana.araujo,A API esta retornando 401 mesmo com token valido.,2025-07-16 06:55:41,NEGATIVA,API/AUTENTICACAO
BuzzMonitor,ana.oliveira,"Faltam campos no cadastro, isso atrapalha. Preciso de retorno urgente.",2025-07-16 07:01:25,NEGATIVA,FEEDBACK GERAL
NPS,fernanda.mendes,Preciso de auditoria e nao encontro logs completos. Ticket 61543.,2025-07-16 07:05:01,NEUTRA,SUPORTE/ATENDIMENTO
BuzzMonitor,juliana.ribeiro,"Gostei do novo painel financeiro, bem mais claro.",2025-07-16 10:48:16,NEUTRA,FEEDBACK GERAL
NPS,thiago.mendes,O reset de senha falha e nao chega email.,2025-07-16 18:38:49,NEGATIVA,BUGS
NPS,mariana.araujo,A nova interface ficou bem mais intuitiva.,2025-07-16 19:40:27,NEUTRA,FEEDBACK GERAL
BOT,mariana.nascimento,A tela nao e intuitiva e acaba atrapalhando.,2025-07-16 20:44:43,NEUTRA,FEEDBACK GERAL
BOT,joao.souza,"Obrigada por resolverem a instabilidade, melhorou muito.",2025-07-16 22:38:27,POSITIVA,FEEDBACK GERAL
CSAT,mario.araujo,No geral estou bem satisfeito com a plataforma.,2025-07-17 10:00:21,NEUTRA,FEEDBACK GERAL
BuzzMonitor,lucas.oliveira,Recebi alerta de login suspeito e nao consegui bloquear.,2025-07-17 10:23:48,NEUTRA,FEEDBACK GERAL
BOT,lucas.almeida,A correcao do filtro resolveu meu problema. Ticket 66333.,2025-07-17 16:55:49,NEGATIVA,SUPORTE/ATENDIMENTO
CSAT,leonardo.dias,O atendimento foi rude e não ajudou. Preciso de retorno urgente. Ticket 24107.,2025-07-18 07:37:03,NEGATIVA,SUPORTE/ATENDIMENTO
CSAT,beatriz.correa,As telas estao com lentidao em horario comercial.,2025-07-18 09:11:44,NEUTRA,FEEDBACK GERAL
BuzzMonitor,vitor.souza,O bloqueio por IP facilitou nossa politica interna.,2025-07-18 13:42:18,NEUTRA,FEEDBACK GERAL
CSAT,camila.elias,"Estou com problema na cobranca, veio valor duplicado na fatura. Preciso de retorno urgente.",2025-07-19 02:10:38,NEGATIVA,FINANCEIRO
BuzzMonitor,vitor.gomes,O sistema esta muito lento para carregar relatorios.,2025-07-19 14:08:59,NEGATIVA,INSTABILIDADE NA PLATAFORMA
NPS,ana.pereira,Fui transferido varias vezes e nao resolveram.,2025-07-20 03:43:03,NEUTRA,FEEDBACK GERAL
CSAT,joao.ribeiro,Preciso de um relatorio de cobranca do mes.,2025-07-20 12:16:19,NEUTRA,FINANCEIRO
CSAT,fernanda.gomes,O webhooks estao falhando e nao recebo eventos.,2025-07-20 13:48:53,NEGATIVA,BUGS
BuzzMonitor,carla.martins,As mensagens de erro não explicam o que fazer.,2025-07-20 13:56:50,NEGATIVA,BUGS
BOT,thiago.rocha,Vocês recomendam qual navegador? Preciso de retorno urgente.,2025-07-20 18:46:00,NEGATIVA,FEEDBACK GERAL
CSAT,rafael.souza,A autenticacao em dois fatores nao funciona. Ticket 25112.,2025-07-20 19:04:01,NEGATIVA,API/AUTENTICACAO
NPS,gustavo.barbosa,A integracao com o ERP nao esta sincronizando.,2025-07-21 00:28:08,NEUTRA,FEEDBACK GERAL
NPS,mario.lima,Os logs de auditoria ajudaram bastante. Ticket 13019.,2025-07-21 04:03:45,NEUTRA,SUPORTE/ATENDIMENTO
CSAT,vitor.souza,Existe modo escuro?,2025-07-21 10:09:32,NEUTRA,FEEDBACK GERAL
BuzzMonitor,vitor.ferreira,"A API esta bem documentada, consegui integrar rapido. Preciso de retorno urgente.",2025-07-21 11:32:44,NEUTRA,API/AUTENTICACAO
BuzzMonitor,thiago.correa,"Evoluiram muito no ultimo trimestre, parabens.",2025-07-21 13:05:36,NEUTRA,FEEDBACK GERAL
CSAT,mario.carvalho,"Estou com problema na cobranca, veio valor duplicado na fatura. Preciso de retorno urgente.",2025-07-21 19:12:50,NEGATIVA,FINANCEIRO
CSAT,juliana.almeida,Tem boas praticas para melhorar performance?,2025-07-21 19:43:20,POSITIVA,FEEDBACK GERAL
NPS,joao.souza,O suporte demorou muito para responder meu chamado.,2025-07-21 19:46:15,NEUTRA,SUPORTE/ATENDIMENTO
BuzzMonitor,diego.rocha,O atendimento foi rude e nao ajudou.,2025-07-21 22:16:30,NEUTRA,SUPORTE/ATENDIMENTO
CSAT,camila.teixeira,"Nao carrega a tela inicial, fica em loading infinito.",2025-07-22 01:52:58,NEUTRA,FINANCEIRO
BuzzMonitor,carla.lima,Qual o SLA de atendimento para meu plano?,2025-07-22 05:09:37,NEUTRA,SUPORTE/ATENDIMENTO
CSAT,patricia.almeida,Fiquei perdido na configuracao inicial. Preciso de retorno urgente.,2025-07-23 00:38:22,NEGATIVA,FINANCEIRO
CSAT,thiago.carvalho,Como gero um token de API?,2025-07-23 03:31:22,NEUTRA,API/AUTENTICACAO
NPS,fernanda.correa,A documentacao e bem completa.,2025-07-23 06:59:56,NEUTRA,TREINAMENTO/ONBOARDING
CSAT,leonardo.oliveira,Os tutoriais nao cobrem o que eu preciso.,2025-07-23 07:05:52,NEUTRA,FEEDBACK GERAL
NPS,isabela.gomes,A exportacao para contabilidade funcionou de primeira. Ticket 35551.,2025-07-23 07:23:38,POSITIVA,SUPORTE/ATENDIMENTO
NPS,gustavo.oliveira,Ficou travando e desconectando toda hora.,2025-07-23 11:41:05,NEGATIVA,INSTABILIDADE NA PLATAFORMA
CSAT,laura.ribeiro,"A navegacao esta confusa, nao acho as configuracoes.",2025-07-23 12:41:03,NEUTRA,FINANCEIRO
CSAT,mario.lima,A autenticacao em dois fatores nao funciona.,2025-07-23 12:49:49,NEGATIVA,API/AUTENTICACAO
BuzzMonitor,vitor.carvalho,Seria bom ter mais opcoes de personalizacao. Ticket 64767.,2025-07-23 21:00:01,POSITIVA,SUPORTE/ATENDIMENTO
BOT,mariana.silva,A integracao gera erro ao sincronizar e para no meio.,2025-07-24 01:48:07,NEGATIVA,BUGS
BuzzMonitor,bruno.araujo,Preciso de um relatorio de cobranca do mes.,2025-07-24 03:26:21,NEUTRA,FINANCEIRO
NPS,laura.oliveira,Quero participar do beta de novas funcoes.,2025-07-24 05:00:52,NEUTRA,FEEDBACK GERAL
CSAT,patricia.rocha,A ferramenta esta ajudando muito nosso dia a dia.,2025-07-24 06:18:56,NEUTRA,FEEDBACK GERAL
CSAT,lucas.araujo,Vocês tiveram alguma manutencao programada hoje?,2025-07-24 08:27:54,NEUTRA,FEEDBACK GERAL
NPS,joao.dias,Nao consigo atualizar meus dados de pagamento no sistema.,2025-07-24 13:55:55,NEUTRA,FINANCEIRO
BuzzMonitor,juliana.barbosa,O atendente nao entendeu o problema e encerrou o ticket.,2025-07-24 14:32:37,NEGATIVA,BUGS
NPS,leonardo.almeida,"As dicas na tela ajudam bastante, parabens. Preciso de retorno urgente.",2025-07-24 15:22:54,NEGATIVA,FEEDBACK GERAL
BOT,lucas.oliveira,Tem webinar de introducao?,2025-07-24 20:16:53,NEUTRA,FEEDBACK GERAL
CSAT,joao.teixeira,Tem alguma previsao para corrigir a exportacao?,2025-07-24 22:16:34,NEUTRA,FEEDBACK GERAL
BuzzMonitor,isabela.souza,Muitos cliques para fazer uma tarefa simples.,2025-07-25 02:45:24,NEUTRA,FEEDBACK GERAL
BuzzMonitor,ana.ribeiro,O tempo de resposta da API aumentou bastante. Preciso de retorno urgente.,2025-07-25 03:59:13,NEGATIVA,API/AUTENTICACAO
BOT,diego.carvalho,Nao consigo atualizar meus dados de pagamento no sistema.,2025-07-25 06:58:59,NEUTRA,FINANCEIRO
CSAT,laura.ribeiro,O bloqueio por IP facilitou nossa politica interna. Preciso de retorno urgente.,2025-07-25 09:08:03,NEGATIVA,FEEDBACK GERAL
BuzzMonitor,fernanda.nascimento,A ferramenta esta ajudando muito nosso dia a dia.,2025-07-25 09:38:25,NEUTRA,FEEDBACK GERAL
BuzzMonitor,patricia.lima,A API esta retornando 401 mesmo com token valido. Preciso de retorno urgente.,2025-07-25 11:32:14,NEGATIVA,API/AUTENTICACAO
BOT,mario.ferreira,"Faltam campos no cadastro, isso atrapalha.",2025-07-25 18:13:44,NEUTRA,FEEDBACK GERAL
BOT,isabela.lima,Vocês tem exemplo de payload para webhooks?,2025-07-25 20:46:30,NEUTRA,FEEDBACK GERAL
NPS,laura.souza,"Obrigada pela paciencia, problema resolvido.",2025-07-25 21:48:46,POSITIVA,FEEDBACK GERAL
BOT,juliana.gomes,Existe modo escuro?,2025-07-26 00:36:29,NEUTRA,FEEDBACK GERAL
BuzzMonitor,juliana.elias,"O processo de pagamento ficou mais simples, ajudou muito.",2025-07-26 01:11:31,NEUTRA,FINANCEIRO
BOT,beatriz.ribeiro,A integracao com o CRM funcionou sem dor de cabeca.,2025-07-26 04:33:03,POSITIVA,FEEDBACK GERAL
BuzzMonitor,rafael.mendes,A correcao do filtro resolveu meu problema.,2025-07-26 04:41:14,NEGATIVA,FEEDBACK GERAL
CSAT,bruno.martins,A integracao com o CRM funcionou sem dor de cabeca.,2025-07-26 04:55:39,POSITIVA,FEEDBACK GERAL
BOT,laura.souza,O onboarding foi excelente e bem guiado.,2025-07-26 05:52:19,POSITIVA,TREINAMENTO/ONBOARDING
NPS,fernanda.nascimento,O filtro nao funciona e retorna resultados errados.,2025-07-26 17:12:59,NEGATIVA,FEEDBACK GERAL
CSAT,mario.martins,Qual versao contem a correcao do problema? Ticket 98479.,2025-07-26 17:23:04,NEGATIVA,SUPORTE/ATENDIMENTO
BuzzMonitor,diego.rocha,"Gostei do novo painel financeiro, bem mais claro.",2025-07-26 19:01:17,NEUTRA,FEEDBACK GERAL
NPS,gustavo.carvalho,"Relatorios agora carregam rapido, excelente.",2025-07-26 20:48:15,POSITIVA,API/AUTENTICACAO
BuzzMonitor,camila.souza,"Gostei do novo painel financeiro, bem mais claro.",2025-07-27 01:49:14,NEUTRA,FEEDBACK GERAL
NPS,laura.souza,"Estou sem retorno ha dias, isso prejudica o trabalho. Ticket 30489.",2025-07-27 04:16:47,NEGATIVA,SUPORTE/ATENDIMENTO
NPS,lucas.nascimento,Depois da ultima manutencao ficou bem mais estavel.,2025-07-27 08:48:20,NEUTRA,FEEDBACK GERAL
CSAT,patricia.souza,Posso enviar logs para ajudar a investigar?,2025-07-27 11:47:12,NEUTRA,FEEDBACK GERAL
BuzzMonitor,rafael.rocha,O suporte demorou muito para responder meu chamado.,2025-07-27 14:47:09,NEUTRA,SUPORTE/ATENDIMENTO
CSAT,camila.ferreira,Como abro um chamado para suporte tecnico?,2025-07-27 23:16:49,NEUTRA,SUPORTE/ATENDIMENTO
BOT,juliana.dias,A documentacao e bem completa. Preciso de retorno urgente.,2025-07-28 04:23:00,NEGATIVA,TREINAMENTO/ONBOARDING
BuzzMonitor,joao.correa,A experiencia de uso evoluiu muito.,2025-07-28 06:01:32,NEUTRA,FEEDBACK GERAL
NPS,carla.silva,A API esta retornando 401 mesmo com token valido.,2025-07-28 06:32:43,NEGATIVA,API/AUTENTICACAO
BOT,bruno.mendes,A plataforma caiu agora e nao consigo acessar.,2025-07-28 20:01:14,NEGATIVA,INSTABILIDADE NA PLATAFORMA
BuzzMonitor,patricia.souza,O botao de salvar nao responde na tela de cadastro.,2025-07-29 01:05:26,NEUTRA,FEEDBACK GERAL
CSAT,beatriz.carvalho,"Comecei a usar rapido, processo muito bom.",2025-07-29 03:56:05,POSITIVA,API/AUTENTICACAO
NPS,carla.lima,O onboarding foi excelente e bem guiado.,2025-07-29 04:17:02,POSITIVA,TREINAMENTO/ONBOARDING
CSAT,laura.gomes,"A API esta bem documentada, consegui integrar rapido.",2025-07-29 05:54:27,POSITIVA,API/AUTENTICACAO
NPS,isabela.mendes,Os dados do CRM estao vindo incompletos na integracao. Ticket 33565.,2025-07-29 08:04:50,NEUTRA,SUPORTE/ATENDIMENTO
BuzzMonitor,mariana.barbosa,Os logs de auditoria ajudaram bastante.,2025-07-29 10:31:28,NEUTRA,FEEDBACK GERAL
NPS,mariana.mendes,"Gostei do conector com o ERP, poupou tempo.",2025-07-29 18:21:52,NEUTRA,FEEDBACK GERAL
NPS,patricia.martins,A API esta retornando 401 mesmo com token valido.,2025-07-29 20:36:18,NEGATIVA,API/AUTENTICACAO
BOT,bruno.carvalho,Os tutoriais ajudaram muito a comecar.,2025-07-29 22:32:37,NEUTRA,FEEDBACK GERAL
NPS,diego.souza,Qual o passo a passo recomendado para comecar?,2025-07-30 02:26:01,NEUTRA,FEEDBACK GERAL
BOT,diego.teixeira,A API esta retornando 401 mesmo com token valido.,2025-07-30 02:38:05,NEGATIVA,API/AUTENTICACAO
BOT,leonardo.almeida,Fiquei perdido na configuracao inicial.,2025-07-30 04:54:14,NEUTRA,FINANCEIRO
BOT,laura.teixeira,"Obrigado por corrigirem o bug da exportacao, agora funciona.",2025-07-30 08:08:00,NEUTRA,BUGS
CSAT,isabela.mendes,O filtro nao funciona e retorna resultados errados.,2025-07-30 13:37:32,NEGATIVA,FEEDBACK GERAL
BuzzMonitor,diego.almeida,O sistema duplica registros ao importar.,2025-07-30 18:55:00,NEUTRA,FEEDBACK GERAL
BOT,thiago.dias,Quando tento exportar CSV ele vem vazio.,2025-07-31 07:12:41,NEUTRA,FEEDBACK GERAL
CSAT,leonardo.ribeiro,Recebi alerta de login suspeito e nao consegui bloquear.,2025-07-31 11:16:25,NEUTRA,FEEDBACK GERAL
NPS,juliana.silva,O atendente nao entendeu o problema e encerrou o ticket. Preciso de retorno urgente.,2025-07-31 11:57:13,NEGATIVA,BUGS
CSAT,mariana.nascimento,A API esta bem mais rapida nessa versao.,2025-07-31 21:14:33,NEUTRA,API/AUTENTICACAO
NPS,isabela.gomes,O atendente nao entendeu o problema e encerrou o ticket. Preciso de retorno urgente.,2025-07-31 23:30:38,NEGATIVA,BUGS
BuzzMonitor,gustavo.correa,Depois da ultima manutencao ficou bem mais estavel.,2025-08-01 01:53:33,NEUTRA,FEEDBACK GERAL
CSAT,mario.oliveira,Muitos cliques para fazer uma tarefa simples.,2025-08-01 04:24:32,NEUTRA,FEEDBACK GERAL
BOT,gustavo.souza,"Muito bom ter 2FA, aumentou a seguranca.",2025-08-01 04:53:00,POSITIVA,FEEDBACK GERAL
BuzzMonitor,laura.silva,"O sistema esta fora do ar desde cedo, precisamos de retorno.",2025-08-01 05:35:19,NEGATIVA,INSTABILIDADE NA PLATAFORMA
CSAT,mario.dias,A ferramenta esta ajudando muito nosso dia a dia.,2025-08-01 06:10:38,NEUTRA,FEEDBACK GERAL
NPS,juliana.souza,A autenticacao em dois fatores não funciona.,2025-08-01 07:51:29,NEGATIVA,API/AUTENTICACAO
CSAT,rafael.almeida,"Obrigada por resolverem a instabilidade, melhorou muito.",2025-08-01 10:50:26,POSITIVA,FEEDBACK GERAL
CSAT,mario.barbosa,Hoje o sistema esta super rapido e sem quedas.,2025-08-01 11:33:33,POSITIVA,API/AUTENTICACAO
CSAT,juliana.correa,O cancelamento foi cobrado mesmo depois de eu solicitar.,2025-08-01 16:07:08,NEUTRA,FEEDBACK GERAL
NPS,vitor.teixeira,Acho que a comunicacao de mudancas poderia melhorar.,2025-08-01 20:38:20,NEUTRA,FEEDBACK GERAL
BOT,beatriz.pereira,Tem alguma previsao para corrigir a exportacao?,2025-08-01 21:09:02,NEUTRA,FEEDBACK GERAL
NPS,lucas.barbosa,Os dados do CRM estao vindo incompletos na integracao.,2025-08-02 01:01:29,NEUTRA,FEEDBACK GERAL
BOT,leonardo.silva,Qual versao contem a correcao do problema?,2025-08-02 02:41:22,NEGATIVA,FEEDBACK GERAL
CSAT,isabela.teixeira,"O sistema esta fora do ar desde cedo, precisamos de retorno.",2025-08-02 04:11:17,NEGATIVA,INSTABILIDADE NA PLATAFORMA
CSAT,diego.gomes,"Adorei as novas funcionalidades, muito util.",2025-08-02 08:06:50,NEUTRA,FEEDBACK GERAL
BuzzMonitor,mariana.pereira,O atendente nao entendeu o problema e encerrou o ticket.,2025-08-02 10:27:22,NEGATIVA,BUGS
NPS,vitor.pereira,Nao consegui importar meus dados iniciais. Ticket 21818.,2025-08-02 10:34:29,NEUTRA,SUPORTE/ATENDIMENTO
BuzzMonitor,isabela.teixeira,"Obrigada pela paciencia, problema resolvido.",2025-08-02 11:13:37,POSITIVA,FEEDBACK GERAL
CSAT,juliana.rocha,Os logs de auditoria ajudaram bastante. Preciso de retorno urgente.,2025-08-02 12:46:42,NEGATIVA,FEEDBACK GERAL
CSAT,vitor.elias,Os logs de auditoria ajudaram bastante.,2025-08-02 14:39:40,NEUTRA,FEEDBACK GERAL
BOT,juliana.oliveira,Onde vejo o log de auditoria?,2025-08-02 22:12:50,NEUTRA,FEEDBACK GERAL
CSAT,isabela.gomes,"A API esta bem documentada, consegui integrar rapido.",2025-08-03 03:52:00,POSITIVA,API/AUTENTICACAO
NPS,joao.rocha,O atendente nao entendeu o problema e encerrou o ticket.,2025-08-03 04:19:32,NEGATIVA,BUGS
CSAT,patricia.silva,"Comecei a usar rapido, processo muito bom. Ticket 79758.",2025-08-03 05:41:26,POSITIVA,API/AUTENTICACAO
CSAT,patricia.rocha,Posso reorganizar o menu?,2025-08-03 05:57:14,NEUTRA,FEEDBACK GERAL
CSAT,mario.gomes,A integracao com o ERP nao esta sincronizando.,2025-08-03 07:00:38,NEUTRA,FEEDBACK GERAL
CSAT,mario.ferreira,Qual o status do incidente da manha?,2025-08-03 08:10:36,NEUTRA,FEEDBACK GERAL
CSAT,thiago.oliveira,A documentacao esta desatualizada.,2025-08-03 09:59:27,NEUTRA,TREINAMENTO/ONBOARDING
NPS,ana.pereira,"Gostei do conector com o ERP, poupou tempo.",2025-08-03 10:10:27,NEUTRA,FEEDBACK GERAL
BuzzMonitor,carla.barbosa,Tem SDK em Python para integracao? Ticket 50607.,2025-08-03 14:50:43,NEUTRA,SUPORTE/ATENDIMENTO
NPS,mariana.gomes,"Gostei do novo painel financeiro, bem mais claro.",2025-08-03 18:38:12,NEUTRA,FEEDBACK GERAL
BOT,patricia.pereira,"A navegacao esta confusa, nao acho as configuracoes.",2025-08-03 20:24:41,NEUTRA,FINANCEIRO
NPS,carla.nascimento,O reset de senha falha e nao chega email.,2025-08-03 23:47:12,NEGATIVA,BUGS
CSAT,mariana.araujo,Seria bom ter mais opcoes de personalizacao.,2025-08-04 02:27:53,POSITIVA,FEATURE REQUEST
BOT,patricia.carvalho,Vocês tiveram alguma manutencao programada hoje?,2025-08-04 06:36:10,NEUTRA,FEEDBACK GERAL
BOT,carla.carvalho,Parece que um usuario acessou dados que nao deveria.,2025-08-04 07:29:55,NEUTRA,FEEDBACK GERAL
NPS,vitor.silva,"A equipe acompanhou a implantacao, foi tranquilo.",2025-08-04 13:06:22,NEUTRA,FEEDBACK GERAL
CSAT,thiago.pereira,Depois da ultima manutencao ficou bem mais estavel.,2025-08-04 20:33:37,NEUTRA,FEEDBACK GERAL
BuzzMonitor,bruno.nascimento,Tem atendimento aos finais de semana? Ticket 60868.,2025-08-05 01:41:24,NEUTRA,SUPORTE/ATENDIMENTO
NPS,bruno.araujo,Preciso de auditoria e nao encontro logs completos.,2025-08-05 07:03:51,NEUTRA,FEEDBACK GERAL
NPS,carla.barbosa,"Nao tive mais desconexoes, otimo trabalho. Preciso de retorno urgente.",2025-08-05 08:50:51,NEUTRA,FEEDBACK GERAL
BuzzMonitor,mario.mendes,"Boa, o erro de sincronizacao sumiu.",2025-08-05 18:14:59,NEUTRA,BUGS
CSAT,diego.mendes,"Estou com problema na cobranca, veio valor duplicado na fatura.",2025-08-05 21:44:21,NEGATIVA,FINANCEIRO
CSAT,leonardo.barbosa,"Adorei as novas funcionalidades, muito util. Preciso de retorno urgente.",2025-08-06 00:22:02,NEGATIVA,FEEDBACK GERAL
CSAT,laura.nascimento,A ferramenta esta ajudando muito nosso dia a dia.,2025-08-06 00:51:50,NEUTRA,FEEDBACK GERAL
CSAT,ana.teixeira,Onde eu encontro o historico de faturas?,2025-08-06 01:33:40,NEUTRA,FINANCEIRO
BuzzMonitor,leonardo.araujo,Qual o status do incidente da manha?,2025-08-06 02:30:23,NEUTRA,FEEDBACK GERAL
BuzzMonitor,gustavo.ferreira,Vocês tiveram alguma manutencao programada hoje? Ticket 93406.,2025-08-06 03:42:44,NEUTRA,SUPORTE/ATENDIMENTO
NPS,gustavo.silva,O atendimento foi rude e não ajudou.,2025-08-06 04:39:46,NEUTRA,SUPORTE/ATENDIMENTO
BuzzMonitor,patricia.silva,Muitos cliques para fazer uma tarefa simples.,2025-08-06 10:29:33,NEUTRA,FEEDBACK GERAL
BuzzMonitor,rafael.carvalho,"A navegacao esta confusa, nao acho as configuracoes.",2025-08-06 11:19:11,NEUTRA,FINANCEIRO
NPS,gustavo.almeida,"Nao tive mais desconexoes, otimo trabalho.",2025-08-07 10:37:37,POSITIVA,FEEDBACK GERAL
BOT,diego.martins,Qual politica de retencao de logs?,2025-08-07 12:07:55,NEUTRA,FEEDBACK GERAL
BuzzMonitor,diego.oliveira,"Produto excelente, atende bem nossas necessidades. Ticket 10448.",2025-08-07 12:51:10,POSITIVA,SUPORTE/ATENDIMENTO
BuzzMonitor,bruno.carvalho,As telas estao com lentidao em horario comercial. Ticket 91416.,2025-08-07 15:28:51,NEUTRA,SUPORTE/ATENDIMENTO
NPS,leonardo.pereira,"Muito bom ter 2FA, aumentou a seguranca.",2025-08-07 16:55:03,POSITIVA,FEEDBACK GERAL
BuzzMonitor,beatriz.ribeiro,"A sincronizacao ficou consistente, obrigado.",2025-08-07 18:25:17,POSITIVA,FEEDBACK GERAL
CSAT,thiago.ferreira,As mensagens de erro nao explicam o que fazer. Preciso de retorno urgente.,2025-08-07 21:11:35,NEGATIVA,BUGS
CSAT,carla.oliveira,"A performance melhorou muito, ta voando.",2025-08-08 05:09:54,NEUTRA,FEEDBACK GERAL
BOT,diego.barbosa,"A performance melhorou muito, ta voando.",2025-08-08 09:10:44,NEUTRA,FEEDBACK GERAL
CSAT,diego.teixeira,"A busca ficou instantanea, parabens.",2025-08-08 13:02:28,NEUTRA,FEEDBACK GERAL
NPS,mariana.dias,Existe cache para relatorios?,2025-08-08 13:53:22,NEUTRA,FEEDBACK GERAL
NPS,juliana.nascimento,A integracao gera erro ao sincronizar e para no meio. Preciso de retorno urgente.,2025-08-08 17:45:18,NEGATIVA,BUGS
CSAT,diego.silva,O atendente nao entendeu o problema e encerrou o ticket.,2025-08-08 18:49:54,NEGATIVA,BUGS
NPS,lucas.correa,"Boa, o erro de sincronizacao sumiu.",2025-08-09 01:59:19,NEUTRA,BUGS
CSAT,thiago.correa,O sistema duplica registros ao importar.,2025-08-09 02:48:01,NEUTRA,FEEDBACK GERAL
NPS,thiago.elias,Estou recebendo erro 500 ao tentar salvar. Preciso de retorno urgente. Ticket 63480.,2025-08-09 16:53:36,NEGATIVA,INSTABILIDADE NA PLATAFORMA
BOT,leonardo.barbosa,Quando tento exportar CSV ele vem vazio.,2025-08-09 20:46:24,NEUTRA,FEEDBACK GERAL
NPS,isabela.almeida,Tem atendimento aos finais de semana? Ticket 92729.,2025-08-09 21:59:28,NEUTRA,SUPORTE/ATENDIMENTO
CSAT,bruno.barbosa,"Estou vendo lentidao em alguns horarios, e esperado?",2025-08-10 01:35:58,NEUTRA,FEEDBACK GERAL
BuzzMonitor,vitor.ribeiro,A ferramenta esta ajudando muito nosso dia a dia.,2025-08-10 02:12:46,NEUTRA,FEEDBACK GERAL
CSAT,beatriz.gomes,"Gostei do controle de permissoes, bem completo.",2025-08-10 09:55:45,NEUTRA,FEEDBACK GERAL
BOT,fernanda.mendes,Sinto falta de um relatorio mais completo. Ticket 73068.,2025-08-11 13:17:52,NEUTRA,SUPORTE/ATENDIMENTO
BuzzMonitor,ana.dias,"Adorei as novas funcionalidades, muito util.",2025-08-11 16:28:20,NEUTRA,FEEDBACK GERAL
BuzzMonitor,joao.teixeira,"Nao carrega a tela inicial, fica em loading infinito.",2025-08-11 21:22:15,NEUTRA,FINANCEIRO
BOT,lucas.carvalho,A tela nao e intuitiva e acaba atrapalhando.,2025-08-11 23:18:38,NEUTRA,FEEDBACK GERAL
BOT,mariana.ferreira,Onde eu encontro o historico de faturas? Preciso de retorno urgente.,2025-08-11 23:29:29,NEGATIVA,FINANCEIRO
NPS,thiago.almeida,Recebi alerta de login suspeito e nao consegui bloquear.,2025-08-12 08:11:50,NEUTRA,FEEDBACK GERAL
CSAT,vitor.silva,O onboarding foi confuso e faltou treinamento.,2025-08-12 13:13:07,POSITIVA,FINANCEIRO
NPS,mariana.gomes,Tem SDK em Python para integracao? Preciso de retorno urgente.,2025-08-12 13:40:40,NEGATIVA,FEEDBACK GERAL
NPS,leonardo.ribeiro,"Estou com problema na cobranca, veio valor duplicado na fatura.",2025-08-12 16:52:44,NEGATIVA,FINANCEIRO
BuzzMonitor,mariana.pereira,As mensagens de erro nao explicam o que fazer.,2025-08-12 17:50:06,NEGATIVA,BUGS
CSAT,joao.martins,"A navegacao esta confusa, nao acho as configuracoes.",2025-08-12 22:45:29,NEUTRA,FINANCEIRO
BuzzMonitor,fernanda.nascimento,O webhooks estao falhando e nao recebo eventos.,2025-08-13 00:30:18,NEGATIVA,BUGS
NPS,isabela.barbosa,O cancelamento foi cobrado mesmo depois de eu solicitar.,2025-08-13 00:41:18,NEUTRA,FEEDBACK GERAL
CSAT,vitor.elias,O boleto nao foi gerado e estou com pagamento em atraso por causa disso.,2025-08-13 05:16:21,NEUTRA,SUPORTE/ATENDIMENTO
BuzzMonitor,mario.nascimento,"A busca ficou instantanea, parabens.",2025-08-13 07:56:34,NEUTRA,FEEDBACK GERAL
BuzzMonitor,isabela.mendes,Depois do patch nao ocorre mais duplicacao na importacao.,2025-08-13 08:05:56,NEUTRA,FEEDBACK GERAL
BuzzMonitor,laura.teixeira,A API esta retornando 401 mesmo com token valido.,2025-08-13 11:13:50,NEGATIVA,API/AUTENTICACAO
CSAT,bruno.martins,Tem webinar de introducao?,2025-08-13 14:32:10,NEUTRA,FEEDBACK GERAL
CSAT,fernanda.lima,"O processo de pagamento ficou mais simples, ajudou muito. Preciso de retorno urgente.",2025-08-14 02:36:49,NEGATIVA,FINANCEIRO
CSAT,mario.mendes,Recebi alerta de login suspeito e nao consegui bloquear. Preciso de retorno urgente.,2025-08-14 03:46:17,NEGATIVA,FEEDBACK GERAL
CSAT,camila.elias,Parece que um usuario acessou dados que nao deveria.,2025-08-14 07:38:04,NEUTRA,FEEDBACK GERAL
CSAT,rafael.rocha,O atendimento foi rude e nao ajudou.,2025-08-14 12:01:03,NEUTRA,SUPORTE/ATENDIMENTO
BuzzMonitor,isabela.oliveira,Os logs de auditoria ajudaram bastante.,2025-08-15 01:45:23,NEUTRA,FEEDBACK GERAL
CSAT,patricia.correa,Vocês tiveram alguma manutencao programada hoje?,2025-08-15 08:40:53,NEUTRA,FEEDBACK GERAL
BuzzMonitor,carla.correa,A exportacao para contabilidade funcionou de primeira.,2025-08-15 16:13:12,POSITIVA,FEEDBACK GERAL
NPS,camila.silva,Nao consegui importar meus dados iniciais.,2025-08-15 19:34:18,NEUTRA,FEEDBACK GERAL
BuzzMonitor,juliana.oliveira,"Produto excelente, atende bem nossas necessidades.",2025-08-15 23:38:24,POSITIVA,FEEDBACK GERAL
CSAT,laura.barbosa,O filtro não funciona e retorna resultados errados. Preciso de retorno urgente.,2025-08-16 00:08:33,NEGATIVA,FEEDBACK GERAL
CSAT,fernanda.souza,Qual o SLA de atendimento para meu plano?,2025-08-16 10:37:12,NEUTRA,SUPORTE/ATENDIMENTO
CSAT,leonardo.elias,Seria bom ter mais opcoes de personalizacao.,2025-08-16 14:45:26,POSITIVA,FEATURE REQUEST
BOT,fernanda.elias,A plataforma caiu agora e nao consigo acessar.,2025-08-16 15:24:40,NEGATIVA,INSTABILIDADE NA PLATAFORMA
BuzzMonitor,carla.araujo,Qual o limite de requisicoes por minuto na API?,2025-08-16 17:13:11,NEUTRA,API/AUTENTICACAO
BuzzMonitor,camila.nascimento,Os dados do CRM estao vindo incompletos na integracao. Preciso de retorno urgente.,2025-08-16 17:54:50,NEGATIVA,FEEDBACK GERAL
CSAT,carla.souza,Ficou travando e desconectando toda hora.,2025-08-16 21:50:34,NEGATIVA,INSTABILIDADE NA PLATAFORMA
NPS,mario.martins,O tempo de resposta da API aumentou bastante.,2025-08-17 00:23:56,NEUTRA,API/AUTENTICACAO
BOT,carla.ferreira,A integracao suporta ambientes de teste? Preciso de retorno urgente.,2025-08-17 00:52:20,NEGATIVA,FEEDBACK GERAL
NPS,bruno.teixeira,"A equipe acompanhou a implantacao, foi tranquilo. Ticket 56969.",2025-08-17 03:24:33,NEUTRA,SUPORTE/ATENDIMENTO
CSAT,vitor.teixeira,Existe modo escuro? Ticket 91665.,2025-08-17 04:36:21,NEUTRA,SUPORTE/ATENDIMENTO
CSAT,camila.rocha,A busca demora demais e trava o navegador.,2025-08-17 10:47:20,NEGATIVA,INSTABILIDADE NA PLATAFORMA
CSAT,patricia.barbosa,Preciso de auditoria e nao encontro logs completos. Preciso de retorno urgente.,2025-08-17 11:26:04,NEGATIVA,FEEDBACK GERAL
CSAT,fernanda.mendes,O sistema duplica registros ao importar.,2025-08-17 12:11:58,NEUTRA,FEEDBACK GERAL
CSAT,isabela.correa,Nao consegui importar meus dados iniciais.,2025-08-17 14:03:21,NEUTRA,FEEDBACK GERAL
CSAT,joao.gomes,O sistema esta muito lento para carregar relatorios.,2025-08-17 21:22:52,NEGATIVA,INSTABILIDADE NA PLATAFORMA
CSAT,bruno.almeida,Tem alguma previsao para corrigir a exportacao?,2025-08-17 22:21:38,NEUTRA,FEEDBACK GERAL
BuzzMonitor,mario.nascimento,O atendente nao entendeu o problema e encerrou o ticket.,2025-08-18 00:18:59,NEGATIVA,BUGS
CSAT,vitor.elias,A conciliacao bancaria ficou bem melhor nessa versao.,2025-08-18 00:20:08,NEUTRA,FEEDBACK GERAL
CSAT,laura.araujo,Fui transferido varias vezes e nao resolveram.,2025-08-18 08:45:13,NEUTRA,FEEDBACK GERAL
BOT,juliana.ribeiro,Qual o SLA de atendimento para meu plano?,2025-08-18 23:42:30,NEUTRA,SUPORTE/ATENDIMENTO
CSAT,juliana.araujo,A disponibilidade melhorou bastante essa semana.,2025-08-19 07:52:10,NEUTRA,FEEDBACK GERAL
BuzzMonitor,diego.elias,Importacao muito mais eficiente agora.,2025-08-20 03:26:02,NEUTRA,FEEDBACK GERAL
BuzzMonitor,mariana.elias,"Gostei do conector com o ERP, poupou tempo.",2025-08-20 03:30:39,NEUTRA,FEEDBACK GERAL
NPS,fernanda.dias,Como faço para salvar filtros como favoritos?,2025-08-20 21:38:32,NEUTRA,FEEDBACK GERAL
CSAT,mario.mendes,A tela nao e intuitiva e acaba atrapalhando.,2025-08-21 02:29:20,NEUTRA,FEEDBACK GERAL
BuzzMonitor,gustavo.carvalho,"Boa, o erro de sincronizacao sumiu.",2025-08-21 05:09:53,NEUTRA,BUGS
BOT,mariana.martins,A API esta retornando 401 mesmo com token valido. Ticket 84096.,2025-08-21 12:34:08,NEGATIVA,API/AUTENTICACAO
CSAT,mariana.carvalho,Quero entender como funciona o calculo de impostos. Preciso de retorno urgente.,2025-08-21 15:31:21,NEGATIVA,FEEDBACK GERAL
BuzzMonitor,lucas.elias,Nao consegui importar meus dados iniciais. Preciso de retorno urgente.,2025-08-21 20:22:49,NEGATIVA,FEEDBACK GERAL
NPS,ana.carvalho,A integracao com o gateway de pagamento caiu. Preciso de retorno urgente.,2025-08-21 20:27:07,NEGATIVA,INSTABILIDADE NA PLATAFORMA
CSAT,ana.lima,A integracao com o ERP nao esta sincronizando.,2025-08-22 02:41:34,NEUTRA,FEEDBACK GERAL
BuzzMonitor,carla.araujo,O atendente não entendeu o problema e encerrou o ticket.,2025-08-22 03:39:05,NEGATIVA,BUGS
NPS,isabela.mendes,"Obrigada por resolverem a instabilidade, melhorou muito.",2025-08-22 06:44:16,POSITIVA,FEEDBACK GERAL
BuzzMonitor,camila.martins,"Preciso atualizar o responsavel do contrato, com quem falo?",2025-08-22 15:03:37,NEUTRA,FEEDBACK GERAL
BuzzMonitor,carla.elias,O tempo de resposta da API aumentou bastante.,2025-08-22 18:12:00,NEUTRA,API/AUTENTICACAO
BuzzMonitor,isabela.souza,Fiquei perdido na configuracao inicial. Preciso de retorno urgente.,2025-08-22 19:13:16,NEGATIVA,FINANCEIRO
CSAT,ana.souza,Vocês podem considerar um novo recurso?,2025-08-22 22:55:27,NEUTRA,TREINAMENTO/ONBOARDING
BOT,fernanda.silva,O menu mudou e agora ficou pior de usar.,2025-08-23 06:08:23,NEUTRA,FEEDBACK GERAL
CSAT,beatriz.souza,Quando tento exportar CSV ele vem vazio.,2025-08-23 07:45:33,NEUTRA,FEEDBACK GERAL
BuzzMonitor,mariana.pereira,"A API esta bem documentada, consegui integrar rapido.",2025-08-23 10:17:44,POSITIVA,API/AUTENTICACAO
BOT,lucas.rocha,"A fatura veio com reajuste sem aviso, podem verificar?",2025-08-23 10:58:47,NEUTRA,FINANCEIRO
CSAT,rafael.rocha,Onde encontro a base de conhecimento?,2025-08-23 12:01:28,NEUTRA,FEEDBACK GERAL
CSAT,joao.barbosa,"Obrigado por corrigirem o bug da exportacao, agora funciona.",2025-08-23 12:35:20,NEUTRA,BUGS
CSAT,joao.araujo,A nova interface ficou bem mais intuitiva. Preciso de retorno urgente.,2025-08-24 00:34:53,NEGATIVA,FEEDBACK GERAL
BuzzMonitor,mariana.ribeiro,O sistema esta muito lento para carregar relatorios. Preciso de retorno urgente.,2025-08-24 00:55:42,NEGATIVA,INSTABILIDADE NA PLATAFORMA
NPS,laura.ribeiro,O webhooks estao falhando e nao recebo eventos.,2025-08-24 02:26:49,NEGATIVA,BUGS
CSAT,beatriz.correa,"A busca ficou instantanea, parabens.",2025-08-24 05:37:25,NEUTRA,FEEDBACK GERAL
CSAT,gustavo.dias,Onde eu reporto um bug com print da tela?,2025-08-24 10:57:05,NEGATIVA,BUGS
BuzzMonitor,carla.correa,Nao consigo atualizar meus dados de pagamento no sistema.,2025-08-24 19:57:24,NEUTRA,FINANCEIRO
BuzzMonitor,laura.mendes,O menu mudou e agora ficou pior de usar.,2025-08-25 02:19:04,NEUTRA,FEEDBACK GERAL
BOT,isabela.ferreira,"As dicas na tela ajudam bastante, parabens.",2025-08-25 06:49:25,NEUTRA,FEEDBACK GERAL
NPS,leonardo.souza,"A importacao esta levando horas, ficou impraticavel.",2025-08-25 10:50:34,NEUTRA,FEEDBACK GERAL
NPS,vitor.rocha,"Obrigado por corrigirem o bug da exportacao, agora funciona.",2025-08-25 12:00:12,NEUTRA,BUGS
CSAT,rafael.mendes,A plataforma caiu agora e nao consigo acessar.,2025-08-25 17:57:03,NEGATIVA,INSTABILIDADE NA PLATAFORMA
CSAT,laura.almeida,Vocês tem exemplo de payload para webhooks?,2025-08-25 19:12:47,NEUTRA,FEEDBACK GERAL
CSAT,fernanda.barbosa,"Adorei as novas funcionalidades, muito util.",2025-08-26 03:09:42,NEUTRA,FEEDBACK GERAL
CSAT,juliana.carvalho,A conciliacao bancaria ficou bem melhor nessa versao. Preciso de retorno urgente.,2025-08-26 09:29:10,NEGATIVA,FEEDBACK GERAL
CSAT,thiago.pereira,O onboarding foi excelente e bem guiado.,2025-08-26 10:29:07,POSITIVA,TREINAMENTO/ONBOARDING
NPS,laura.ferreira,Hoje o sistema esta super rapido e sem quedas.,2025-08-26 10:31:59,POSITIVA,API/AUTENTICACAO
CSAT,beatriz.martins,A tela nao e intuitiva e acaba atrapalhando.,2025-08-26 19:14:31,NEUTRA,FEEDBACK GERAL
CSAT,mariana.almeida,Resposta rapida e com orientacao completa.,2025-08-26 23:07:20,NEUTRA,API/AUTENTICACAO
BuzzMonitor,juliana.mendes,"As dicas na tela ajudam bastante, parabens. Preciso de retorno urgente.",2025-08-27 00:46:21,NEGATIVA,FEEDBACK GERAL
NPS,fernanda.ribeiro,Tem atalho para acessar relatorios mais rapido?,2025-08-27 01:43:58,POSITIVA,API/AUTENTICACAO
CSAT,leonardo.dias,O atendente nao entendeu o problema e encerrou o ticket.,2025-08-27 02:04:29,NEGATIVA,BUGS
BuzzMonitor,mariana.teixeira,A ferramenta esta ajudando muito nosso dia a dia.,2025-08-27 08:06:31,NEUTRA,FEEDBACK GERAL
NPS,patricia.rocha,A plataforma caiu agora e nao consigo acessar.,2025-08-27 09:16:55,NEGATIVA,INSTABILIDADE NA PLATAFORMA
CSAT,vitor.gomes,Qual politica de retencao de logs? Preciso de retorno urgente.,2025-08-27 12:07:39,NEGATIVA,FEEDBACK GERAL
BuzzMonitor,mariana.barbosa,As mensagens de erro nao explicam o que fazer.,2025-08-27 21:12:40,NEGATIVA,BUGS
CSAT,diego.barbosa,Quando tento exportar CSV ele vem vazio. Ticket 91968.,2025-08-28 01:53:19,NEUTRA,SUPORTE/ATENDIMENTO
CSAT,isabela.dias,Nao consegui importar meus dados iniciais.,2025-08-28 02:17:40,NEUTRA,FEEDBACK GERAL
CSAT,juliana.carvalho,Tem alguma pagina de status para acompanhar?,2025-08-28 11:24:15,NEUTRA,FEEDBACK GERAL
NPS,rafael.rocha,"Estou com problema na cobranca, veio valor duplicado na fatura. Preciso de retorno urgente.",2025-08-28 14:21:29,NEGATIVA,FINANCEIRO
NPS,vitor.gomes,O atendimento foi rude e não ajudou.,2025-08-28 21:50:06,NEUTRA,SUPORTE/ATENDIMENTO
NPS,isabela.silva,Existe um canal para enviar ideias?,2025-08-29 01:07:47,NEUTRA,FEEDBACK GERAL
NPS,vitor.dias,O suporte demorou muito para responder meu chamado.,2025-08-29 01:20:42,NEUTRA,SUPORTE/ATENDIMENTO
NPS,lucas.ribeiro,"A fatura veio com reajuste sem aviso, podem verificar?",2025-08-29 05:44:27,NEUTRA,FINANCEIRO
CSAT,lucas.araujo,Ficou travando e desconectando toda hora. Ticket 62439.,2025-08-29 10:11:39,NEGATIVA,INSTABILIDADE NA PLATAFORMA
BOT,diego.silva,Parece que um usuario acessou dados que nao deveria.,2025-08-29 10:44:31,NEUTRA,FEEDBACK GERAL
CSAT,fernanda.teixeira,O sistema duplica registros ao importar.,2025-08-29 13:19:10,NEUTRA,FEEDBACK GERAL
CSAT,beatriz.lima,A plataforma caiu agora e nao consigo acessar. Preciso de retorno urgente.,2025-08-29 17:22:39,NEGATIVA,INSTABILIDADE NA PLATAFORMA
CSAT,ana.correa,Como abro um chamado para suporte tecnico? Preciso de retorno urgente.,2025-08-29 20:52:34,NEGATIVA,SUPORTE/ATENDIMENTO
CSAT,camila.martins,"Comecei a usar rapido, processo muito bom.",2025-08-29 23:03:42,POSITIVA,API/AUTENTICACAO
NPS,patricia.silva,A busca demora demais e trava o navegador.,2025-08-30 00:54:02,NEGATIVA,INSTABILIDADE NA PLATAFORMA
CSAT,mario.correa,A documentacao esta desatualizada.,2025-08-30 02:57:00,NEUTRA,TREINAMENTO/ONBOARDING
BOT,rafael.ferreira,Qual politica de retencao de logs? Preciso de retorno urgente.,2025-08-30 12:15:54,NEGATIVA,FEEDBACK GERAL
CSAT,vitor.araujo,Quero participar do beta de novas funcoes.,2025-08-30 19:22:05,NEUTRA,FEEDBACK GERAL
BuzzMonitor,bruno.gomes,A experiencia poderia ser melhor em dispositivos moveis.,2025-08-30 20:53:45,NEUTRA,FEEDBACK GERAL
NPS,lucas.mendes,A integracao com o gateway de pagamento caiu.,2025-08-30 21:57:03,NEGATIVA,INSTABILIDADE NA PLATAFORMA
BuzzMonitor,patricia.dias,"Gostei do conector com o ERP, poupou tempo.",2025-08-30 23:19:22,NEUTRA,FEEDBACK GERAL
NPS,beatriz.souza,Os dados do CRM estao vindo incompletos na integracao.,2025-08-31 01:01:57,NEUTRA,FEEDBACK GERAL
BuzzMonitor,joao.rocha,A integracao com o gateway de pagamento caiu.,2025-08-31 01:05:48,NEGATIVA,INSTABILIDADE NA PLATAFORMA
BuzzMonitor,carla.dias,"Estou com problema na cobranca, veio valor duplicado na fatura. Ticket 54250.",2025-08-31 11:27:25,NEGATIVA,SUPORTE/ATENDIMENTO
BuzzMonitor,ana.dias,"Muito bom ter 2FA, aumentou a seguranca.",2025-08-31 14:22:39,POSITIVA,FEEDBACK GERAL
BOT,patricia.carvalho,"A tela de cadastro ficou redonda, sem bugs.",2025-08-31 17:34:47,NEGATIVA,BUGS
BuzzMonitor,mariana.rocha,"Evoluiram muito no ultimo trimestre, parabens. Preciso de retorno urgente.",2025-08-31 18:16:11,NEGATIVA,FEEDBACK GERAL
BuzzMonitor,beatriz.martins,"Gostei do controle de permissoes, bem completo.",2025-09-01 02:00:47,NEUTRA,FEEDBACK GERAL
NPS,isabela.martins,"Boa, o erro de sincronizacao sumiu.",2025-09-01 02:19:34,NEUTRA,BUGS
CSAT,diego.ferreira,Existe cache para relatorios?,2025-09-01 13:55:56,NEUTRA,FEEDBACK GERAL
BuzzMonitor,leonardo.ferreira,O cancelamento foi cobrado mesmo depois de eu solicitar. Ticket 93164.,2025-09-01 14:43:13,NEUTRA,SUPORTE/ATENDIMENTO
CSAT,juliana.rocha,Existe controle de permissao por modulo? Preciso de retorno urgente.,2025-09-01 16:13:15,NEGATIVA,FEEDBACK GERAL
CSAT,thiago.barbosa,O botao de salvar nao responde na tela de cadastro. Ticket 45056.,2025-09-01 16:35:31,NEUTRA,SUPORTE/ATENDIMENTO
CSAT,rafael.ribeiro,O bloqueio por IP facilitou nossa politica interna.,2025-09-01 16:54:14,NEUTRA,FEEDBACK GERAL
NPS,mario.ferreira,Tem SDK em Python para integracao?,2025-09-01 17:01:47,NEUTRA,FEEDBACK GERAL
CSAT,isabela.correa,O atendimento foi rude e nao ajudou. Ticket 66060.,2025-09-01 22:26:05,NEUTRA,SUPORTE/ATENDIMENTO
NPS,diego.rocha,Sinto falta de um relatorio mais completo.,2025-09-02 00:42:33,NEUTRA,FEEDBACK GERAL
CSAT,diego.almeida,Os dados do CRM estao vindo incompletos na integracao.,2025-09-02 09:07:58,NEUTRA,FEEDBACK GERAL
NPS,beatriz.araujo,Quando tento exportar CSV ele vem vazio.,2025-09-02 10:48:35,NEUTRA,FEEDBACK GERAL
NPS,gustavo.souza,"O time de CS acompanhou ate a solucao, show.",2025-09-02 12:00:03,POSITIVA,FEEDBACK GERAL
BuzzMonitor,bruno.mendes,Seria bom ter mais opcoes de personalizacao.,2025-09-02 22:06:09,POSITIVA,FEATURE REQUEST
BuzzMonitor,rafael.barbosa,Como configuro 2FA para todos os usuarios?,2025-09-02 22:12:13,NEUTRA,FINANCEIRO
CSAT,carla.teixeira,Os tutoriais ajudaram muito a comecar.,2025-09-03 00:10:16,NEUTRA,FEEDBACK GERAL
CSAT,diego.barbosa,A correcao do filtro resolveu meu problema.,2025-09-03 03:20:07,NEGATIVA,FEEDBACK GERAL
BuzzMonitor,joao.correa,Vocês tem exemplo de payload para webhooks?,2025-09-03 06:01:23,NEUTRA,FEEDBACK GERAL
BOT,lucas.nascimento,A busca demora demais e trava o navegador.,2025-09-03 10:51:49,NEGATIVA,INSTABILIDADE NA PLATAFORMA
CSAT,diego.almeida,"Estou vendo lentidao em alguns horarios, e esperado?",2025-09-03 16:32:12,NEUTRA,FEEDBACK GERAL
BuzzMonitor,joao.pereira,"Obrigada pela paciencia, problema resolvido.",2025-09-03 22:04:54,POSITIVA,FEEDBACK GERAL
BOT,leonardo.ferreira,"Muito bom ter 2FA, aumentou a seguranca.",2025-09-04 03:09:48,POSITIVA,FEEDBACK GERAL
NPS,laura.carvalho,"Estou com problema na cobranca, veio valor duplicado na fatura. Preciso de retorno urgente.",2025-09-04 04:23:04,NEGATIVA,FINANCEIRO
CSAT,thiago.mendes,"A performance melhorou muito, ta voando.",2025-09-04 04:25:45,NEUTRA,FEEDBACK GERAL
BOT,camila.martins,Como configuro 2FA para todos os usuarios?,2025-09-04 08:02:23,NEUTRA,FINANCEIRO
NPS,mariana.elias,"Comecei a usar rapido, processo muito bom.",2025-09-04 18:23:37,POSITIVA,API/AUTENTICACAO
BOT,juliana.dias,A integracao gera erro ao sincronizar e para no meio.,2025-09-04 20:15:23,NEGATIVA,BUGS
NPS,isabela.ribeiro,Quando tento exportar CSV ele vem vazio.,2025-09-04 23:24:27,NEUTRA,FEEDBACK GERAL
BOT,bruno.gomes,A exportacao para contabilidade funcionou de primeira.,2025-09-05 01:16:55,POSITIVA,FEEDBACK GERAL
NPS,fernanda.gomes,"O time de CS acompanhou ate a solucao, show.",2025-09-05 03:59:29,POSITIVA,FEEDBACK GERAL
CSAT,mario.elias,A ferramenta esta ajudando muito nosso dia a dia. Preciso de retorno urgente.,2025-09-05 09:38:08,NEGATIVA,FEEDBACK GERAL
BOT,joao.carvalho,"Parabens, a nota fiscal saiu certinha e bem rapido.",2025-09-05 09:41:11,POSITIVA,API/AUTENTICACAO
CSAT,ana.teixeira,Recebi alerta de login suspeito e nao consegui bloquear.,2025-09-05 14:17:09,NEUTRA,FEEDBACK GERAL
CSAT,ana.correa,Nao consegui importar meus dados iniciais.,2025-09-05 21:30:49,NEUTRA,FEEDBACK GERAL
BOT,juliana.correa,A integracao gera erro ao sincronizar e para no meio.,2025-09-06 00:24:35,NEGATIVA,BUGS
CSAT,thiago.lima,Estou recebendo erro 500 ao tentar salvar.,2025-09-06 01:51:57,NEGATIVA,INSTABILIDADE NA PLATAFORMA
BOT,joao.teixeira,O webhooks estao falhando e nao recebo eventos.,2025-09-06 03:56:32,NEGATIVA,BUGS
BOT,bruno.rocha,O sistema duplica registros ao importar.,2025-09-06 05:42:54,NEUTRA,FEEDBACK GERAL
BuzzMonitor,diego.carvalho,Onde encontro a opcao para personalizar colunas?,2025-09-06 06:23:27,NEUTRA,FEEDBACK GERAL
BuzzMonitor,leonardo.lima,Tem alguma pagina de status para acompanhar?,2025-09-06 16:13:30,NEUTRA,FEEDBACK GERAL
NPS,mariana.souza,A nova interface ficou bem mais intuitiva.,2025-09-06 18:44:59,NEUTRA,FEEDBACK GERAL
NPS,vitor.ferreira,A integracao suporta ambientes de teste?,2025-09-07 02:13:25,NEUTRA,FEEDBACK GERAL
BuzzMonitor,carla.oliveira,O atendimento foi rude e nao ajudou. Ticket 46038.,2025-09-07 04:50:08,NEUTRA,SUPORTE/ATENDIMENTO
BuzzMonitor,mariana.almeida,"Estou sem retorno ha dias, isso prejudica o trabalho.",2025-09-07 06:37:41,NEGATIVA,SUPORTE/ATENDIMENTO
NPS,thiago.ribeiro,Os dados do CRM estao vindo incompletos na integracao.,2025-09-07 14:23:25,NEUTRA,FEEDBACK GERAL
BOT,mariana.ferreira,Tem como trocar a forma de pagamento para cartao?,2025-09-07 20:09:07,NEUTRA,FINANCEIRO
BuzzMonitor,ana.gomes,Quero participar do beta de novas funcoes.,2025-09-07 20:59:37,NEUTRA,FEEDBACK GERAL
NPS,fernanda.nascimento,Como faço para salvar filtros como favoritos?,2025-09-07 23:24:27,NEUTRA,FEEDBACK GERAL
CSAT,mariana.rocha,"Nao carrega a tela inicial, fica em loading infinito. Preciso de retorno urgente.",2025-09-08 05:39:15,NEGATIVA,FINANCEIRO
BOT,diego.lima,Fiquei perdido na configuracao inicial.,2025-09-08 06:33:48,NEUTRA,FINANCEIRO
BOT,joao.almeida,"A fatura veio com reajuste sem aviso, podem verificar?",2025-09-08 12:07:35,NEUTRA,FINANCEIRO
BuzzMonitor,laura.martins,A busca demora demais e trava o navegador.,2025-09-08 14:26:31,NEGATIVA,INSTABILIDADE NA PLATAFORMA
BuzzMonitor,juliana.martins,O botao de salvar nao responde na tela de cadastro.,2025-09-08 15:32:29,NEUTRA,FEEDBACK GERAL
CSAT,camila.carvalho,O onboarding foi confuso e faltou treinamento.,2025-09-08 22:06:09,POSITIVA,FINANCEIRO
CSAT,mario.carvalho,O cancelamento foi cobrado mesmo depois de eu solicitar.,2025-09-08 22:44:19,NEUTRA,FEEDBACK GERAL
BOT,camila.oliveira,A integracao com o gateway de pagamento caiu.,2025-09-08 22:49:54,NEGATIVA,INSTABILIDADE NA PLATAFORMA
CSAT,isabela.souza,"Estou sem retorno ha dias, isso prejudica o trabalho.",2025-09-08 22:49:56,NEGATIVA,SUPORTE/ATENDIMENTO
BOT,juliana.ferreira,Muitos cliques para fazer uma tarefa simples. Ticket 27527.,2025-09-09 01:17:17,NEUTRA,SUPORTE/ATENDIMENTO
BuzzMonitor,camila.ferreira,Ficou travando e desconectando toda hora.,2025-09-09 08:53:35,NEGATIVA,INSTABILIDADE NA PLATAFORMA
CSAT,mariana.pereira,O reset de senha falha e nao chega email.,2025-09-09 09:46:10,NEGATIVA,BUGS
NPS,carla.elias,"A API esta bem documentada, consegui integrar rapido.",2025-09-09 15:27:21,POSITIVA,API/AUTENTICACAO
CSAT,bruno.correa,Os logs de auditoria ajudaram bastante.,2025-09-09 19:18:25,NEUTRA,FEEDBACK GERAL
BuzzMonitor,mariana.mendes,As telas estao com lentidao em horario comercial.,2025-09-10 07:59:24,NEUTRA,FEEDBACK GERAL
CSAT,mario.pereira,A nova interface ficou bem mais intuitiva. Ticket 46497.,2025-09-10 09:55:35,NEUTRA,SUPORTE/ATENDIMENTO
BuzzMonitor,mario.teixeira,O sistema duplica registros ao importar.,2025-09-10 15:27:36,NEUTRA,FEEDBACK GERAL
CSAT,laura.correa,A integracao com o ERP nao esta sincronizando. Preciso de retorno urgente.,2025-09-11 14:31:23,NEGATIVA,FEEDBACK GERAL
BuzzMonitor,isabela.barbosa,A ferramenta esta ajudando muito nosso dia a dia.,2025-09-11 14:56:58,NEUTRA,FEEDBACK GERAL
CSAT,joao.ferreira,Os tutoriais nao cobrem o que eu preciso.,2025-09-11 20:19:17,NEUTRA,FEEDBACK GERAL
NPS,isabela.rocha,Os tutoriais ajudaram muito a comecar.,2025-09-11 22:09:05,NEUTRA,FEEDBACK GERAL
BOT,joao.gomes,Existe cache para relatorios?,2025-09-11 22:31:27,NEUTRA,FEEDBACK GERAL
BuzzMonitor,joao.almeida,A integracao gera erro ao sincronizar e para no meio. Preciso de retorno urgente.,2025-09-12 03:01:55,NEGATIVA,BUGS
BuzzMonitor,bruno.ribeiro,O filtro nao funciona e retorna resultados errados.,2025-09-12 05:19:19,NEGATIVA,FEEDBACK GERAL
BuzzMonitor,vitor.teixeira,"Evoluiram muito no ultimo trimestre, parabens.",2025-09-12 06:17:55,NEUTRA,FEEDBACK GERAL
BuzzMonitor,mario.ribeiro,"Parabens, a nota fiscal saiu certinha e bem rapido.",2025-09-12 11:36:52,POSITIVA,API/AUTENTICACAO
BuzzMonitor,camila.rocha,Seria bom ter mais opcoes de personalizacao. Preciso de retorno urgente.,2025-09-12 12:26:26,NEUTRA,FEATURE REQUEST
CSAT,joao.almeida,Como gero um token de API?,2025-09-12 12:51:45,NEUTRA,API/AUTENTICACAO
CSAT,rafael.almeida,A exportacao para contabilidade funcionou de primeira.,2025-09-12 13:27:03,POSITIVA,FEEDBACK GERAL
BOT,ana.oliveira,O cancelamento foi cobrado mesmo depois de eu solicitar.,2025-09-12 16:01:37,NEUTRA,FEEDBACK GERAL
BOT,vitor.araujo,Ficou travando e desconectando toda hora.,2025-09-12 17:08:18,NEGATIVA,INSTABILIDADE NA PLATAFORMA
CSAT,juliana.carvalho,Como abro um chamado para suporte tecnico? Preciso de retorno urgente. Ticket 87874.,2025-09-13 00:00:25,NEGATIVA,SUPORTE/ATENDIMENTO
CSAT,ana.ribeiro,As telas estao com lentidao em horario comercial.,2025-09-13 05:14:32,NEUTRA,FEEDBACK GERAL
BuzzMonitor,juliana.mendes,Sinto falta de um relatorio mais completo. Preciso de retorno urgente.,2025-09-13 07:56:41,NEGATIVA,FEEDBACK GERAL
BuzzMonitor,ana.souza,"Nao carrega a tela inicial, fica em loading infinito.",2025-09-13 14:29:23,NEUTRA,FINANCEIRO
NPS,mario.ribeiro,"Atendimento excelente, resolveram em minutos.",2025-09-13 23:47:38,POSITIVA,SUPORTE/ATENDIMENTO
CSAT,isabela.carvalho,As mensagens de erro nao explicam o que fazer.,2025-09-14 00:28:06,NEGATIVA,BUGS
BOT,vitor.silva,A integracao gera erro ao sincronizar e para no meio. Preciso de retorno urgente.,2025-09-14 11:00:59,NEGATIVA,BUGS
BuzzMonitor,gustavo.silva,O boleto nao foi gerado e estou com pagamento em atraso por causa disso.,2025-09-14 11:23:49,NEUTRA,SUPORTE/ATENDIMENTO
BOT,bruno.araujo,"Estou com problema na cobranca, veio valor duplicado na fatura.",2025-09-14 12:35:19,NEGATIVA,FINANCEIRO
CSAT,leonardo.mendes,Os dados do CRM estao vindo incompletos na integracao.,2025-09-14 17:02:55,NEUTRA,FEEDBACK GERAL
BOT,thiago.ribeiro,A experiencia de uso evoluiu muito.,2025-09-14 23:36:52,NEUTRA,FEEDBACK GERAL
CSAT,bruno.carvalho,"A equipe acompanhou a implantacao, foi tranquilo.",2025-09-14 23:47:11,NEUTRA,FEEDBACK GERAL
NPS,bruno.ferreira,A integracao com o CRM funcionou sem dor de cabeca.,2025-09-15 00:09:45,POSITIVA,FEEDBACK GERAL
CSAT,lucas.rocha,Qual o prazo para emitir nota fiscal?,2025-09-15 05:06:59,NEUTRA,FINANCEIRO
NPS,thiago.dias,"A sincronizacao ficou consistente, obrigado.",2025-09-15 07:59:37,POSITIVA,FEEDBACK GERAL
BOT,beatriz.rocha,Qual o tempo medio de resposta esperado?,2025-09-15 08:36:40,NEUTRA,FEEDBACK GERAL
BuzzMonitor,carla.oliveira,O menu mudou e agora ficou pior de usar.,2025-09-15 12:43:26,NEUTRA,FEEDBACK GERAL
CSAT,lucas.oliveira,"A API esta bem documentada, consegui integrar rapido.",2025-09-15 15:13:09,POSITIVA,API/AUTENTICACAO
NPS,beatriz.teixeira,A API esta retornando 401 mesmo com token valido. Preciso de retorno urgente.,2025-09-16 04:36:20,NEGATIVA,API/AUTENTICACAO
CSAT,juliana.mendes,Qual a janela de maior uso? Preciso de retorno urgente.,2025-09-16 09:15:11,NEGATIVA,FEEDBACK GERAL
CSAT,mario.silva,O suporte foi muito prestativo e claro.,2025-09-16 09:17:15,NEUTRA,SUPORTE/ATENDIMENTO
BuzzMonitor,camila.barbosa,A API esta bem mais rapida nessa versao.,2025-09-16 09:43:47,NEUTRA,API/AUTENTICACAO
BOT,diego.dias,"A equipe acompanhou a implantacao, foi tranquilo.",2025-09-16 14:13:17,NEUTRA,FEEDBACK GERAL
BuzzMonitor,leonardo.correa,A disponibilidade melhorou bastante essa semana.,2025-09-16 18:33:09,NEUTRA,FEEDBACK GERAL
NPS,beatriz.correa,O onboarding foi confuso e faltou treinamento.,2025-09-17 08:13:03,POSITIVA,FINANCEIRO
BuzzMonitor,mariana.mendes,O suporte foi muito prestativo e claro.,2025-09-17 14:14:14,NEUTRA,SUPORTE/ATENDIMENTO
CSAT,patricia.ribeiro,"Produto excelente, atende bem nossas necessidades. Preciso de retorno urgente.",2025-09-18 01:42:09,NEUTRA,FEEDBACK GERAL
BuzzMonitor,isabela.dias,"Gostei do layout, ficou facil achar as funcoes. Preciso de retorno urgente.",2025-09-18 05:13:01,NEGATIVA,FEEDBACK GERAL
BOT,isabela.carvalho,A integracao com o ERP não esta sincronizando.,2025-09-18 07:13:18,NEUTRA,FEEDBACK GERAL
BuzzMonitor,juliana.ribeiro,A correcao do filtro resolveu meu problema.,2025-09-18 07:18:14,NEGATIVA,FEEDBACK GERAL
CSAT,gustavo.gomes,"A navegacao esta confusa, não acho as configuracoes.",2025-09-19 00:48:55,NEUTRA,FINANCEIRO
NPS,isabela.nascimento,O atendimento foi rude e não ajudou.,2025-09-19 09:44:40,NEUTRA,SUPORTE/ATENDIMENTO
BuzzMonitor,gustavo.oliveira,"Nao tive mais desconexoes, otimo trabalho.",2025-09-19 15:04:38,POSITIVA,FEEDBACK GERAL
BuzzMonitor,laura.silva,Os webhooks estao super estaveis agora.,2025-09-19 20:54:58,NEUTRA,FEEDBACK GERAL
CSAT,vitor.rocha,Muitos cliques para fazer uma tarefa simples.,2025-09-20 01:07:19,NEUTRA,FEEDBACK GERAL
CSAT,vitor.correa,Os webhooks estao super estaveis agora.,2025-09-20 04:29:36,NEUTRA,FEEDBACK GERAL
NPS,gustavo.gomes,A documentacao e bem completa. Preciso de retorno urgente.,2025-09-20 05:43:04,NEGATIVA,TREINAMENTO/ONBOARDING
NPS,beatriz.gomes,Recebi alerta de login suspeito e nao consegui bloquear.,2025-09-20 08:21:31,NEUTRA,FEEDBACK GERAL
CSAT,laura.lima,"Gostei do conector com o ERP, poupou tempo. Preciso de retorno urgente.",2025-09-20 16:52:41,NEGATIVA,FEEDBACK GERAL
BuzzMonitor,thiago.araujo,"A fatura veio com reajuste sem aviso, podem verificar?",2025-09-20 22:41:17,NEUTRA,FINANCEIRO
BuzzMonitor,juliana.rocha,O menu mudou e agora ficou pior de usar.,2025-09-21 07:22:13,NEUTRA,FEEDBACK GERAL
BOT,ana.pereira,Hoje o sistema esta super rapido e sem quedas.,2025-09-21 08:08:36,POSITIVA,API/AUTENTICACAO
CSAT,beatriz.nascimento,A tela não e intuitiva e acaba atrapalhando.,2025-09-21 10:13:03,NEUTRA,FEEDBACK GERAL
NPS,carla.teixeira,Acho que a comunicacao de mudancas poderia melhorar.,2025-09-21 14:42:56,NEUTRA,FEEDBACK GERAL
CSAT,gustavo.pereira,A integracao gera erro ao sincronizar e para no meio.,2025-09-21 15:19:53,NEGATIVA,BUGS
NPS,mariana.dias,A nova interface ficou bem mais intuitiva.,2025-09-21 18:37:48,NEUTRA,FEEDBACK GERAL
CSAT,carla.silva,A disponibilidade melhorou bastante essa semana.,2025-09-21 18:38:36,NEUTRA,FEEDBACK GERAL
CSAT,camila.correa,Hoje o sistema esta super rapido e sem quedas.,2025-09-22 03:04:30,POSITIVA,API/AUTENTICACAO
CSAT,bruno.rocha,Os tutoriais ajudaram muito a comecar.,2025-09-22 05:44:51,NEUTRA,FEEDBACK GERAL
CSAT,thiago.correa,Tem trilha de treinamento para novos usuarios?,2025-09-22 08:33:46,NEUTRA,TREINAMENTO/ONBOARDING
CSAT,lucas.rocha,Parece que um usuario acessou dados que nao deveria.,2025-09-22 11:53:56,NEUTRA,FEEDBACK GERAL
BuzzMonitor,laura.ferreira,O filtro nao funciona e retorna resultados errados. Ticket 14236.,2025-09-22 20:55:14,NEGATIVA,SUPORTE/ATENDIMENTO
NPS,camila.oliveira,A integracao com o gateway de pagamento caiu.,2025-09-23 03:30:29,NEGATIVA,INSTABILIDADE NA PLATAFORMA
NPS,gustavo.nascimento,"O processo de pagamento ficou mais simples, ajudou muito. Preciso de retorno urgente.",2025-09-23 08:37:00,NEGATIVA,FINANCEIRO
BuzzMonitor,thiago.dias,"Evoluiram muito no ultimo trimestre, parabens.",2025-09-23 18:43:33,NEUTRA,FEEDBACK GERAL
CSAT,carla.gomes,Preciso de auditoria e nao encontro logs completos.,2025-09-23 20:36:11,NEUTRA,FEEDBACK GERAL
NPS,fernanda.almeida,Nao consegui importar meus dados iniciais.,2025-09-24 00:21:23,NEUTRA,FEEDBACK GERAL
BOT,mariana.elias,"A sincronizacao ficou consistente, obrigado.",2025-09-24 01:47:54,POSITIVA,FEEDBACK GERAL
CSAT,isabela.teixeira,A ferramenta esta ajudando muito nosso dia a dia.,2025-09-24 04:26:21,NEUTRA,FEEDBACK GERAL
CSAT,ana.oliveira,Fiquei perdido na configuracao inicial.,2025-09-25 12:40:16,NEUTRA,FINANCEIRO
CSAT,isabela.araujo,Os webhooks estao super estaveis agora.,2025-09-25 14:06:42,NEUTRA,FEEDBACK GERAL
CSAT,patricia.pereira,"Boa, o erro de sincronizacao sumiu.",2025-09-25 15:54:28,NEUTRA,BUGS
NPS,mario.nascimento,Depois da ultima manutencao ficou bem mais estavel.,2025-09-25 18:53:00,NEUTRA,FEEDBACK GERAL
NPS,mariana.gomes,"Atendimento excelente, resolveram em minutos.",2025-09-25 20:14:19,POSITIVA,SUPORTE/ATENDIMENTO
BuzzMonitor,ana.barbosa,"Comecei a usar rapido, processo muito bom.",2025-09-25 20:27:39,POSITIVA,API/AUTENTICACAO
BuzzMonitor,carla.souza,O fluxo de cadastro esta muito melhor.,2025-09-25 21:04:26,NEUTRA,FEEDBACK GERAL
BuzzMonitor,joao.dias,O webhooks estao falhando e nao recebo eventos.,2025-09-26 00:25:48,NEGATIVA,BUGS
CSAT,rafael.souza,O cancelamento foi cobrado mesmo depois de eu solicitar.,2025-09-26 03:42:12,NEUTRA,FEEDBACK GERAL
BuzzMonitor,bruno.ferreira,Estou recebendo erro 500 ao tentar salvar.,2025-09-26 23:22:15,NEGATIVA,INSTABILIDADE NA PLATAFORMA
BuzzMonitor,isabela.ribeiro,"A API esta bem documentada, consegui integrar rapido.",2025-09-27 07:52:43,POSITIVA,API/AUTENTICACAO
BuzzMonitor,patricia.dias,A tela nao e intuitiva e acaba atrapalhando.,2025-09-27 09:30:26,NEUTRA,FEEDBACK GERAL
CSAT,thiago.mendes,Tem webinar de introducao?,2025-09-27 14:49:59,NEUTRA,FEEDBACK GERAL
CSAT,leonardo.oliveira,"A importacao esta levando horas, ficou impraticavel.",2025-09-27 17:17:57,NEUTRA,FEEDBACK GERAL
CSAT,lucas.teixeira,Os logs de auditoria ajudaram bastante.,2025-09-27 22:31:57,NEUTRA,FEEDBACK GERAL
NPS,thiago.elias,"Estou sem retorno ha dias, isso prejudica o trabalho.",2025-09-28 00:33:23,NEGATIVA,SUPORTE/ATENDIMENTO
NPS,rafael.gomes,Vocês recomendam qual navegador?,2025-09-28 07:12:23,NEUTRA,FEEDBACK GERAL
BuzzMonitor,gustavo.barbosa,O suporte foi muito prestativo e claro.,2025-09-28 11:34:47,NEUTRA,SUPORTE/ATENDIMENTO
BuzzMonitor,vitor.elias,Tem SDK em Python para integracao?,2025-09-28 12:42:12,NEUTRA,FEEDBACK GERAL
NPS,vitor.pereira,"Estou com problema na cobranca, veio valor duplicado na fatura.",2025-09-28 18:18:35,NEGATIVA,FINANCEIRO
NPS,patricia.martins,A integracao com o ERP nao esta sincronizando.,2025-09-28 18:42:48,NEUTRA,FEEDBACK GERAL
BuzzMonitor,isabela.gomes,"O sistema esta fora do ar desde cedo, precisamos de retorno. Ticket 40815.",2025-09-29 05:01:07,NEGATIVA,INSTABILIDADE NA PLATAFORMA
BuzzMonitor,beatriz.rocha,"Estou vendo lentidao em alguns horarios, e esperado?",2025-09-29 19:56:20,NEUTRA,FEEDBACK GERAL
CSAT,mario.nascimento,"Estou com problema na cobranca, veio valor duplicado na fatura.",2025-09-29 21:57:12,NEGATIVA,FINANCEIRO
BuzzMonitor,fernanda.lima,A nova interface ficou bem mais intuitiva. Preciso de retorno urgente.,2025-09-29 22:36:02,NEGATIVA,FEEDBACK GERAL
CSAT,laura.silva,Vocês podem considerar um novo recurso?,2025-09-30 02:13:18,NEUTRA,TREINAMENTO/ONBOARDING
NPS,vitor.pereira,"Nao tive mais desconexoes, otimo trabalho.",2025-09-30 06:48:23,POSITIVA,FEEDBACK GERAL
BOT,camila.almeida,"Muito bom ter 2FA, aumentou a seguranca.",2025-09-30 10:12:38,POSITIVA,FEEDBACK GERAL
CSAT,vitor.nascimento,Parece que um usuario acessou dados que nao deveria.,2025-09-30 13:03:29,NEUTRA,FEEDBACK GERAL
CSAT,ana.pereira,Onde vejo o log de auditoria?,2025-09-30 13:20:57,NEUTRA,FEEDBACK GERAL
CSAT,mario.silva,Ficou travando e desconectando toda hora.,2025-09-30 13:53:09,NEGATIVA,INSTABILIDADE NA PLATAFORMA
CSAT,camila.barbosa,Fiquei perdido na configuracao inicial.,2025-10-01 00:19:08,NEUTRA,FINANCEIRO
BOT,vitor.dias,"O processo de pagamento ficou mais simples, ajudou muito.",2025-10-01 02:37:18,NEUTRA,FINANCEIRO
NPS,carla.barbosa,Fui transferido varias vezes e nao resolveram.,2025-10-01 05:37:36,NEUTRA,FEEDBACK GERAL
BuzzMonitor,bruno.correa,As telas estao com lentidao em horario comercial.,2025-10-01 11:07:53,NEUTRA,FEEDBACK GERAL
CSAT,mariana.dias,A correcao do filtro resolveu meu problema.,2025-10-01 14:38:45,NEGATIVA,FEEDBACK GERAL
BuzzMonitor,beatriz.barbosa,"Atendimento excelente, resolveram em minutos. Preciso de retorno urgente.",2025-10-01 16:19:29,NEUTRA,SUPORTE/ATENDIMENTO
CSAT,gustavo.araujo,"O sistema esta fora do ar desde cedo, precisamos de retorno.",2025-10-01 20:02:33,NEGATIVA,INSTABILIDADE NA PLATAFORMA
BOT,lucas.ribeiro,Fiquei perdido na configuracao inicial. Ticket 71993.,2025-10-01 21:12:00,NEUTRA,SUPORTE/ATENDIMENTO
CSAT,ana.gomes,"Obrigado por corrigirem o bug da exportacao, agora funciona.",2025-10-02 04:03:02,NEUTRA,BUGS
CSAT,mario.lima,Como faço para salvar filtros como favoritos?,2025-10-02 06:29:25,NEUTRA,FEEDBACK GERAL
CSAT,mario.teixeira,Qual o tempo medio de resposta esperado?,2025-10-02 07:16:37,NEUTRA,FEEDBACK GERAL
CSAT,laura.pereira,"Obrigado por corrigirem o bug da exportacao, agora funciona. Ticket 21683.",2025-10-02 11:18:21,NEUTRA,BUGS
NPS,leonardo.correa,Os dados do CRM estao vindo incompletos na integracao.,2025-10-02 11:20:58,NEUTRA,FEEDBACK GERAL
BuzzMonitor,leonardo.silva,"Nao carrega a tela inicial, fica em loading infinito.",2025-10-03 11:27:16,NEUTRA,FINANCEIRO
BuzzMonitor,patricia.souza,O reset de senha falha e nao chega email.,2025-10-03 13:36:49,NEGATIVA,BUGS
BOT,joao.araujo,"Parabens, a nota fiscal saiu certinha e bem rapido.",2025-10-03 17:35:28,POSITIVA,API/AUTENTICACAO
CSAT,rafael.lima,Tem atalho para acessar relatorios mais rapido? Ticket 63788.,2025-10-04 00:04:19,POSITIVA,API/AUTENTICACAO
BuzzMonitor,lucas.lima,"A performance melhorou muito, ta voando.",2025-10-04 06:33:34,NEUTRA,FEEDBACK GERAL
BOT,carla.carvalho,Seria bom ter mais opcoes de personalizacao.,2025-10-04 10:12:40,POSITIVA,FEATURE REQUEST
BuzzMonitor,bruno.pereira,Tem SDK em Python para integracao?,2025-10-04 18:14:02,NEUTRA,FEEDBACK GERAL
NPS,lucas.lima,"A busca ficou instantanea, parabens.",2025-10-04 19:42:28,NEUTRA,FEEDBACK GERAL
CSAT,ana.martins,O atendimento foi rude e nao ajudou.,2025-10-04 19:54:24,NEUTRA,SUPORTE/ATENDIMENTO
CSAT,isabela.teixeira,Fiquei perdido na configuracao inicial. Ticket 77314.,2025-10-04 23:43:01,NEUTRA,SUPORTE/ATENDIMENTO
NPS,patricia.rocha,Quero entender como funciona o calculo de impostos. Ticket 27961.,2025-10-05 03:09:29,NEUTRA,SUPORTE/ATENDIMENTO
CSAT,bruno.mendes,A plataforma caiu agora e nao consigo acessar. Preciso de retorno urgente.,2025-10-05 05:35:58,NEGATIVA,INSTABILIDADE NA PLATAFORMA
NPS,isabela.almeida,A integracao com o ERP nao esta sincronizando.,2025-10-05 08:27:15,NEUTRA,FEEDBACK GERAL
BuzzMonitor,fernanda.carvalho,As mensagens de erro nao explicam o que fazer.,2025-10-05 09:30:27,NEGATIVA,BUGS
NPS,vitor.lima,O webhooks estao falhando e nao recebo eventos.,2025-10-05 15:39:57,NEGATIVA,BUGS
NPS,joao.lima,Onde vejo o log de auditoria?,2025-10-05 16:30:03,NEUTRA,FEEDBACK GERAL
BuzzMonitor,camila.araujo,O tempo de resposta da API aumentou bastante. Preciso de retorno urgente.,2025-10-06 01:23:07,NEGATIVA,API/AUTENTICACAO
CSAT,joao.pereira,O filtro nao funciona e retorna resultados errados. Ticket 37551.,2025-10-06 13:07:43,NEGATIVA,SUPORTE/ATENDIMENTO
CSAT,camila.barbosa,Os logs de auditoria ajudaram bastante.,2025-10-06 16:45:23,NEUTRA,FEEDBACK GERAL
CSAT,lucas.oliveira,A autenticacao em dois fatores nao funciona.,2025-10-06 18:34:19,NEGATIVA,API/AUTENTICACAO
BuzzMonitor,ana.ferreira,Os webhooks estao super estaveis agora. Preciso de retorno urgente.,2025-10-06 19:26:45,NEGATIVA,FEEDBACK GERAL
BOT,gustavo.martins,"Estou com problema na cobranca, veio valor duplicado na fatura.",2025-10-07 01:49:13,NEGATIVA,FINANCEIRO
NPS,bruno.rocha,Tem alguma pagina de status para acompanhar?,2025-10-07 02:12:53,NEUTRA,FEEDBACK GERAL
BuzzMonitor,mario.correa,Sinto falta de um relatorio mais completo.,2025-10-07 04:21:42,NEUTRA,FEEDBACK GERAL
NPS,diego.pereira,A disponibilidade melhorou bastante essa semana.,2025-10-07 17:33:09,NEUTRA,FEEDBACK GERAL
CSAT,bruno.elias,Qual versao contem a correcao do problema?,2025-10-07 22:01:17,NEGATIVA,FEEDBACK GERAL
BOT,gustavo.lima,Nao consegui importar meus dados iniciais.,2025-10-07 22:29:13,NEUTRA,FEEDBACK GERAL
BuzzMonitor,camila.correa,A nova interface ficou bem mais intuitiva.,2025-10-07 23:05:44,NEUTRA,FEEDBACK GERAL
BuzzMonitor,juliana.rocha,A plataforma caiu agora e nao consigo acessar. Preciso de retorno urgente.,2025-10-08 02:33:11,NEGATIVA,INSTABILIDADE NA PLATAFORMA
NPS,leonardo.carvalho,"Gostei do conector com o ERP, poupou tempo.",2025-10-08 05:20:35,NEUTRA,FEEDBACK GERAL
BOT,beatriz.gomes,"A busca ficou instantanea, parabens.",2025-10-08 06:23:58,NEUTRA,FEEDBACK GERAL
BuzzMonitor,bruno.souza,O reset de senha falha e nao chega email. Preciso de retorno urgente.,2025-10-08 13:33:16,NEGATIVA,BUGS
BOT,juliana.gomes,A busca demora demais e trava o navegador.,2025-10-08 14:17:04,NEGATIVA,INSTABILIDADE NA PLATAFORMA
BuzzMonitor,ana.carvalho,Como faço para salvar filtros como favoritos?,2025-10-08 16:46:00,NEUTRA,FEEDBACK GERAL
NPS,leonardo.silva,A nova interface ficou bem mais intuitiva. Preciso de retorno urgente.,2025-10-08 21:12:46,NEGATIVA,FEEDBACK GERAL
CSAT,leonardo.correa,"A performance melhorou muito, ta voando. Preciso de retorno urgente.",2025-10-09 02:24:00,NEGATIVA,FEEDBACK GERAL
NPS,fernanda.carvalho,O suporte demorou muito para responder meu chamado.,2025-10-09 05:25:18,NEUTRA,SUPORTE/ATENDIMENTO
CSAT,vitor.teixeira,Posso reorganizar o menu?,2025-10-09 05:41:37,NEUTRA,FEEDBACK GERAL
CSAT,thiago.elias,Consigo abrir um chamado para esse comportamento?,2025-10-09 06:44:55,NEUTRA,SUPORTE/ATENDIMENTO
NPS,diego.teixeira,O menu mudou e agora ficou pior de usar.,2025-10-09 07:53:22,NEUTRA,FEEDBACK GERAL
BOT,patricia.souza,Muitos cliques para fazer uma tarefa simples.,2025-10-09 16:25:41,NEUTRA,FEEDBACK GERAL
BuzzMonitor,lucas.gomes,O sistema esta muito lento para carregar relatorios. Preciso de retorno urgente.,2025-10-09 16:45:29,NEGATIVA,INSTABILIDADE NA PLATAFORMA
NPS,isabela.mendes,Posso enviar logs para ajudar a investigar?,2025-10-09 22:45:34,NEUTRA,FEEDBACK GERAL
CSAT,fernanda.elias,Acho que a comunicacao de mudancas poderia melhorar.,2025-10-10 03:33:25,NEUTRA,FEEDBACK GERAL
CSAT,gustavo.martins,O reset de senha falha e nao chega email.,2025-10-10 04:32:35,NEGATIVA,BUGS
BuzzMonitor,carla.souza,Ficou travando e desconectando toda hora.,2025-10-10 06:57:18,NEGATIVA,INSTABILIDADE NA PLATAFORMA
CSAT,mariana.carvalho,"Muito bom ter 2FA, aumentou a seguranca.",2025-10-10 12:51:59,POSITIVA,FEEDBACK GERAL
CSAT,laura.ferreira,"Nao carrega a tela inicial, fica em loading infinito.",2025-10-10 15:50:15,NEUTRA,FINANCEIRO
NPS,isabela.rocha,"A navegacao esta confusa, nao acho as configuracoes.",2025-10-10 16:07:46,NEUTRA,FINANCEIRO
NPS,bruno.rocha,Preciso de auditoria e nao encontro logs completos.,2025-10-10 16:11:08,NEUTRA,FEEDBACK GERAL
BuzzMonitor,fernanda.mendes,A plataforma caiu agora e nao consigo acessar.,2025-10-10 16:43:25,NEGATIVA,INSTABILIDADE NA PLATAFORMA
BuzzMonitor,patricia.gomes,Parece que um usuario acessou dados que nao deveria.,2025-10-10 21:39:20,NEUTRA,FEEDBACK GERAL
NPS,joao.rocha,O atendimento foi rude e nao ajudou.,2025-10-10 22:36:58,NEUTRA,SUPORTE/ATENDIMENTO
BOT,mariana.silva,Quero falar com um especialista em integracoes.,2025-10-11 05:28:14,NEUTRA,FEEDBACK GERAL
CSAT,mariana.dias,"A API esta bem documentada, consegui integrar rapido.",2025-10-11 06:19:06,POSITIVA,API/AUTENTICACAO
BOT,diego.araujo,Os dados do CRM estao vindo incompletos na integracao. Ticket 84890.,2025-10-11 09:33:45,NEUTRA,SUPORTE/ATENDIMENTO
BuzzMonitor,joao.pereira,"O sistema esta fora do ar desde cedo, precisamos de retorno.",2025-10-11 09:35:35,NEGATIVA,INSTABILIDADE NA PLATAFORMA
NPS,leonardo.ribeiro,A integracao com o ERP nao esta sincronizando.,2025-10-11 10:42:24,NEUTRA,FEEDBACK GERAL
NPS,beatriz.araujo,"Comecei a usar rapido, processo muito bom.",2025-10-11 19:21:50,POSITIVA,API/AUTENTICACAO
BuzzMonitor,carla.barbosa,"Gostei do conector com o ERP, poupou tempo.",2025-10-12 03:19:14,NEUTRA,FEEDBACK GERAL
BuzzMonitor,camila.araujo,A nova interface ficou bem mais intuitiva. Ticket 60137.,2025-10-12 06:44:58,NEUTRA,SUPORTE/ATENDIMENTO
NPS,vitor.rocha,O suporte demorou muito para responder meu chamado. Preciso de retorno urgente.,2025-10-12 12:41:19,NEGATIVA,SUPORTE/ATENDIMENTO
BuzzMonitor,patricia.ribeiro,"A busca ficou instantanea, parabens.",2025-10-12 14:10:31,NEUTRA,FEEDBACK GERAL
BuzzMonitor,rafael.araujo,Qual foi a causa da indisponibilidade de ontem?,2025-10-12 18:42:41,NEUTRA,FEEDBACK GERAL
BOT,beatriz.elias,"O sistema esta fora do ar desde cedo, precisamos de retorno.",2025-10-12 20:20:50,NEGATIVA,INSTABILIDADE NA PLATAFORMA
BuzzMonitor,vitor.souza,Qual o status do incidente da manha?,2025-10-13 00:55:17,NEUTRA,FEEDBACK GERAL
NPS,joao.oliveira,A integracao com o gateway de pagamento caiu.,2025-10-13 03:57:52,NEGATIVA,INSTABILIDADE NA PLATAFORMA
NPS,lucas.souza,Os tutoriais nao cobrem o que eu preciso. Preciso de retorno urgente.,2025-10-13 04:41:58,NEGATIVA,FEEDBACK GERAL
CSAT,gustavo.rocha,"O time de CS acompanhou ate a solucao, show.",2025-10-13 06:49:30,POSITIVA,FEEDBACK GERAL
NPS,camila.elias,Posso enviar logs para ajudar a investigar?,2025-10-13 11:13:58,NEUTRA,FEEDBACK GERAL
CSAT,gustavo.ribeiro,"Boa, o erro de sincronizacao sumiu.",2025-10-13 13:39:25,NEUTRA,BUGS
CSAT,patricia.araujo,Vocês recomendam qual navegador?,2025-10-13 16:53:14,NEUTRA,FEEDBACK GERAL
NPS,mariana.teixeira,Qual o prazo para emitir nota fiscal?,2025-10-13 16:55:13,NEUTRA,FINANCEIRO
BuzzMonitor,mariana.rocha,"As dicas na tela ajudam bastante, parabens.",2025-10-13 20:59:15,NEUTRA,FEEDBACK GERAL
CSAT,lucas.almeida,"A equipe acompanhou a implantacao, foi tranquilo. Preciso de retorno urgente.",2025-10-14 04:34:21,NEGATIVA,FEEDBACK GERAL
CSAT,mario.carvalho,Os dados do CRM estao vindo incompletos na integracao.,2025-10-14 11:56:54,NEUTRA,FEEDBACK GERAL
BuzzMonitor,rafael.ribeiro,Preciso de auditoria e nao encontro logs completos.,2025-10-14 19:42:37,NEUTRA,FEEDBACK GERAL
BuzzMonitor,mariana.teixeira,O fluxo de cadastro esta muito melhor.,2025-10-15 05:30:59,NEUTRA,FEEDBACK GERAL
NPS,vitor.gomes,"Atendimento excelente, resolveram em minutos. Preciso de retorno urgente.",2025-10-15 09:47:11,NEUTRA,SUPORTE/ATENDIMENTO
CSAT,carla.silva,"O sistema esta fora do ar desde cedo, precisamos de retorno.",2025-10-15 15:48:03,NEGATIVA,INSTABILIDADE NA PLATAFORMA
BOT,rafael.dias,O onboarding foi confuso e faltou treinamento.,2025-10-15 18:06:21,POSITIVA,FINANCEIRO
BuzzMonitor,rafael.silva,A experiencia poderia ser melhor em dispositivos moveis.,2025-10-15 20:46:22,NEUTRA,FEEDBACK GERAL
BuzzMonitor,leonardo.souza,Estou recebendo erro 500 ao tentar salvar.,2025-10-15 22:38:54,NEGATIVA,INSTABILIDADE NA PLATAFORMA
BuzzMonitor,bruno.elias,O filtro nao funciona e retorna resultados errados.,2025-10-16 00:48:58,NEGATIVA,FEEDBACK GERAL
CSAT,rafael.silva,"A API esta bem documentada, consegui integrar rapido.",2025-10-16 03:28:33,POSITIVA,API/AUTENTICACAO
NPS,laura.dias,O sistema duplica registros ao importar.,2025-10-16 03:37:50,NEUTRA,FEEDBACK GERAL
CSAT,thiago.elias,Qual foi a causa da indisponibilidade de ontem?,2025-10-16 04:20:45,NEUTRA,FEEDBACK GERAL
CSAT,patricia.nascimento,Qual foi a causa da indisponibilidade de ontem?,2025-10-16 05:44:12,NEUTRA,FEEDBACK GERAL
NPS,carla.almeida,O cancelamento foi cobrado mesmo depois de eu solicitar. Preciso de retorno urgente.,2025-10-16 14:34:04,NEGATIVA,FEEDBACK GERAL
BuzzMonitor,thiago.rocha,Onde eu encontro o historico de faturas?,2025-10-16 20:43:06,NEUTRA,FINANCEIRO
CSAT,thiago.pereira,A busca demora demais e trava o navegador.,2025-10-17 07:32:04,NEGATIVA,INSTABILIDADE NA PLATAFORMA
BuzzMonitor,camila.lima,Resposta rapida e com orientacao completa.,2025-10-17 08:08:44,NEUTRA,API/AUTENTICACAO
BOT,laura.souza,"Faltam campos no cadastro, isso atrapalha.",2025-10-17 09:24:24,NEUTRA,FEEDBACK GERAL
CSAT,patricia.silva,Tem SSO com Azure AD?,2025-10-17 09:52:23,NEUTRA,FEEDBACK GERAL
CSAT,diego.ribeiro,O onboarding foi confuso e faltou treinamento. Preciso de retorno urgente.,2025-10-17 21:07:03,NEUTRA,FINANCEIRO
CSAT,ana.nascimento,Qual o status do incidente da manha?,2025-10-18 00:22:01,NEUTRA,FEEDBACK GERAL
NPS,bruno.carvalho,"Gostei do novo painel financeiro, bem mais claro.",2025-10-18 03:06:11,NEUTRA,FEEDBACK GERAL
CSAT,gustavo.oliveira,Onde encontro a opcao para personalizar colunas?,2025-10-18 08:36:20,NEUTRA,FEEDBACK GERAL
CSAT,mario.mendes,A documentacao e bem completa.,2025-10-18 12:30:44,NEUTRA,TREINAMENTO/ONBOARDING
BuzzMonitor,joao.almeida,A documentacao esta desatualizada.,2025-10-18 14:34:14,NEUTRA,TREINAMENTO/ONBOARDING
BOT,fernanda.mendes,Os tutoriais nao cobrem o que eu preciso.,2025-10-18 20:49:25,NEUTRA,FEEDBACK GERAL
CSAT,fernanda.carvalho,Os tutoriais nao cobrem o que eu preciso.,2025-10-19 00:18:23,NEUTRA,FEEDBACK GERAL
BOT,fernanda.araujo,A disponibilidade melhorou bastante essa semana.,2025-10-19 05:43:16,NEUTRA,FEEDBACK GERAL
BuzzMonitor,carla.correa,"A performance melhorou muito, ta voando. Preciso de retorno urgente.",2025-10-19 11:55:59,NEGATIVA,FEEDBACK GERAL
CSAT,joao.mendes,O onboarding foi confuso e faltou treinamento.,2025-10-19 17:05:50,POSITIVA,FINANCEIRO
BuzzMonitor,fernanda.souza,O atendimento foi rude e nao ajudou.,2025-10-19 17:06:53,NEUTRA,SUPORTE/ATENDIMENTO
CSAT,lucas.rocha,Onde encontro a opcao para personalizar colunas?,2025-10-20 03:43:52,NEUTRA,FEEDBACK GERAL
BuzzMonitor,carla.silva,A conciliacao bancaria ficou bem melhor nessa versao.,2025-10-20 04:46:58,NEUTRA,FEEDBACK GERAL
CSAT,vitor.souza,Vocês podem considerar um novo recurso?,2025-10-20 06:21:15,NEUTRA,TREINAMENTO/ONBOARDING
BOT,vitor.correa,No geral estou bem satisfeito com a plataforma.,2025-10-20 14:53:49,NEUTRA,FEEDBACK GERAL
NPS,mariana.souza,Qual politica de retencao de logs?,2025-10-20 15:12:20,NEUTRA,FEEDBACK GERAL
NPS,diego.gomes,Existe cache para relatorios?,2025-10-20 18:28:18,NEUTRA,FEEDBACK GERAL
CSAT,vitor.gomes,"Estou sem retorno ha dias, isso prejudica o trabalho.",2025-10-21 02:58:27,NEGATIVA,SUPORTE/ATENDIMENTO
BOT,joao.martins,O tempo de resposta da API aumentou bastante.,2025-10-21 04:34:48,NEUTRA,API/AUTENTICACAO
NPS,beatriz.ribeiro,"A equipe acompanhou a implantacao, foi tranquilo.",2025-10-21 10:29:27,NEUTRA,FEEDBACK GERAL
CSAT,juliana.dias,As telas estao com lentidao em horario comercial.,2025-10-21 17:15:15,NEUTRA,FEEDBACK GERAL
BuzzMonitor,laura.rocha,A ferramenta esta ajudando muito nosso dia a dia.,2025-10-21 19:55:27,NEUTRA,FEEDBACK GERAL
CSAT,carla.ferreira,Qual politica de retencao de logs?,2025-10-21 22:08:59,NEUTRA,FEEDBACK GERAL
BuzzMonitor,beatriz.teixeira,Qual foi a causa da indisponibilidade de ontem? Preciso de retorno urgente.,2025-10-22 05:29:06,NEGATIVA,FEEDBACK GERAL
BuzzMonitor,fernanda.elias,Parabens pelas melhorias de seguranca.,2025-10-22 06:24:29,NEUTRA,FEATURE REQUEST
CSAT,camila.silva,A plataforma caiu agora e nao consigo acessar.,2025-10-22 12:47:05,NEGATIVA,INSTABILIDADE NA PLATAFORMA
NPS,bruno.rocha,A experiencia poderia ser melhor em dispositivos moveis.,2025-10-22 16:54:43,NEUTRA,FEEDBACK GERAL
CSAT,bruno.ribeiro,Estou recebendo erro 500 ao tentar salvar.,2025-10-22 19:48:46,NEGATIVA,INSTABILIDADE NA PLATAFORMA
NPS,patricia.souza,O boleto nao foi gerado e estou com pagamento em atraso por causa disso.,2025-10-22 23:36:49,NEUTRA,SUPORTE/ATENDIMENTO
NPS,mario.almeida,Parece que um usuario acessou dados que não deveria.,2025-10-23 00:39:14,NEUTRA,FEEDBACK GERAL
NPS,mariana.ferreira,Posso enviar logs para ajudar a investigar?,2025-10-23 14:50:08,NEUTRA,FEEDBACK GERAL
NPS,thiago.silva,Hoje o sistema esta super rapido e sem quedas.,2025-10-23 16:25:35,POSITIVA,API/AUTENTICACAO
BOT,lucas.souza,A integracao gera erro ao sincronizar e para no meio.,2025-10-23 19:22:36,NEGATIVA,BUGS
CSAT,gustavo.souza,As mensagens de erro não explicam o que fazer.,2025-10-23 22:56:43,NEGATIVA,BUGS
BuzzMonitor,mariana.mendes,Depois da ultima manutencao ficou bem mais estavel.,2025-10-24 03:24:03,NEUTRA,FEEDBACK GERAL
CSAT,leonardo.ribeiro,"A API esta bem documentada, consegui integrar rapido.",2025-10-24 04:52:58,POSITIVA,API/AUTENTICACAO
BOT,thiago.dias,O atendimento foi rude e nao ajudou.,2025-10-24 05:13:30,NEUTRA,SUPORTE/ATENDIMENTO
CSAT,mario.mendes,O fluxo de cadastro esta muito melhor.,2025-10-24 06:11:55,NEUTRA,FEEDBACK GERAL
BuzzMonitor,bruno.ribeiro,Fui transferido varias vezes e nao resolveram.,2025-10-24 07:53:46,NEUTRA,FEEDBACK GERAL
CSAT,isabela.lima,"A sincronizacao ficou consistente, obrigado. Preciso de retorno urgente.",2025-10-24 08:09:35,NEUTRA,FEEDBACK GERAL
CSAT,bruno.elias,O onboarding foi confuso e faltou treinamento.,2025-10-24 11:49:48,POSITIVA,FINANCEIRO
BuzzMonitor,isabela.araujo,"A sincronizacao ficou consistente, obrigado.",2025-10-24 12:32:47,POSITIVA,FEEDBACK GERAL
NPS,leonardo.nascimento,Quero participar do beta de novas funcoes.,2025-10-24 14:17:50,NEUTRA,FEEDBACK GERAL
CSAT,lucas.nascimento,Vocês tiveram alguma manutencao programada hoje? Preciso de retorno urgente.,2025-10-24 15:40:13,NEGATIVA,FEEDBACK GERAL
CSAT,carla.ribeiro,"A fatura veio com reajuste sem aviso, podem verificar?",2025-10-24 17:27:34,NEUTRA,FINANCEIRO
BuzzMonitor,patricia.silva,A autenticacao em dois fatores nao funciona.,2025-10-24 20:53:17,NEGATIVA,API/AUTENTICACAO
CSAT,mariana.barbosa,"Gostei do conector com o ERP, poupou tempo.",2025-10-25 03:04:23,NEUTRA,FEEDBACK GERAL
CSAT,juliana.ribeiro,As telas estao com lentidao em horario comercial.,2025-10-25 06:52:59,NEUTRA,FEEDBACK GERAL
BOT,ana.araujo,"A fatura veio com reajuste sem aviso, podem verificar?",2025-10-25 07:15:27,NEUTRA,FINANCEIRO
NPS,beatriz.silva,Tem trilha de treinamento para novos usuarios?,2025-10-25 13:19:00,NEUTRA,TREINAMENTO/ONBOARDING
NPS,joao.almeida,A integracao com o ERP nao esta sincronizando.,2025-10-25 14:30:57,NEUTRA,FEEDBACK GERAL
NPS,patricia.silva,Tem atendimento aos finais de semana?,2025-10-25 15:45:40,NEUTRA,SUPORTE/ATENDIMENTO
BuzzMonitor,ana.pereira,"Estou sem retorno ha dias, isso prejudica o trabalho.",2025-10-25 16:01:31,NEGATIVA,SUPORTE/ATENDIMENTO
BuzzMonitor,vitor.nascimento,Importacao muito mais eficiente agora.,2025-10-26 00:45:55,NEUTRA,FEEDBACK GERAL
CSAT,carla.correa,Tem SDK em Python para integracao? Preciso de retorno urgente.,2025-10-26 01:56:54,NEGATIVA,FEEDBACK GERAL
CSAT,juliana.ribeiro,"A fatura veio com reajuste sem aviso, podem verificar?",2025-10-26 02:17:46,NEUTRA,FINANCEIRO
CSAT,vitor.oliveira,"Nao tive mais desconexoes, otimo trabalho.",2025-10-26 02:43:02,POSITIVA,FEEDBACK GERAL
CSAT,gustavo.almeida,"As dicas na tela ajudam bastante, parabens.",2025-10-26 05:57:37,NEUTRA,FEEDBACK GERAL
CSAT,patricia.barbosa,A autenticacao em dois fatores nao funciona. Ticket 75459.,2025-10-26 11:06:30,NEGATIVA,API/AUTENTICACAO
NPS,mariana.gomes,A documentacao e bem completa.,2025-10-26 12:52:17,NEUTRA,TREINAMENTO/ONBOARDING
BuzzMonitor,bruno.correa,"Estou sem retorno ha dias, isso prejudica o trabalho.",2025-10-26 14:31:13,NEGATIVA,SUPORTE/ATENDIMENTO
CSAT,joao.ribeiro,"A sincronizacao ficou consistente, obrigado.",2025-10-26 16:46:45,POSITIVA,FEEDBACK GERAL
CSAT,lucas.rocha,Resposta rapida e com orientacao completa.,2025-10-27 01:23:10,NEUTRA,API/AUTENTICACAO
CSAT,isabela.mendes,Fiquei perdido na configuracao inicial.,2025-10-27 08:46:30,NEUTRA,FINANCEIRO
BuzzMonitor,joao.teixeira,Fiquei perdido na configuracao inicial. Preciso de retorno urgente.,2025-10-27 09:05:56,NEGATIVA,FINANCEIRO
NPS,ana.almeida,A integracao suporta ambientes de teste?,2025-10-27 12:45:39,NEUTRA,FEEDBACK GERAL
CSAT,gustavo.lima,"Estou sem retorno ha dias, isso prejudica o trabalho. Preciso de retorno urgente.",2025-10-27 13:26:28,NEGATIVA,SUPORTE/ATENDIMENTO
CSAT,camila.souza,"A performance melhorou muito, ta voando.",2025-10-27 13:50:22,NEUTRA,FEEDBACK GERAL
CSAT,rafael.elias,A nova interface ficou bem mais intuitiva.,2025-10-27 14:54:50,NEUTRA,FEEDBACK GERAL
NPS,bruno.carvalho,A experiencia poderia ser melhor em dispositivos moveis.,2025-10-27 15:06:58,NEUTRA,FEEDBACK GERAL
CSAT,vitor.ferreira,"Boa, o erro de sincronizacao sumiu.",2025-10-27 19:27:58,NEUTRA,BUGS
BuzzMonitor,beatriz.martins,As telas estao com lentidao em horario comercial. Preciso de retorno urgente.,2025-10-27 23:00:54,NEGATIVA,FEEDBACK GERAL
BuzzMonitor,mariana.silva,Como abro um chamado para suporte tecnico?,2025-10-28 07:51:03,NEUTRA,SUPORTE/ATENDIMENTO
BOT,ana.oliveira,Onde encontro a opcao para personalizar colunas?,2025-10-28 10:14:46,NEUTRA,FEEDBACK GERAL
CSAT,mariana.pereira,Importacao muito mais eficiente agora.,2025-10-29 03:13:59,NEUTRA,FEEDBACK GERAL
CSAT,thiago.martins,O tempo de resposta da API aumentou bastante.,2025-10-29 05:06:17,NEUTRA,API/AUTENTICACAO
BOT,patricia.barbosa,No geral estou bem satisfeito com a plataforma. Ticket 57720.,2025-10-29 08:59:55,NEUTRA,SUPORTE/ATENDIMENTO
NPS,carla.ribeiro,Qual o status do incidente da manha?,2025-10-30 11:39:24,NEUTRA,FEEDBACK GERAL
BuzzMonitor,diego.pereira,A API esta bem mais rapida nessa versao. Preciso de retorno urgente.,2025-10-30 16:22:16,NEGATIVA,API/AUTENTICACAO
CSAT,ana.carvalho,O tempo de resposta da API aumentou bastante.,2025-10-30 17:57:04,NEUTRA,API/AUTENTICACAO
CSAT,patricia.lima,O boleto nao foi gerado e estou com pagamento em atraso por causa disso.,2025-10-30 22:23:48,NEUTRA,SUPORTE/ATENDIMENTO
CSAT,isabela.mendes,O suporte demorou muito para responder meu chamado.,2025-10-31 05:58:15,NEUTRA,SUPORTE/ATENDIMENTO
CSAT,fernanda.gomes,Qual politica de retencao de logs?,2025-10-31 07:09:05,NEUTRA,FEEDBACK GERAL
NPS,mariana.pereira,Fui transferido varias vezes e nao resolveram.,2025-10-31 07:31:13,NEUTRA,FEEDBACK GERAL
CSAT,mariana.elias,Como configuro 2FA para todos os usuarios?,2025-10-31 09:37:11,NEUTRA,FINANCEIRO
BuzzMonitor,rafael.almeida,O suporte foi muito prestativo e claro.,2025-10-31 23:27:01,NEUTRA,SUPORTE/ATENDIMENTO
NPS,laura.dias,"Parabens, a nota fiscal saiu certinha e bem rapido.",2025-11-01 00:29:05,POSITIVA,API/AUTENTICACAO
CSAT,patricia.silva,Tenho uma sugestao de melhoria para o produto.,2025-11-01 10:12:14,NEUTRA,FEATURE REQUEST
CSAT,laura.rocha,A integracao com o ERP nao esta sincronizando.,2025-11-01 18:29:38,NEUTRA,FEEDBACK GERAL
BuzzMonitor,vitor.carvalho,Nao consegui importar meus dados iniciais.,2025-11-01 19:26:36,NEUTRA,FEEDBACK GERAL
CSAT,beatriz.carvalho,"Obrigado por corrigirem o bug da exportacao, agora funciona.",2025-11-01 20:55:52,NEUTRA,BUGS
CSAT,lucas.gomes,Onde eu encontro o historico de faturas?,2025-11-02 01:23:01,NEUTRA,FINANCEIRO
CSAT,fernanda.ferreira,Estou recebendo erro 500 ao tentar salvar.,2025-11-03 01:32:06,NEGATIVA,INSTABILIDADE NA PLATAFORMA
CSAT,diego.mendes,O boleto nao foi gerado e estou com pagamento em atraso por causa disso.,2025-11-03 01:48:44,NEUTRA,SUPORTE/ATENDIMENTO
BuzzMonitor,gustavo.barbosa,O onboarding foi excelente e bem guiado.,2025-11-03 06:48:24,POSITIVA,TREINAMENTO/ONBOARDING
NPS,ana.lima,O menu mudou e agora ficou pior de usar.,2025-11-03 07:39:30,NEUTRA,FEEDBACK GERAL
CSAT,camila.mendes,O botao de salvar nao responde na tela de cadastro.,2025-11-03 10:43:42,NEUTRA,FEEDBACK GERAL
CSAT,mario.pereira,Qual o passo a passo recomendado para comecar? Preciso de retorno urgente.,2025-11-03 11:46:11,NEGATIVA,FEEDBACK GERAL
BOT,diego.ribeiro,Como abro um chamado para suporte tecnico?,2025-11-03 12:34:09,NEUTRA,SUPORTE/ATENDIMENTO
CSAT,lucas.ferreira,Tem trilha de treinamento para novos usuarios? Ticket 57381.,2025-11-03 15:13:28,NEUTRA,SUPORTE/ATENDIMENTO
BuzzMonitor,mario.gomes,"Relatorios agora carregam rapido, excelente.",2025-11-03 19:26:28,POSITIVA,API/AUTENTICACAO
NPS,bruno.lima,"Adorei as novas funcionalidades, muito util.",2025-11-03 19:35:45,NEUTRA,FEEDBACK GERAL
NPS,fernanda.oliveira,A autenticacao em dois fatores nao funciona. Preciso de retorno urgente.,2025-11-03 22:48:39,NEGATIVA,API/AUTENTICACAO
BuzzMonitor,patricia.teixeira,O sistema duplica registros ao importar.,2025-11-04 05:08:30,NEUTRA,FEEDBACK GERAL
BOT,bruno.almeida,A tela nao e intuitiva e acaba atrapalhando.,2025-11-04 06:33:10,NEUTRA,FEEDBACK GERAL
CSAT,patricia.ribeiro,A experiencia poderia ser melhor em dispositivos moveis.,2025-11-04 08:12:07,NEUTRA,FEEDBACK GERAL
BuzzMonitor,camila.almeida,Estou recebendo erro 500 ao tentar salvar.,2025-11-04 10:25:10,NEGATIVA,INSTABILIDADE NA PLATAFORMA
CSAT,diego.elias,Qual versao contem a correcao do problema?,2025-11-04 14:07:54,NEGATIVA,FEEDBACK GERAL
NPS,ana.rocha,Onde eu encontro o historico de faturas?,2025-11-04 17:42:26,NEUTRA,FINANCEIRO
BuzzMonitor,camila.elias,No geral estou bem satisfeito com a plataforma.,2025-11-04 19:45:14,NEUTRA,FEEDBACK GERAL
BuzzMonitor,carla.souza,"Faltam campos no cadastro, isso atrapalha.",2025-11-04 23:48:36,NEUTRA,FEEDBACK GERAL
CSAT,vitor.oliveira,"As dicas na tela ajudam bastante, parabens.",2025-11-05 03:58:15,NEUTRA,FEEDBACK GERAL
BuzzMonitor,gustavo.dias,O reset de senha falha e nao chega email.,2025-11-05 04:30:08,NEGATIVA,BUGS
BuzzMonitor,joao.elias,Onde eu reporto um bug com print da tela?,2025-11-05 04:47:20,NEGATIVA,BUGS
CSAT,rafael.barbosa,A experiencia poderia ser melhor em dispositivos moveis.,2025-11-05 05:16:13,NEUTRA,FEEDBACK GERAL
BuzzMonitor,leonardo.rocha,"A performance melhorou muito, ta voando.",2025-11-05 05:19:50,NEUTRA,FEEDBACK GERAL
CSAT,patricia.silva,O menu mudou e agora ficou pior de usar.,2025-11-05 08:14:49,NEUTRA,FEEDBACK GERAL
BOT,lucas.martins,"A API esta bem documentada, consegui integrar rapido.",2025-11-05 09:32:38,POSITIVA,API/AUTENTICACAO
CSAT,lucas.silva,Tem alguma previsao para corrigir a exportacao? Preciso de retorno urgente.,2025-11-05 20:06:34,NEGATIVA,FEEDBACK GERAL
BOT,joao.souza,"A busca ficou instantanea, parabens.",2025-11-05 22:03:06,NEUTRA,FEEDBACK GERAL
BOT,diego.barbosa,O tempo de resposta da API aumentou bastante.,2025-11-06 03:29:18,NEUTRA,API/AUTENTICACAO
CSAT,ana.barbosa,O suporte demorou muito para responder meu chamado.,2025-11-06 04:44:15,NEUTRA,SUPORTE/ATENDIMENTO
BuzzMonitor,thiago.mendes,A plataforma caiu agora e nao consigo acessar. Preciso de retorno urgente.,2025-11-06 16:08:54,NEGATIVA,INSTABILIDADE NA PLATAFORMA
BuzzMonitor,mariana.barbosa,Preciso de auditoria e nao encontro logs completos.,2025-11-06 23:58:46,NEUTRA,FEEDBACK GERAL
NPS,patricia.ribeiro,Fiquei perdido na configuracao inicial.,2025-11-07 02:16:10,NEUTRA,FINANCEIRO
BuzzMonitor,thiago.martins,"Preciso atualizar o responsavel do contrato, com quem falo?",2025-11-07 06:47:31,NEUTRA,FEEDBACK GERAL
BOT,isabela.martins,"A tela de cadastro ficou redonda, sem bugs. Ticket 67386.",2025-11-07 07:05:51,NEGATIVA,BUGS
CSAT,leonardo.lima,Acho que a comunicacao de mudancas poderia melhorar.,2025-11-07 07:08:42,NEUTRA,FEEDBACK GERAL
BOT,juliana.barbosa,O filtro nao funciona e retorna resultados errados.,2025-11-07 15:56:11,NEGATIVA,FEEDBACK GERAL
CSAT,diego.barbosa,"Gostei do controle de permissoes, bem completo.",2025-11-07 17:31:10,NEUTRA,FEEDBACK GERAL
BOT,gustavo.nascimento,Posso reorganizar o menu?,2025-11-08 11:08:06,NEUTRA,FEEDBACK GERAL
BuzzMonitor,fernanda.gomes,O sistema esta muito lento para carregar relatorios. Preciso de retorno urgente.,2025-11-08 21:56:03,NEGATIVA,INSTABILIDADE NA PLATAFORMA
BuzzMonitor,mariana.dias,Tem como trocar a forma de pagamento para cartao?,2025-11-09 07:00:15,NEUTRA,FINANCEIRO
BOT,joao.correa,"A navegacao esta confusa, nao acho as configuracoes.",2025-11-09 08:58:25,NEUTRA,FINANCEIRO
CSAT,vitor.correa,Nao consigo atualizar meus dados de pagamento no sistema.,2025-11-09 10:45:30,NEUTRA,FINANCEIRO
NPS,beatriz.nascimento,A documentacao esta desatualizada.,2025-11-09 11:47:42,NEUTRA,TREINAMENTO/ONBOARDING
CSAT,mario.mendes,O filtro não funciona e retorna resultados errados.,2025-11-09 15:56:28,NEGATIVA,FEEDBACK GERAL
CSAT,laura.ribeiro,No geral estou bem satisfeito com a plataforma.,2025-11-10 04:36:57,NEUTRA,FEEDBACK GERAL
NPS,leonardo.araujo,Como abro um chamado para suporte tecnico?,2025-11-10 05:01:03,NEUTRA,SUPORTE/ATENDIMENTO
BuzzMonitor,thiago.araujo,"Estou sem retorno ha dias, isso prejudica o trabalho.",2025-11-10 06:52:12,NEGATIVA,SUPORTE/ATENDIMENTO
NPS,juliana.oliveira,O suporte foi muito prestativo e claro.,2025-11-10 10:43:00,NEUTRA,SUPORTE/ATENDIMENTO
BOT,gustavo.nascimento,O boleto nao foi gerado e estou com pagamento em atraso por causa disso.,2025-11-10 12:18:50,NEUTRA,SUPORTE/ATENDIMENTO
CSAT,fernanda.carvalho,Parabens pelas melhorias de seguranca.,2025-11-10 16:34:38,NEUTRA,FEATURE REQUEST
CSAT,gustavo.rocha,A integracao com o CRM funcionou sem dor de cabeca.,2025-11-10 20:57:45,POSITIVA,FEEDBACK GERAL
BuzzMonitor,isabela.teixeira,"Estou sem retorno ha dias, isso prejudica o trabalho.",2025-11-11 02:31:26,NEGATIVA,SUPORTE/ATENDIMENTO
CSAT,gustavo.nascimento,A tela nao e intuitiva e acaba atrapalhando.,2025-11-11 07:13:15,NEUTRA,FEEDBACK GERAL
CSAT,beatriz.ferreira,A ferramenta esta ajudando muito nosso dia a dia.,2025-11-11 09:35:05,NEUTRA,FEEDBACK GERAL
BuzzMonitor,carla.almeida,No geral estou bem satisfeito com a plataforma.,2025-11-11 14:04:32,NEUTRA,FEEDBACK GERAL
CSAT,patricia.rocha,O botao de salvar nao responde na tela de cadastro.,2025-11-11 23:45:35,NEUTRA,FEEDBACK GERAL
NPS,carla.mendes,Os tutoriais nao cobrem o que eu preciso.,2025-11-12 03:55:27,NEUTRA,FEEDBACK GERAL
CSAT,juliana.mendes,Os webhooks estao super estaveis agora.,2025-11-12 04:08:13,NEUTRA,FEEDBACK GERAL
CSAT,mariana.souza,Depois da ultima manutencao ficou bem mais estavel. Preciso de retorno urgente.,2025-11-12 06:14:17,NEGATIVA,FEEDBACK GERAL
CSAT,bruno.ferreira,As telas estao com lentidao em horario comercial.,2025-11-12 08:27:57,NEUTRA,FEEDBACK GERAL
BuzzMonitor,lucas.martins,Vocês tiveram alguma manutencao programada hoje?,2025-11-12 14:22:34,NEUTRA,FEEDBACK GERAL
NPS,leonardo.carvalho,Tem atalho para acessar relatorios mais rapido?,2025-11-12 19:04:57,POSITIVA,API/AUTENTICACAO
BuzzMonitor,vitor.rocha,O onboarding foi excelente e bem guiado.,2025-11-12 19:25:53,POSITIVA,TREINAMENTO/ONBOARDING
BuzzMonitor,juliana.nascimento,A exportacao para contabilidade funcionou de primeira. Ticket 37294.,2025-11-13 02:14:39,POSITIVA,SUPORTE/ATENDIMENTO
CSAT,camila.carvalho,Posso reorganizar o menu?,2025-11-13 02:54:37,NEUTRA,FEEDBACK GERAL
NPS,fernanda.correa,Os webhooks estao super estaveis agora.,2025-11-13 05:09:00,NEUTRA,FEEDBACK GERAL
NPS,carla.pereira,Nao consegui importar meus dados iniciais.,2025-11-13 07:11:20,NEUTRA,FEEDBACK GERAL
CSAT,fernanda.mendes,As telas estao com lentidao em horario comercial.,2025-11-13 08:58:36,NEUTRA,FEEDBACK GERAL
BOT,lucas.ribeiro,Vocês podem considerar um novo recurso?,2025-11-13 12:27:50,NEUTRA,TREINAMENTO/ONBOARDING
BuzzMonitor,thiago.correa,O reset de senha falha e nao chega email.,2025-11-13 13:05:20,NEGATIVA,BUGS
CSAT,carla.almeida,"O processo de pagamento ficou mais simples, ajudou muito.",2025-11-13 14:59:36,NEUTRA,FINANCEIRO
CSAT,lucas.silva,Onde eu encontro o historico de faturas?,2025-11-13 16:08:07,NEUTRA,FINANCEIRO
BuzzMonitor,thiago.almeida,A API esta retornando 401 mesmo com token valido.,2025-11-14 05:33:58,NEGATIVA,API/AUTENTICACAO
CSAT,bruno.correa,O cancelamento foi cobrado mesmo depois de eu solicitar.,2025-11-14 08:00:29,NEUTRA,FEEDBACK GERAL
NPS,rafael.carvalho,Qual foi a causa da indisponibilidade de ontem?,2025-11-14 19:49:50,NEUTRA,FEEDBACK GERAL
NPS,camila.pereira,O suporte demorou muito para responder meu chamado.,2025-11-14 21:12:07,NEUTRA,SUPORTE/ATENDIMENTO
CSAT,carla.araujo,A autenticacao em dois fatores nao funciona.,2025-11-15 01:09:15,NEGATIVA,API/AUTENTICACAO
CSAT,isabela.elias,A busca demora demais e trava o navegador.,2025-11-15 01:18:44,NEGATIVA,INSTABILIDADE NA PLATAFORMA
CSAT,patricia.silva,Onde encontro a base de conhecimento?,2025-11-15 03:12:42,NEUTRA,FEEDBACK GERAL
BuzzMonitor,carla.nascimento,"Gostei do conector com o ERP, poupou tempo.",2025-11-15 04:49:05,NEUTRA,FEEDBACK GERAL
CSAT,camila.carvalho,Tem boas praticas para melhorar performance?,2025-11-15 11:56:33,POSITIVA,FEEDBACK GERAL
BOT,vitor.nascimento,Parece que um usuario acessou dados que nao deveria.,2025-11-15 13:05:09,NEUTRA,FEEDBACK GERAL
BOT,thiago.oliveira,A ferramenta esta ajudando muito nosso dia a dia.,2025-11-15 13:25:17,NEUTRA,FEEDBACK GERAL
BuzzMonitor,patricia.barbosa,Nao consegui importar meus dados iniciais.,2025-11-15 15:28:49,NEUTRA,FEEDBACK GERAL
CSAT,joao.correa,O sistema esta muito lento para carregar relatorios.,2025-11-16 05:48:36,NEGATIVA,INSTABILIDADE NA PLATAFORMA
CSAT,mariana.souza,O sistema esta muito lento para carregar relatorios.,2025-11-16 05:50:32,NEGATIVA,INSTABILIDADE NA PLATAFORMA
CSAT,thiago.almeida,"Adorei as novas funcionalidades, muito util.",2025-11-16 07:13:56,NEUTRA,FEEDBACK GERAL
CSAT,leonardo.pereira,A correcao do filtro resolveu meu problema.,2025-11-16 10:18:06,NEGATIVA,FEEDBACK GERAL
NPS,lucas.gomes,Quando tento exportar CSV ele vem vazio.,2025-11-16 10:51:08,NEUTRA,FEEDBACK GERAL
CSAT,juliana.pereira,O menu mudou e agora ficou pior de usar.,2025-11-16 15:17:50,NEUTRA,FEEDBACK GERAL
NPS,mario.ribeiro,Vocês oferecem implantacao assistida?,2025-11-16 17:08:08,NEUTRA,FEEDBACK GERAL
BuzzMonitor,thiago.mendes,O reset de senha falha e nao chega email. Preciso de retorno urgente.,2025-11-16 17:33:06,NEGATIVA,BUGS
NPS,patricia.carvalho,"Obrigado por corrigirem o bug da exportacao, agora funciona.",2025-11-16 22:46:51,NEUTRA,BUGS
BuzzMonitor,isabela.lima,Acho que a comunicacao de mudancas poderia melhorar.,2025-11-16 23:22:44,NEUTRA,FEEDBACK GERAL
BuzzMonitor,beatriz.silva,Fui transferido varias vezes e nao resolveram.,2025-11-16 23:39:17,NEUTRA,FEEDBACK GERAL
NPS,rafael.carvalho,Existe cache para relatorios? Preciso de retorno urgente.,2025-11-17 01:03:54,NEGATIVA,FEEDBACK GERAL
CSAT,beatriz.araujo,"Gostei do controle de permissoes, bem completo.",2025-11-17 12:27:21,NEUTRA,FEEDBACK GERAL
CSAT,thiago.rocha,"Nao carrega a tela inicial, fica em loading infinito.",2025-11-17 21:36:57,NEUTRA,FINANCEIRO
BuzzMonitor,isabela.araujo,A plataforma caiu agora e nao consigo acessar.,2025-11-18 09:03:43,NEGATIVA,INSTABILIDADE NA PLATAFORMA
CSAT,vitor.almeida,Muitos cliques para fazer uma tarefa simples.,2025-11-18 11:06:32,NEUTRA,FEEDBACK GERAL
NPS,beatriz.barbosa,"A tela de cadastro ficou redonda, sem bugs.",2025-11-18 11:51:30,NEGATIVA,BUGS
CSAT,camila.teixeira,Como gero um token de API?,2025-11-18 17:29:52,NEUTRA,API/AUTENTICACAO
CSAT,bruno.ribeiro,"Nao carrega a tela inicial, fica em loading infinito.",2025-11-18 22:40:06,NEUTRA,FINANCEIRO
BuzzMonitor,diego.silva,"Estou sem retorno ha dias, isso prejudica o trabalho. Preciso de retorno urgente.",2025-11-19 03:06:14,NEGATIVA,SUPORTE/ATENDIMENTO
NPS,fernanda.elias,Como gero um token de API?,2025-11-19 03:40:13,NEUTRA,API/AUTENTICACAO
NPS,lucas.dias,A tela nao e intuitiva e acaba atrapalhando.,2025-11-19 06:50:03,NEUTRA,FEEDBACK GERAL
CSAT,patricia.barbosa,A plataforma caiu agora e nao consigo acessar.,2025-11-19 07:04:42,NEGATIVA,INSTABILIDADE NA PLATAFORMA
CSAT,leonardo.martins,Depois do patch nao ocorre mais duplicacao na importacao.,2025-11-19 07:06:02,NEUTRA,FEEDBACK GERAL
CSAT,ana.elias,O suporte foi muito prestativo e claro.,2025-11-19 08:00:24,NEUTRA,SUPORTE/ATENDIMENTO
CSAT,patricia.teixeira,"Faltam campos no cadastro, isso atrapalha.",2025-11-19 08:49:11,NEUTRA,FEEDBACK GERAL
BuzzMonitor,thiago.ferreira,Quando tento exportar CSV ele vem vazio.,2025-11-19 11:44:11,NEUTRA,FEEDBACK GERAL
CSAT,lucas.correa,"A tela de cadastro ficou redonda, sem bugs.",2025-11-19 20:44:23,NEGATIVA,BUGS
BuzzMonitor,mario.rocha,Ficou travando e desconectando toda hora.,2025-11-19 23:46:03,NEGATIVA,INSTABILIDADE NA PLATAFORMA
BOT,lucas.pereira,Qual versao contem a correcao do problema? Preciso de retorno urgente.,2025-11-20 11:04:40,NEGATIVA,FEEDBACK GERAL
CSAT,ana.ribeiro,Tem SSO com Azure AD?,2025-11-20 14:26:02,NEUTRA,FEEDBACK GERAL
BuzzMonitor,gustavo.nascimento,"A importacao esta levando horas, ficou impraticavel.",2025-11-20 22:20:31,NEUTRA,FEEDBACK GERAL
CSAT,beatriz.correa,Vocês tiveram alguma manutencao programada hoje?,2025-11-20 22:28:09,NEUTRA,FEEDBACK GERAL
BuzzMonitor,thiago.dias,"Obrigada pela paciencia, problema resolvido.",2025-11-20 23:02:33,POSITIVA,FEEDBACK GERAL
CSAT,mariana.nascimento,A API esta retornando 401 mesmo com token valido.,2025-11-21 01:32:07,NEGATIVA,API/AUTENTICACAO
NPS,gustavo.teixeira,O menu mudou e agora ficou pior de usar.,2025-11-21 07:44:58,NEUTRA,FEEDBACK GERAL
NPS,ana.pereira,Vocês podem considerar um novo recurso?,2025-11-21 10:17:50,NEUTRA,TREINAMENTO/ONBOARDING
CSAT,joao.oliveira,Onde encontro a opcao para personalizar colunas? Preciso de retorno urgente.,2025-11-21 13:21:58,NEGATIVA,FEEDBACK GERAL
CSAT,vitor.teixeira,"Adorei as novas funcionalidades, muito util.",2025-11-21 16:46:05,NEUTRA,FEEDBACK GERAL
BuzzMonitor,rafael.teixeira,Tem trilha de treinamento para novos usuarios?,2025-11-21 17:12:12,NEUTRA,TREINAMENTO/ONBOARDING
CSAT,isabela.almeida,Sinto falta de um relatorio mais completo. Preciso de retorno urgente.,2025-11-21 20:35:24,NEGATIVA,FEEDBACK GERAL
BuzzMonitor,laura.ribeiro,As mensagens de erro nao explicam o que fazer.,2025-11-21 21:48:07,NEGATIVA,BUGS
CSAT,vitor.rocha,O reset de senha falha e nao chega email. Preciso de retorno urgente.,2025-11-22 01:11:17,NEGATIVA,BUGS
CSAT,diego.elias,"Atendimento excelente, resolveram em minutos.",2025-11-22 01:11:34,POSITIVA,SUPORTE/ATENDIMENTO
CSAT,beatriz.lima,A experiencia poderia ser melhor em dispositivos moveis.,2025-11-22 04:53:43,NEUTRA,FEEDBACK GERAL
BuzzMonitor,diego.lima,A documentacao esta desatualizada.,2025-11-22 08:05:07,NEUTRA,TREINAMENTO/ONBOARDING
CSAT,mariana.dias,Onde vejo o log de auditoria?,2025-11-22 12:46:00,NEUTRA,FEEDBACK GERAL
CSAT,juliana.teixeira,Como gero um token de API?,2025-11-22 16:46:45,NEUTRA,API/AUTENTICACAO
BuzzMonitor,rafael.nascimento,Hoje o sistema esta super rapido e sem quedas.,2025-11-22 18:05:21,POSITIVA,API/AUTENTICACAO
NPS,vitor.rocha,"A API esta bem documentada, consegui integrar rapido.",2025-11-22 21:53:33,POSITIVA,API/AUTENTICACAO
BuzzMonitor,gustavo.lima,Os tutoriais ajudaram muito a comecar.,2025-11-22 23:08:17,NEUTRA,FEEDBACK GERAL
CSAT,carla.gomes,"As dicas na tela ajudam bastante, parabens.",2025-11-23 05:09:15,NEUTRA,FEEDBACK GERAL
BOT,juliana.silva,Fiquei perdido na configuracao inicial.,2025-11-23 16:14:45,NEUTRA,FINANCEIRO
CSAT,beatriz.pereira,Sinto falta de um relatorio mais completo.,2025-11-23 16:22:50,NEUTRA,FEEDBACK GERAL
BuzzMonitor,bruno.silva,"Estou sem retorno ha dias, isso prejudica o trabalho. Preciso de retorno urgente.",2025-11-23 19:42:52,NEGATIVA,SUPORTE/ATENDIMENTO
CSAT,juliana.araujo,Quero entender como funciona o calculo de impostos.,2025-11-24 04:21:46,NEUTRA,FEEDBACK GERAL
BuzzMonitor,fernanda.barbosa,"A fatura veio com reajuste sem aviso, podem verificar?",2025-11-24 05:37:58,NEUTRA,FINANCEIRO
CSAT,patricia.ferreira,A integracao com o ERP nao esta sincronizando.,2025-11-24 09:32:17,NEUTRA,FEEDBACK GERAL
BOT,ana.pereira,"Estou sem retorno ha dias, isso prejudica o trabalho.",2025-11-24 10:02:04,NEGATIVA,SUPORTE/ATENDIMENTO
BuzzMonitor,leonardo.nascimento,Os dados do CRM estao vindo incompletos na integracao. Preciso de retorno urgente.,2025-11-24 11:58:33,NEGATIVA,FEEDBACK GERAL
CSAT,camila.carvalho,"A busca ficou instantanea, parabens.",2025-11-24 14:25:16,NEUTRA,FEEDBACK GERAL
NPS,beatriz.mendes,A nova interface ficou bem mais intuitiva.,2025-11-24 19:15:35,NEUTRA,FEEDBACK GERAL
BuzzMonitor,bruno.gomes,Tem alguma previsao para corrigir a exportacao?,2025-11-25 01:09:32,NEUTRA,FEEDBACK GERAL
NPS,gustavo.araujo,O sistema duplica registros ao importar.,2025-11-25 01:35:09,NEUTRA,FEEDBACK GERAL
CSAT,fernanda.elias,"Gostei do novo painel financeiro, bem mais claro.",2025-11-25 04:20:23,NEUTRA,FEEDBACK GERAL
BuzzMonitor,fernanda.pereira,Gostaria de entender o roadmap de funcionalidades.,2025-11-25 08:59:21,NEUTRA,FEATURE REQUEST
CSAT,diego.barbosa,"A performance melhorou muito, ta voando. Preciso de retorno urgente.",2025-11-25 11:06:46,NEGATIVA,FEEDBACK GERAL
CSAT,beatriz.dias,Os webhooks estao super estaveis agora.,2025-11-25 12:59:01,NEUTRA,FEEDBACK GERAL
BOT,carla.pereira,A documentacao e bem completa.,2025-11-26 01:05:14,NEUTRA,TREINAMENTO/ONBOARDING
NPS,ana.araujo,"O time de CS acompanhou ate a solucao, show.",2025-11-26 01:23:41,POSITIVA,FEEDBACK GERAL
NPS,rafael.nascimento,Tenho uma sugestao de melhoria para o produto.,2025-11-26 04:08:10,NEUTRA,FEATURE REQUEST
BuzzMonitor,ana.nascimento,A tela nao e intuitiva e acaba atrapalhando.,2025-11-26 04:51:00,NEUTRA,FEEDBACK GERAL
BuzzMonitor,carla.oliveira,Onde vejo o log de auditoria? Preciso de retorno urgente.,2025-11-26 08:14:31,NEGATIVA,FEEDBACK GERAL
CSAT,isabela.almeida,No geral estou bem satisfeito com a plataforma.,2025-11-26 14:25:03,NEUTRA,FEEDBACK GERAL
NPS,ana.mendes,A autenticacao em dois fatores nao funciona.,2025-11-27 01:01:20,NEGATIVA,API/AUTENTICACAO
CSAT,patricia.dias,Nao consigo atualizar meus dados de pagamento no sistema.,2025-11-27 05:41:24,NEUTRA,FINANCEIRO
BOT,rafael.rocha,O menu mudou e agora ficou pior de usar.,2025-11-27 09:33:00,NEUTRA,FEEDBACK GERAL
CSAT,diego.araujo,A integracao gera erro ao sincronizar e para no meio.,2025-11-27 12:48:25,NEGATIVA,BUGS
CSAT,laura.mendes,No geral estou bem satisfeito com a plataforma.,2025-11-27 14:15:05,NEUTRA,FEEDBACK GERAL
NPS,carla.silva,A integracao gera erro ao sincronizar e para no meio.,2025-11-27 16:05:24,NEGATIVA,BUGS
BuzzMonitor,vitor.rocha,Muitos cliques para fazer uma tarefa simples.,2025-11-27 17:03:37,NEUTRA,FEEDBACK GERAL
NPS,rafael.ribeiro,Nao consigo atualizar meus dados de pagamento no sistema.,2025-11-27 17:27:36,NEUTRA,FINANCEIRO
BuzzMonitor,laura.teixeira,"Estou vendo lentidao em alguns horarios, e esperado?",2025-11-27 18:28:06,NEUTRA,FEEDBACK GERAL
NPS,bruno.souza,As telas estao com lentidao em horario comercial.,2025-11-27 19:01:40,NEUTRA,FEEDBACK GERAL
BOT,isabela.elias,O fluxo de cadastro esta muito melhor.,2025-11-28 19:10:29,NEUTRA,FEEDBACK GERAL
NPS,leonardo.silva,O atendente nao entendeu o problema e encerrou o ticket.,2025-11-28 21:27:41,NEGATIVA,BUGS
NPS,laura.araujo,"As dicas na tela ajudam bastante, parabens.",2025-11-29 10:03:21,NEUTRA,FEEDBACK GERAL
CSAT,fernanda.elias,A tela nao e intuitiva e acaba atrapalhando.,2025-11-29 11:51:49,NEUTRA,FEEDBACK GERAL
BOT,vitor.pereira,"Estou com problema na cobranca, veio valor duplicado na fatura.",2025-11-29 15:59:24,NEGATIVA,FINANCEIRO
NPS,leonardo.ferreira,O botao de salvar nao responde na tela de cadastro. Preciso de retorno urgente.,2025-11-29 18:05:47,NEGATIVA,FEEDBACK GERAL
BuzzMonitor,isabela.mendes,Depois do patch nao ocorre mais duplicacao na importacao.,2025-11-29 21:20:56,NEUTRA,FEEDBACK GERAL
BOT,juliana.souza,O onboarding foi confuso e faltou treinamento.,2025-11-29 21:21:57,POSITIVA,FINANCEIRO
NPS,bruno.souza,A integracao com o ERP nao esta sincronizando. Preciso de retorno urgente. Ticket 22776.,2025-11-30 04:07:01,NEGATIVA,SUPORTE/ATENDIMENTO
CSAT,beatriz.ribeiro,Vocês tiveram alguma manutencao programada hoje?,2025-11-30 04:24:49,NEUTRA,FEEDBACK GERAL
BuzzMonitor,mario.lima,Ficou travando e desconectando toda hora.,2025-11-30 04:46:10,NEGATIVA,INSTABILIDADE NA PLATAFORMA
BOT,rafael.teixeira,Nao consigo atualizar meus dados de pagamento no sistema.,2025-11-30 12:13:29,NEUTRA,FINANCEIRO
BuzzMonitor,beatriz.souza,A correcao do filtro resolveu meu problema. Preciso de retorno urgente. Ticket 34670.,2025-11-30 14:34:20,NEGATIVA,SUPORTE/ATENDIMENTO
CSAT,beatriz.araujo,Ficou travando e desconectando toda hora. Preciso de retorno urgente.,2025-11-30 21:03:11,NEGATIVA,INSTABILIDADE NA PLATAFORMA
BuzzMonitor,beatriz.ferreira,Ficou travando e desconectando toda hora.,2025-12-01 01:05:29,NEGATIVA,INSTABILIDADE NA PLATAFORMA
BuzzMonitor,juliana.elias,Sinto falta de um relatorio mais completo.,2025-12-01 02:31:32,NEUTRA,FEEDBACK GERAL
NPS,thiago.martins,A exportacao para contabilidade funcionou de primeira. Preciso de retorno urgente.,2025-12-01 03:07:04,NEUTRA,FEEDBACK GERAL
CSAT,thiago.araujo,A experiencia poderia ser melhor em dispositivos moveis.,2025-12-01 05:14:23,NEUTRA,FEEDBACK GERAL
NPS,laura.martins,"As dicas na tela ajudam bastante, parabens.",2025-12-01 07:09:32,NEUTRA,FEEDBACK GERAL
BOT,leonardo.dias,O tempo de resposta da API aumentou bastante. Preciso de retorno urgente.,2025-12-01 17:49:57,NEGATIVA,API/AUTENTICACAO
BOT,mariana.dias,Resposta rapida e com orientacao completa. Preciso de retorno urgente.,2025-12-01 20:23:03,NEGATIVA,API/AUTENTICACAO
CSAT,carla.teixeira,Posso enviar logs para ajudar a investigar?,2025-12-02 00:21:19,NEUTRA,FEEDBACK GERAL
NPS,beatriz.gomes,A ferramenta esta ajudando muito nosso dia a dia.,2025-12-02 04:31:39,NEUTRA,FEEDBACK GERAL
NPS,beatriz.almeida,Muitos cliques para fazer uma tarefa simples. Preciso de retorno urgente.,2025-12-02 07:10:40,NEGATIVA,FEEDBACK GERAL
CSAT,joao.oliveira,Acho que a comunicacao de mudancas poderia melhorar.,2025-12-02 07:49:40,NEUTRA,FEEDBACK GERAL
BuzzMonitor,leonardo.almeida,"Estou sem retorno ha dias, isso prejudica o trabalho.",2025-12-02 09:52:22,NEGATIVA,SUPORTE/ATENDIMENTO
NPS,carla.elias,"O sistema esta fora do ar desde cedo, precisamos de retorno.",2025-12-02 10:26:12,NEGATIVA,INSTABILIDADE NA PLATAFORMA
CSAT,camila.mendes,Os webhooks estao super estaveis agora.,2025-12-02 13:32:11,NEUTRA,FEEDBACK GERAL
BOT,juliana.barbosa,"O sistema esta fora do ar desde cedo, precisamos de retorno. Ticket 60351.",2025-12-02 14:35:27,NEGATIVA,INSTABILIDADE NA PLATAFORMA
BuzzMonitor,bruno.araujo,Quando tento exportar CSV ele vem vazio. Preciso de retorno urgente.,2025-12-02 15:18:40,NEGATIVA,FEEDBACK GERAL
BOT,juliana.carvalho,"Adorei as novas funcionalidades, muito util.",2025-12-03 01:05:30,NEUTRA,FEEDBACK GERAL
CSAT,diego.oliveira,O atendimento foi rude e nao ajudou.,2025-12-03 11:22:17,NEUTRA,SUPORTE/ATENDIMENTO
BOT,vitor.martins,A experiencia poderia ser melhor em dispositivos moveis. Preciso de retorno urgente. Ticket 85937.,2025-12-03 16:27:27,NEGATIVA,SUPORTE/ATENDIMENTO
CSAT,mario.oliveira,"O processo de pagamento ficou mais simples, ajudou muito.",2025-12-04 02:10:40,NEUTRA,FINANCEIRO
CSAT,mario.teixeira,A exportacao para contabilidade funcionou de primeira.,2025-12-04 14:27:58,POSITIVA,FEEDBACK GERAL
NPS,isabela.pereira,"A equipe acompanhou a implantacao, foi tranquilo.",2025-12-04 15:33:45,NEUTRA,FEEDBACK GERAL
BuzzMonitor,mariana.oliveira,A experiencia de uso evoluiu muito.,2025-12-04 17:16:30,NEUTRA,FEEDBACK GERAL
CSAT,ana.correa,"Produto excelente, atende bem nossas necessidades.",2025-12-04 23:22:16,POSITIVA,FEEDBACK GERAL
BuzzMonitor,camila.oliveira,Sinto falta de um relatorio mais completo.,2025-12-05 01:26:00,NEUTRA,FEEDBACK GERAL
CSAT,carla.barbosa,"Nao carrega a tela inicial, fica em loading infinito.",2025-12-05 05:41:01,NEUTRA,FINANCEIRO
BOT,leonardo.souza,"Estou com problema na cobranca, veio valor duplicado na fatura.",2025-12-05 14:01:29,NEGATIVA,FINANCEIRO
NPS,rafael.araujo,A tela nao e intuitiva e acaba atrapalhando.,2025-12-05 15:21:35,NEUTRA,FEEDBACK GERAL
CSAT,leonardo.silva,Parece que um usuario acessou dados que nao deveria. Preciso de retorno urgente. Ticket 76088.,2025-12-06 01:42:13,NEGATIVA,SUPORTE/ATENDIMENTO
NPS,leonardo.dias,"Estou com problema na cobranca, veio valor duplicado na fatura.",2025-12-06 05:05:23,NEGATIVA,FINANCEIRO
BuzzMonitor,vitor.rocha,"Gostei do controle de permissoes, bem completo.",2025-12-06 06:35:57,NEUTRA,FEEDBACK GERAL
CSAT,rafael.martins,Consigo abrir um chamado para esse comportamento? Preciso de retorno urgente.,2025-12-06 08:10:53,NEGATIVA,SUPORTE/ATENDIMENTO
NPS,camila.lima,O cancelamento foi cobrado mesmo depois de eu solicitar. Preciso de retorno urgente.,2025-12-06 11:21:37,NEGATIVA,FEEDBACK GERAL
CSAT,laura.barbosa,Consigo abrir um chamado para esse comportamento?,2025-12-06 21:47:09,NEUTRA,SUPORTE/ATENDIMENTO
NPS,mariana.rocha,A busca demora demais e trava o navegador.,2025-12-07 03:38:37,NEGATIVA,INSTABILIDADE NA PLATAFORMA
CSAT,rafael.silva,Os webhooks estao super estaveis agora. Preciso de retorno urgente.,2025-12-07 07:10:13,NEGATIVA,FEEDBACK GERAL
CSAT,mario.dias,O boleto nao foi gerado e estou com pagamento em atraso por causa disso.,2025-12-07 10:27:28,NEUTRA,SUPORTE/ATENDIMENTO
BuzzMonitor,carla.almeida,Tem trilha de treinamento para novos usuarios?,2025-12-07 22:33:39,NEUTRA,TREINAMENTO/ONBOARDING
CSAT,gustavo.lima,"Muito bom ter 2FA, aumentou a seguranca. Preciso de retorno urgente.",2025-12-08 01:11:58,NEUTRA,FEEDBACK GERAL
BuzzMonitor,mario.rocha,O botao de salvar nao responde na tela de cadastro.,2025-12-08 03:59:07,NEUTRA,FEEDBACK GERAL
NPS,juliana.barbosa,Tem SSO com Azure AD?,2025-12-08 11:54:53,NEUTRA,FEEDBACK GERAL
CSAT,bruno.araujo,"Gostei do novo painel financeiro, bem mais claro.",2025-12-08 15:31:39,NEUTRA,FEEDBACK GERAL
NPS,camila.teixeira,Muitos cliques para fazer uma tarefa simples.,2025-12-08 21:17:16,NEUTRA,FEEDBACK GERAL
CSAT,mariana.barbosa,"Produto excelente, atende bem nossas necessidades.",2025-12-09 02:05:07,POSITIVA,FEEDBACK GERAL
CSAT,vitor.nascimento,As mensagens de erro não explicam o que fazer.,2025-12-09 02:32:17,NEGATIVA,BUGS
NPS,mario.teixeira,"Adorei as novas funcionalidades, muito util.",2025-12-09 03:23:46,NEUTRA,FEEDBACK GERAL
BuzzMonitor,camila.nascimento,Tem alguma previsao para corrigir a exportacao?,2025-12-09 07:23:40,NEUTRA,FEEDBACK GERAL
NPS,gustavo.ribeiro,O cancelamento foi cobrado mesmo depois de eu solicitar.,2025-12-09 15:59:59,NEUTRA,FEEDBACK GERAL
NPS,lucas.mendes,O boleto nao foi gerado e estou com pagamento em atraso por causa disso.,2025-12-09 16:24:12,NEUTRA,SUPORTE/ATENDIMENTO
NPS,patricia.lima,Qual politica de retencao de logs? Ticket 28931.,2025-12-09 19:34:32,NEUTRA,SUPORTE/ATENDIMENTO
CSAT,beatriz.pereira,Qual o tempo medio de resposta esperado?,2025-12-09 20:24:13,NEUTRA,FEEDBACK GERAL
CSAT,bruno.oliveira,A API esta bem mais rapida nessa versao.,2025-12-09 21:44:04,NEUTRA,API/AUTENTICACAO
CSAT,mariana.teixeira,O botao de salvar nao responde na tela de cadastro.,2025-12-10 00:08:47,NEUTRA,FEEDBACK GERAL
BuzzMonitor,fernanda.carvalho,O menu mudou e agora ficou pior de usar.,2025-12-10 03:35:20,NEUTRA,FEEDBACK GERAL
CSAT,isabela.almeida,Tem alguma previsao para corrigir a exportacao? Preciso de retorno urgente. Ticket 29416.,2025-12-10 03:46:19,NEGATIVA,SUPORTE/ATENDIMENTO
CSAT,carla.elias,A experiencia de uso evoluiu muito.,2025-12-10 07:21:01,NEUTRA,FEEDBACK GERAL
CSAT,lucas.souza,Os webhooks estao super estaveis agora.,2025-12-10 10:39:34,NEUTRA,FEEDBACK GERAL
NPS,mario.silva,"Estou com problema na cobranca, veio valor duplicado na fatura.",2025-12-10 12:30:23,NEGATIVA,FINANCEIRO
BuzzMonitor,rafael.almeida,Tenho uma sugestao de melhoria para o produto.,2025-12-10 12:37:19,NEUTRA,FEATURE REQUEST
BOT,gustavo.araujo,Qual versao contem a correcao do problema? Preciso de retorno urgente.,2025-12-10 13:20:49,NEGATIVA,FEEDBACK GERAL
CSAT,vitor.oliveira,Como gero um token de API?,2025-12-10 16:47:38,NEUTRA,API/AUTENTICACAO
NPS,vitor.mendes,Tem trilha de treinamento para novos usuarios?,2025-12-10 18:41:53,NEUTRA,TREINAMENTO/ONBOARDING
NPS,laura.rocha,"A navegacao esta confusa, nao acho as configuracoes.",2025-12-10 20:38:51,NEUTRA,FINANCEIRO
CSAT,gustavo.teixeira,Ficou travando e desconectando toda hora. Preciso de retorno urgente.,2025-12-10 21:00:30,NEGATIVA,INSTABILIDADE NA PLATAFORMA
BuzzMonitor,juliana.rocha,"A sincronizacao ficou consistente, obrigado.",2025-12-11 11:14:06,POSITIVA,FEEDBACK GERAL
CSAT,juliana.rocha,"O sistema esta fora do ar desde cedo, precisamos de retorno.",2025-12-11 11:52:22,NEGATIVA,INSTABILIDADE NA PLATAFORMA
BOT,juliana.araujo,A API esta retornando 401 mesmo com token valido.,2025-12-11 13:02:30,NEGATIVA,API/AUTENTICACAO
CSAT,isabela.lima,A experiencia poderia ser melhor em dispositivos moveis.,2025-12-11 17:33:07,NEUTRA,FEEDBACK GERAL
CSAT,gustavo.gomes,O reset de senha falha e nao chega email.,2025-12-11 17:43:46,NEGATIVA,BUGS
NPS,ana.carvalho,"Estou sem retorno ha dias, isso prejudica o trabalho.",2025-12-11 20:31:04,NEGATIVA,SUPORTE/ATENDIMENTO
BOT,mariana.martins,"As dicas na tela ajudam bastante, parabens. Preciso de retorno urgente.",2025-12-13 04:11:35,NEGATIVA,FEEDBACK GERAL
NPS,carla.elias,Fui transferido varias vezes e nao resolveram.,2025-12-13 11:42:58,NEUTRA,FEEDBACK GERAL
NPS,isabela.mendes,Os tutoriais nao cobrem o que eu preciso.,2025-12-14 03:26:05,NEUTRA,FEEDBACK GERAL
CSAT,thiago.correa,"A sincronizacao ficou consistente, obrigado.",2025-12-14 04:33:10,POSITIVA,FEEDBACK GERAL
NPS,beatriz.ferreira,O bloqueio por IP facilitou nossa politica interna. Preciso de retorno urgente.,2025-12-14 06:07:31,NEGATIVA,FEEDBACK GERAL
NPS,thiago.souza,Estou recebendo erro 500 ao tentar salvar.,2025-12-14 07:25:37,NEGATIVA,INSTABILIDADE NA PLATAFORMA
CSAT,ana.gomes,"Gostei do controle de permissoes, bem completo.",2025-12-14 14:29:32,NEUTRA,FEEDBACK GERAL
BuzzMonitor,carla.martins,A tela nao e intuitiva e acaba atrapalhando.,2025-12-14 14:59:41,NEUTRA,FEEDBACK GERAL
BuzzMonitor,mario.nascimento,"A performance melhorou muito, ta voando.",2025-12-14 16:30:15,NEUTRA,FEEDBACK GERAL
CSAT,patricia.souza,A documentacao esta desatualizada. Preciso de retorno urgente.,2025-12-14 19:28:16,NEGATIVA,TREINAMENTO/ONBOARDING
NPS,carla.barbosa,"O time de CS acompanhou ate a solucao, show.",2025-12-14 20:32:13,POSITIVA,FEEDBACK GERAL
BuzzMonitor,bruno.souza,Tem atalho para acessar relatorios mais rapido?,2025-12-15 04:15:19,POSITIVA,API/AUTENTICACAO
NPS,carla.araujo,A experiencia de uso evoluiu muito.,2025-12-15 04:38:25,NEUTRA,FEEDBACK GERAL
NPS,diego.araujo,A integracao gera erro ao sincronizar e para no meio.,2025-12-15 04:49:32,NEGATIVA,BUGS
NPS,juliana.souza,A integracao com o gateway de pagamento caiu. Preciso de retorno urgente.,2025-12-15 11:43:58,NEGATIVA,INSTABILIDADE NA PLATAFORMA
BOT,thiago.elias,Existe cache para relatorios? Ticket 78835.,2025-12-15 15:04:20,NEUTRA,SUPORTE/ATENDIMENTO
BuzzMonitor,diego.araujo,"A performance melhorou muito, ta voando.",2025-12-16 02:15:21,NEUTRA,FEEDBACK GERAL
NPS,thiago.rocha,"Gostei do novo painel financeiro, bem mais claro.",2025-12-16 02:26:05,NEUTRA,FEEDBACK GERAL
NPS,isabela.martins,Quero entender como funciona o calculo de impostos.,2025-12-16 09:29:57,NEUTRA,FEEDBACK GERAL
BuzzMonitor,mariana.gomes,Quero entender como funciona o calculo de impostos.,2025-12-16 10:19:53,NEUTRA,FEEDBACK GERAL
BOT,carla.carvalho,O suporte demorou muito para responder meu chamado.,2025-12-16 14:45:26,NEUTRA,SUPORTE/ATENDIMENTO
CSAT,ana.araujo,"Produto excelente, atende bem nossas necessidades.",2025-12-16 15:11:01,POSITIVA,FEEDBACK GERAL
CSAT,mariana.carvalho,A disponibilidade melhorou bastante essa semana.,2025-12-16 16:50:58,NEUTRA,FEEDBACK GERAL
BuzzMonitor,lucas.almeida,"A fatura veio com reajuste sem aviso, podem verificar? Preciso de retorno urgente.",2025-12-16 21:54:29,NEGATIVA,FINANCEIRO
BuzzMonitor,laura.pereira,O filtro nao funciona e retorna resultados errados.,2025-12-17 13:21:48,NEGATIVA,FEEDBACK GERAL
BOT,camila.ribeiro,"Obrigado por corrigirem o bug da exportacao, agora funciona.",2025-12-17 15:27:25,NEUTRA,BUGS
BuzzMonitor,rafael.elias,O onboarding foi confuso e faltou treinamento.,2025-12-17 15:57:48,POSITIVA,FINANCEIRO
BuzzMonitor,vitor.ferreira,"A performance melhorou muito, ta voando. Preciso de retorno urgente.",2025-12-17 18:57:22,NEGATIVA,FEEDBACK GERAL
BuzzMonitor,bruno.almeida,Quero falar com um especialista em integracoes.,2025-12-17 23:24:50,NEUTRA,FEEDBACK GERAL
BOT,gustavo.teixeira,A integracao suporta ambientes de teste? Preciso de retorno urgente.,2025-12-18 01:13:29,NEGATIVA,FEEDBACK GERAL
BuzzMonitor,beatriz.barbosa,O cancelamento foi cobrado mesmo depois de eu solicitar.,2025-12-18 01:39:05,NEUTRA,FEEDBACK GERAL
CSAT,mario.silva,Qual o limite de requisicoes por minuto na API?,2025-12-18 05:34:47,NEUTRA,API/AUTENTICACAO
NPS,vitor.elias,"O time de CS acompanhou ate a solucao, show.",2025-12-18 13:08:45,POSITIVA,FEEDBACK GERAL
CSAT,isabela.ribeiro,Nao consegui importar meus dados iniciais. Preciso de retorno urgente. Ticket 18834.,2025-12-18 15:07:34,NEGATIVA,SUPORTE/ATENDIMENTO
NPS,rafael.gomes,Os logs de auditoria ajudaram bastante. Ticket 51755.,2025-12-18 18:49:23,NEUTRA,SUPORTE/ATENDIMENTO
CSAT,camila.pereira,"O time de CS acompanhou ate a solucao, show.",2025-12-18 19:26:21,POSITIVA,FEEDBACK GERAL
CSAT,thiago.ribeiro,Sinto falta de um relatorio mais completo.,2025-12-19 04:24:21,NEUTRA,FEEDBACK GERAL
NPS,laura.ferreira,Importacao muito mais eficiente agora.,2025-12-19 04:29:55,NEUTRA,FEEDBACK GERAL
CSAT,mario.gomes,"As dicas na tela ajudam bastante, parabens.",2025-12-19 10:35:12,NEUTRA,FEEDBACK GERAL
CSAT,carla.lima,O suporte demorou muito para responder meu chamado.,2025-12-19 15:25:01,NEUTRA,SUPORTE/ATENDIMENTO
BuzzMonitor,joao.ribeiro,Como gero um token de API? Preciso de retorno urgente.,2025-12-20 03:39:21,NEGATIVA,API/AUTENTICACAO
CSAT,vitor.ribeiro,Qual o SLA de atendimento para meu plano?,2025-12-20 09:23:23,NEUTRA,SUPORTE/ATENDIMENTO
CSAT,bruno.oliveira,A autenticacao em dois fatores nao funciona.,2025-12-20 23:43:40,NEGATIVA,API/AUTENTICACAO
NPS,camila.barbosa,Vocês tem exemplo de payload para webhooks?,2025-12-21 00:42:54,NEUTRA,FEEDBACK GERAL
NPS,camila.oliveira,"A busca ficou instantanea, parabens. Ticket 29669.",2025-12-21 03:16:09,NEUTRA,SUPORTE/ATENDIMENTO
BuzzMonitor,diego.barbosa,Posso enviar logs para ajudar a investigar?,2025-12-21 05:25:52,NEUTRA,FEEDBACK GERAL
CSAT,rafael.gomes,Nao consegui importar meus dados iniciais.,2025-12-21 08:01:17,NEUTRA,FEEDBACK GERAL
BOT,patricia.barbosa,O menu mudou e agora ficou pior de usar.,2025-12-21 09:39:35,NEUTRA,FEEDBACK GERAL
NPS,beatriz.almeida,"Relatorios agora carregam rapido, excelente.",2025-12-21 10:16:45,POSITIVA,API/AUTENTICACAO
BuzzMonitor,beatriz.gomes,Onde vejo o log de auditoria? Ticket 36489.,2025-12-21 17:04:29,NEUTRA,SUPORTE/ATENDIMENTO
CSAT,diego.rocha,A tela nao e intuitiva e acaba atrapalhando.,2025-12-21 17:06:27,NEUTRA,FEEDBACK GERAL
BuzzMonitor,juliana.ferreira,Os dados do CRM estao vindo incompletos na integracao.,2025-12-21 20:48:40,NEUTRA,FEEDBACK GERAL
CSAT,camila.teixeira,Gostaria de entender o roadmap de funcionalidades.,2025-12-22 02:50:14,NEUTRA,FEATURE REQUEST
CSAT,joao.lima,A experiencia poderia ser melhor em dispositivos moveis.,2025-12-22 09:40:02,NEUTRA,FEEDBACK GERAL
CSAT,diego.barbosa,O botao de salvar nao responde na tela de cadastro.,2025-12-22 13:00:55,NEUTRA,FEEDBACK GERAL
CSAT,isabela.nascimento,"A performance melhorou muito, ta voando.",2025-12-22 18:58:06,NEUTRA,FEEDBACK GERAL
NPS,vitor.silva,O boleto nao foi gerado e estou com pagamento em atraso por causa disso.,2025-12-22 20:30:03,NEUTRA,SUPORTE/ATENDIMENTO
BOT,diego.carvalho,A busca demora demais e trava o navegador.,2025-12-23 00:14:15,NEGATIVA,INSTABILIDADE NA PLATAFORMA
BOT,mariana.barbosa,O botao de salvar nao responde na tela de cadastro.,2025-12-23 02:07:18,NEUTRA,FEEDBACK GERAL
BuzzMonitor,rafael.araujo,O reset de senha falha e nao chega email.,2025-12-23 04:20:40,NEGATIVA,BUGS
CSAT,lucas.ribeiro,O onboarding foi excelente e bem guiado.,2025-12-23 05:20:25,POSITIVA,TREINAMENTO/ONBOARDING
BOT,vitor.nascimento,No geral estou bem satisfeito com a plataforma.,2025-12-23 06:42:25,NEUTRA,FEEDBACK GERAL
BuzzMonitor,juliana.rocha,Existe controle de permissao por modulo?,2025-12-23 12:34:01,NEUTRA,FEEDBACK GERAL
CSAT,thiago.elias,"A busca ficou instantanea, parabens. Preciso de retorno urgente. Ticket 79922.",2025-12-23 12:42:05,NEGATIVA,SUPORTE/ATENDIMENTO
BuzzMonitor,leonardo.silva,"Nao carrega a tela inicial, fica em loading infinito.",2025-12-23 12:46:18,NEUTRA,FINANCEIRO
NPS,gustavo.rocha,A conciliacao bancaria ficou bem melhor nessa versao.,2025-12-23 14:16:35,NEUTRA,FEEDBACK GERAL
CSAT,isabela.rocha,"Obrigada por resolverem a instabilidade, melhorou muito. Preciso de retorno urgente.",2025-12-23 14:48:07,NEUTRA,FEEDBACK GERAL
BuzzMonitor,mariana.barbosa,"A importacao esta levando horas, ficou impraticavel. Preciso de retorno urgente.",2025-12-23 20:43:48,NEGATIVA,FEEDBACK GERAL
CSAT,laura.rocha,Fiquei perdido na configuracao inicial.,2025-12-23 23:12:05,NEUTRA,FINANCEIRO
BuzzMonitor,juliana.mendes,"A equipe acompanhou a implantacao, foi tranquilo.",2025-12-24 01:40:34,NEUTRA,FEEDBACK GERAL
NPS,vitor.souza,"A importacao esta levando horas, ficou impraticavel.",2025-12-24 10:40:36,NEUTRA,FEEDBACK GERAL
BuzzMonitor,diego.dias,Qual versao contem a correcao do problema?,2025-12-24 11:52:37,NEGATIVA,FEEDBACK GERAL
CSAT,joao.elias,Vocês tem exemplo de payload para webhooks? Ticket 81260.,2025-12-24 12:33:41,NEUTRA,SUPORTE/ATENDIMENTO
BuzzMonitor,camila.dias,"Evoluiram muito no ultimo trimestre, parabens.",2025-12-24 17:59:06,NEUTRA,FEEDBACK GERAL
NPS,isabela.elias,"A equipe acompanhou a implantacao, foi tranquilo. Preciso de retorno urgente.",2025-12-24 21:21:08,NEGATIVA,FEEDBACK GERAL
BOT,isabela.araujo,Qual versao contem a correcao do problema?,2025-12-25 03:46:13,NEGATIVA,FEEDBACK GERAL
CSAT,beatriz.mendes,O atendimento foi rude e nao ajudou.,2025-12-25 04:23:07,NEUTRA,SUPORTE/ATENDIMENTO
BOT,mariana.martins,"Muito bom ter 2FA, aumentou a seguranca. Preciso de retorno urgente.",2025-12-25 04:33:38,NEUTRA,FEEDBACK GERAL
BuzzMonitor,gustavo.teixeira,"A performance melhorou muito, ta voando. Preciso de retorno urgente.",2025-12-25 06:14:13,NEGATIVA,FEEDBACK GERAL
CSAT,fernanda.mendes,A plataforma caiu agora e não consigo acessar.,2025-12-25 07:03:44,NEGATIVA,INSTABILIDADE NA PLATAFORMA
BuzzMonitor,rafael.ribeiro,"Estou sem retorno ha dias, isso prejudica o trabalho.",2025-12-25 08:31:28,NEGATIVA,SUPORTE/ATENDIMENTO
CSAT,isabela.teixeira,Ficou travando e desconectando toda hora.,2025-12-25 14:48:09,NEGATIVA,INSTABILIDADE NA PLATAFORMA
CSAT,gustavo.araujo,O atendente nao entendeu o problema e encerrou o ticket.,2025-12-25 18:33:05,NEGATIVA,BUGS
BOT,joao.lima,O tempo de resposta da API aumentou bastante.,2025-12-25 21:44:31,NEUTRA,API/AUTENTICACAO
BOT,carla.mendes,Qual politica de retencao de logs?,2025-12-26 07:53:26,NEUTRA,FEEDBACK GERAL
BOT,laura.ribeiro,O tempo de resposta da API aumentou bastante.,2025-12-26 12:18:26,NEUTRA,API/AUTENTICACAO
BuzzMonitor,diego.silva,O sistema duplica registros ao importar.,2025-12-26 17:09:17,NEUTRA,FEEDBACK GERAL
CSAT,diego.araujo,Resposta rapida e com orientacao completa.,2025-12-26 20:20:06,NEUTRA,API/AUTENTICACAO
CSAT,mario.ferreira,A nova interface ficou bem mais intuitiva.,2025-12-27 08:03:13,NEUTRA,FEEDBACK GERAL
CSAT,beatriz.barbosa,No geral estou bem satisfeito com a plataforma. Preciso de retorno urgente.,2025-12-27 17:14:06,NEGATIVA,FEEDBACK GERAL
NPS,juliana.martins,A experiencia de uso evoluiu muito.,2025-12-27 18:48:36,NEUTRA,FEEDBACK GERAL
BuzzMonitor,laura.mendes,A conciliacao bancaria ficou bem melhor nessa versao. Preciso de retorno urgente.,2025-12-28 00:00:25,NEGATIVA,FEEDBACK GERAL
CSAT,joao.ribeiro,Estou recebendo erro 500 ao tentar salvar.,2025-12-28 00:23:51,NEGATIVA,INSTABILIDADE NA PLATAFORMA
BuzzMonitor,camila.elias,O suporte demorou muito para responder meu chamado.,2025-12-28 05:24:01,NEUTRA,SUPORTE/ATENDIMENTO
NPS,patricia.rocha,Recebi alerta de login suspeito e nao consegui bloquear.,2025-12-28 07:16:32,NEUTRA,FEEDBACK GERAL
CSAT,patricia.lima,Estou recebendo erro 500 ao tentar salvar.,2025-12-28 10:16:34,NEGATIVA,INSTABILIDADE NA PLATAFORMA
CSAT,camila.souza,"O sistema esta fora do ar desde cedo, precisamos de retorno. Ticket 60374.",2025-12-28 10:36:46,NEGATIVA,INSTABILIDADE NA PLATAFORMA
NPS,ana.elias,"Estou com problema na cobranca, veio valor duplicado na fatura.",2025-12-28 15:02:27,NEGATIVA,FINANCEIRO
NPS,diego.mendes,Parabens pelas melhorias de seguranca. Preciso de retorno urgente.,2025-12-28 16:59:08,NEGATIVA,FEATURE REQUEST
NPS,laura.ferreira,Qual versao contem a correcao do problema?,2025-12-29 03:22:48,NEGATIVA,FEEDBACK GERAL
BOT,patricia.dias,O suporte foi muito prestativo e claro. Preciso de retorno urgente.,2025-12-29 09:20:57,NEGATIVA,SUPORTE/ATENDIMENTO
BuzzMonitor,gustavo.souza,"O processo de pagamento ficou mais simples, ajudou muito.",2025-12-29 14:25:14,NEUTRA,FINANCEIRO
NPS,ana.dias,Tem atalho para acessar relatorios mais rapido?,2025-12-29 15:25:08,POSITIVA,API/AUTENTICACAO
CSAT,ana.silva,"Relatorios agora carregam rapido, excelente. Preciso de retorno urgente.",2025-12-29 16:45:56,POSITIVA,API/AUTENTICACAO
BOT,mariana.lima,"Muito bom ter 2FA, aumentou a seguranca.",2025-12-29 16:58:08,POSITIVA,FEEDBACK GERAL
BOT,camila.souza,"A equipe acompanhou a implantacao, foi tranquilo.",2025-12-29 17:17:53,NEUTRA,FEEDBACK GERAL
CSAT,fernanda.pereira,Vocês tem exemplo de payload para webhooks? Preciso de retorno urgente.,2025-12-30 01:42:41,NEGATIVA,FEEDBACK GERAL
BuzzMonitor,ana.correa,A autenticacao em dois fatores nao funciona. Ticket 96278.,2025-12-30 13:50:48,NEGATIVA,API/AUTENTICACAO
NPS,leonardo.gomes,A documentacao esta desatualizada.,2025-12-30 14:02:23,NEUTRA,TREINAMENTO/ONBOARDING
BOT,lucas.ferreira,"Preciso atualizar o responsavel do contrato, com quem falo?",2025-12-30 18:27:27,NEUTRA,FEEDBACK GERAL
BuzzMonitor,bruno.barbosa,Os dados do CRM estao vindo incompletos na integracao.,2025-12-30 20:34:07,NEUTRA,FEEDBACK GERAL
BOT,juliana.ferreira,"A performance melhorou muito, ta voando.",2025-12-30 20:48:09,NEUTRA,FEEDBACK GERAL
BuzzMonitor,mario.silva,Preciso de um relatorio de cobranca do mes.,2025-12-31 02:49:53,NEUTRA,FINANCEIRO
CSAT,fernanda.mendes,"A importacao esta levando horas, ficou impraticavel.",2025-12-31 05:09:51,NEUTRA,FEEDBACK GERAL
NPS,ana.almeida,Preciso de auditoria e nao encontro logs completos.,2025-12-31 06:34:14,NEUTRA,FEEDBACK GERAL
NPS,mariana.araujo,Tem atendimento aos finais de semana? Preciso de retorno urgente.,2025-12-31 07:00:57,NEGATIVA,SUPORTE/ATENDIMENTO
BOT,beatriz.pereira,Parabens pelas melhorias de seguranca.,2025-12-31 08:07:46,NEUTRA,FEATURE REQUEST
CSAT,laura.almeida,"Obrigado por corrigirem o bug da exportacao, agora funciona.",2025-12-31 15:38:05,NEUTRA,BUGS
BuzzMonitor,fernanda.almeida,O atendente nao entendeu o problema e encerrou o ticket.,2025-12-31 18:01:26,NEGATIVA,BUGS
CSAT,joao.martins,Como faço para salvar filtros como favoritos?,2025-12-31 18:19:28,NEUTRA,FEEDBACK GERAL
CSAT,carla.teixeira,Fui transferido varias vezes e nao resolveram.,2025-12-31 21:13:40,NEUTRA,FEEDBACK GERAL
NPS,leonardo.dias,A disponibilidade melhorou bastante essa semana. Preciso de retorno urgente.,2025-12-31 22:10:21,NEGATIVA,FEEDBACK GERAL
