origem,usuario,mensagem,data
BOT,lucas.dias,"Boa, o erro de sincronizacao sumiu.",2025-01-01 05:17:04
BOT,joao.correa,"Estou sem retorno ha dias, isso prejudica o trabalho. Preciso de retorno urgente.",2025-01-01 08:05:13
CSAT,rafael.ribeiro,Tem trilha de treinamento para novos usuarios?,2025-01-01 13:32:22
NPS,thiago.lima,A API esta retornando 401 mesmo com token valido.,2025-01-01 16:45:27
CSAT,bruno.souza,"Estou sem retorno ha dias, isso prejudica o trabalho.",2025-01-01 23:54:35
CSAT,fernanda.martins,"Nao carrega a tela inicial, fica em loading infinito.",2025-01-01 23:56:24
BuzzMonitor,lucas.gomes,"Atendimento excelente, resolveram em minutos.",2025-01-02 00:56:22
BuzzMonitor,lucas.lima,"O processo de pagamento ficou mais simples, ajudou muito.",2025-01-02 04:57:29
BOT,rafael.nascimento,A exportacao para contabilidade funcionou de primeira.,2025-01-02 06:03:12
CSAT,leonardo.rocha,Onde eu encontro o historico de faturas?,2025-01-02 14:18:24
NPS,fernanda.araujo,Resposta rapida e com orientacao completa.,2025-01-02 14:27:16
BOT,mariana.silva,Tem atalho para acessar relatorios mais rapido?,2025-01-03 00:02:33
NPS,leonardo.silva,"Estou com problema na cobranca, veio valor duplicado na fatura.",2025-01-03 00:05:16
NPS,ana.dias,O atendimento foi rude e nao ajudou.,2025-01-03 04:36:59
BuzzMonitor,lucas.carvalho,"Atendimento excelente, resolveram em minutos.",2025-01-03 09:08:51
BOT,juliana.silva,Vocês recomendam qual navegador?,2025-01-03 11:14:52
NPS,thiago.carvalho,Vocês oferecem implantacao assistida?,2025-01-03 21:22:35
BuzzMonitor,thiago.silva,Fiquei perdido na configuracao inicial. Preciso de retorno urgente.,2025-01-04 07:01:38
NPS,camila.elias,Os dados do CRM estao vindo incompletos na integracao.,2025-01-04 07:34:44
CSAT,laura.martins,O boleto nao foi gerado e estou com pagamento em atraso por causa disso. Preciso de retorno urgente.,2025-01-04 10:35:36
BuzzMonitor,patricia.gomes,O menu mudou e agora ficou pior de usar.,2025-01-04 21:40:10
CSAT,leonardo.correa,Existe um canal para enviar ideias? Preciso de retorno urgente. Ticket 97501.,2025-01-04 23:44:44
BuzzMonitor,juliana.nascimento,Tem boas praticas para melhorar performance?,2025-01-05 00:11:29
BOT,gustavo.souza,A experiencia de uso evoluiu muito. Preciso de retorno urgente.,2025-01-05 03:31:30
NPS,joao.teixeira,"A equipe acompanhou a implantacao, foi tranquilo.",2025-01-05 04:30:30
BOT,diego.elias,"A fatura veio com reajuste sem aviso, podem verificar?",2025-01-05 06:18:47
BuzzMonitor,laura.dias,Vocês tem exemplo de payload para webhooks?,2025-01-05 09:17:53
NPS,vitor.elias,Depois do patch nao ocorre mais duplicacao na importacao. Preciso de retorno urgente.,2025-01-05 12:00:50
NPS,vitor.martins,"Estou com problema na cobranca, veio valor duplicado na fatura.",2025-01-05 16:28:11
BOT,gustavo.carvalho,Quando tento exportar CSV ele vem vazio. Ticket 43175.,2025-01-05 17:47:04
BuzzMonitor,laura.nascimento,A experiencia poderia ser melhor em dispositivos moveis.,2025-01-05 22:02:45
BuzzMonitor,fernanda.ferreira,Hoje o sistema esta super rapido e sem quedas.,2025-01-05 22:41:49
BuzzMonitor,carla.ferreira,A integracao com o ERP nao esta sincronizando.,2025-01-06 02:17:20
CSAT,joao.nascimento,"Atendimento excelente, resolveram em minutos.",2025-01-06 04:00:28
BOT,juliana.carvalho,Posso enviar logs para ajudar a investigar?,2025-01-06 07:08:32
BuzzMonitor,vitor.rocha,A plataforma caiu agora e nao consigo acessar.,2025-01-06 07:13:02
BOT,mariana.almeida,Quero participar do beta de novas funcoes.,2025-01-06 07:27:18
BuzzMonitor,carla.silva,A exportacao para contabilidade funcionou de primeira.,2025-01-06 08:00:12
NPS,laura.martins,Quando tento exportar CSV ele vem vazio.,2025-01-06 11:33:37
BOT,vitor.mendes,A busca demora demais e trava o navegador.,2025-01-06 19:56:34
CSAT,rafael.silva,Tem alguma pagina de status para acompanhar? Ticket 51220.,2025-01-07 01:56:38
BuzzMonitor,leonardo.dias,"Parabens, a nota fiscal saiu certinha e bem rapido.",2025-01-07 11:00:20
NPS,mario.almeida,As telas estao com lentidao em horario comercial.,2025-01-08 16:22:42
BuzzMonitor,diego.martins,Existe modo escuro?,2025-01-08 16:52:43
CSAT,juliana.ribeiro,Nao consigo atualizar meus dados de pagamento no sistema. Ticket 41939.,2025-01-09 01:37:38
BOT,carla.nascimento,"A equipe acompanhou a implantacao, foi tranquilo. Preciso de retorno urgente.",2025-01-09 04:49:52
CSAT,diego.almeida,Depois do patch nao ocorre mais duplicacao na importacao.,2025-01-09 10:43:27
BuzzMonitor,rafael.correa,A exportacao para contabilidade funcionou de primeira.,2025-01-09 23:28:14
BuzzMonitor,bruno.teixeira,O suporte demorou muito para responder meu chamado. Preciso de retorno urgente.,2025-01-10 08:59:58
NPS,vitor.barbosa,A API esta bem mais rapida nessa versao.,2025-01-10 12:10:06
NPS,mario.rocha,Tem trilha de treinamento para novos usuarios?,2025-01-10 13:48:50
BOT,gustavo.barbosa,"Gostei do conector com o ERP, poupou tempo.",2025-01-10 14:23:25
BuzzMonitor,juliana.silva,"Obrigado por corrigirem o bug da exportacao, agora funciona.",2025-01-11 05:34:14
BuzzMonitor,gustavo.rocha,Qual o passo a passo recomendado para comecar? Preciso de retorno urgente.,2025-01-11 12:36:33
BuzzMonitor,juliana.ribeiro,"A performance melhorou muito, ta voando.",2025-01-11 23:21:56
CSAT,carla.almeida,Nao consegui importar meus dados iniciais.,2025-01-12 08:42:53
BuzzMonitor,gustavo.almeida,Tem alguma pagina de status para acompanhar?,2025-01-12 13:02:35
BuzzMonitor,vitor.gomes,O webhooks estao falhando e não recebo eventos. Ticket 56908.,2025-01-12 15:47:03
BuzzMonitor,mariana.pereira,A experiencia poderia ser melhor em dispositivos moveis.,2025-01-12 19:35:43
BOT,mariana.pereira,Como configuro 2FA para todos os usuarios?,2025-01-13 00:27:06
CSAT,rafael.silva,Ficou travando e desconectando toda hora.,2025-01-13 02:15:05
BuzzMonitor,rafael.martins,"Estou sem retorno ha dias, isso prejudica o trabalho.",2025-01-13 16:32:58
NPS,joao.ferreira,"Relatorios agora carregam rapido, excelente.",2025-01-13 20:34:17
CSAT,thiago.elias,A integracao com o ERP nao esta sincronizando. Preciso de retorno urgente.,2025-01-14 01:21:58
NPS,bruno.elias,"O time de CS acompanhou ate a solucao, show. Preciso de retorno urgente.",2025-01-14 05:40:53
CSAT,rafael.nascimento,A nova interface ficou bem mais intuitiva.,2025-01-14 06:58:45
BuzzMonitor,vitor.gomes,Qual foi a causa da indisponibilidade de ontem?,2025-01-14 20:42:11
BuzzMonitor,lucas.silva,"Comecei a usar rapido, processo muito bom.",2025-01-15 00:06:50
BuzzMonitor,juliana.teixeira,Seria bom ter mais opcoes de personalizacao.,2025-01-15 02:42:42
BuzzMonitor,mariana.lima,"A importacao esta levando horas, ficou impraticavel.",2025-01-15 12:19:42
BuzzMonitor,carla.lima,A integracao com o gateway de pagamento caiu.,2025-01-15 12:45:48
NPS,diego.rocha,Qual o tempo medio de resposta esperado?,2025-01-15 13:54:26
NPS,mario.souza,O tempo de resposta da API aumentou bastante.,2025-01-15 16:05:07
CSAT,leonardo.dias,"A tela de cadastro ficou redonda, sem bugs. Preciso de retorno urgente.",2025-01-16 03:50:49
BOT,juliana.barbosa,O atendente não entendeu o problema e encerrou o ticket.,2025-01-16 07:38:58
BuzzMonitor,ana.gomes,Parece que um usuario acessou dados que nao deveria.,2025-01-16 11:56:19
CSAT,isabela.rocha,Nao consegui importar meus dados iniciais.,2025-01-16 16:00:47
NPS,ana.teixeira,Tenho uma sugestao de melhoria para o produto.,2025-01-17 09:06:27
BOT,gustavo.correa,O filtro nao funciona e retorna resultados errados.,2025-01-17 09:38:21
CSAT,patricia.souza,Os dados do CRM estao vindo incompletos na integracao.,2025-01-17 13:45:54
CSAT,diego.oliveira,Existe cache para relatorios?,2025-01-17 14:30:44
CSAT,isabela.elias,Depois da ultima manutencao ficou bem mais estavel.,2025-01-18 00:57:39
NPS,juliana.dias,"A performance melhorou muito, ta voando.",2025-01-18 01:10:48
CSAT,ana.souza,O cancelamento foi cobrado mesmo depois de eu solicitar. Preciso de retorno urgente.,2025-01-18 06:50:55
BOT,juliana.ferreira,"Boa, o erro de sincronizacao sumiu.",2025-01-18 09:09:48
BuzzMonitor,beatriz.oliveira,O menu mudou e agora ficou pior de usar.,2025-01-18 19:43:02
BuzzMonitor,laura.elias,O sistema duplica registros ao importar.,2025-01-18 20:29:35
BOT,joao.dias,Depois da ultima manutencao ficou bem mais estavel.,2025-01-18 20:40:00
CSAT,thiago.almeida,A conciliacao bancaria ficou bem melhor nessa versao.,2025-01-19 02:00:35
BOT,carla.teixeira,Nao consigo atualizar meus dados de pagamento no sistema.,2025-01-19 03:03:18
NPS,isabela.nascimento,Parabens pelas melhorias de seguranca. Preciso de retorno urgente.,2025-01-19 13:03:25
CSAT,isabela.silva,"Muito bom ter 2FA, aumentou a seguranca.",2025-01-19 20:11:12
CSAT,juliana.dias,O botao de salvar nao responde na tela de cadastro.,2025-01-20 00:41:37
CSAT,leonardo.teixeira,"A API esta bem documentada, consegui integrar rapido.",2025-01-20 03:28:00
CSAT,diego.correa,O onboarding foi excelente e bem guiado.,2025-01-20 07:49:12
BOT,mario.mendes,O onboarding foi confuso e faltou treinamento. Ticket 92924.,2025-01-20 09:38:32
CSAT,leonardo.ribeiro,"Obrigado por corrigirem o bug da exportacao, agora funciona.",2025-01-20 18:29:00
BuzzMonitor,gustavo.pereira,A experiencia de uso evoluiu muito.,2025-01-20 18:34:29
NPS,vitor.barbosa,Vocês recomendam qual navegador?,2025-01-20 22:34:54
CSAT,carla.elias,A documentacao esta desatualizada.,2025-01-20 22:51:56
NPS,rafael.souza,A tela nao e intuitiva e acaba atrapalhando. Preciso de retorno urgente.,2025-01-21 02:41:32
NPS,laura.rocha,A correcao do filtro resolveu meu problema.,2025-01-21 06:26:18
NPS,leonardo.dias,Depois da ultima manutencao ficou bem mais estavel.,2025-01-21 15:16:47
CSAT,bruno.dias,"Produto excelente, atende bem nossas necessidades.",2025-01-21 17:43:38
BuzzMonitor,thiago.araujo,Onde encontro a opcao para personalizar colunas?,2025-01-21 18:59:30
BOT,rafael.mendes,A plataforma caiu agora e não consigo acessar.,2025-01-21 19:40:22
CSAT,gustavo.silva,"Obrigado por corrigirem o bug da exportacao, agora funciona.",2025-01-21 21:27:04
NPS,isabela.pereira,Estou recebendo erro 500 ao tentar salvar.,2025-01-22 00:27:56
BuzzMonitor,camila.almeida,O cancelamento foi cobrado mesmo depois de eu solicitar.,2025-01-22 00:30:32
BOT,beatriz.dias,A documentacao e bem completa.,2025-01-22 11:30:09
BuzzMonitor,joao.araujo,A integracao com o CRM funcionou sem dor de cabeca.,2025-01-22 18:24:05
CSAT,juliana.carvalho,Depois da ultima manutencao ficou bem mais estavel. Preciso de retorno urgente.,2025-01-22 19:01:44
BuzzMonitor,mario.ferreira,O botao de salvar não responde na tela de cadastro.,2025-01-23 01:52:51
NPS,rafael.correa,A experiencia poderia ser melhor em dispositivos moveis.,2025-01-23 02:15:13
CSAT,diego.barbosa,"Nao carrega a tela inicial, fica em loading infinito. Ticket 83023.",2025-01-23 23:16:57
CSAT,rafael.elias,A experiencia poderia ser melhor em dispositivos moveis.,2025-01-24 01:34:23
BuzzMonitor,isabela.almeida,Qual o passo a passo recomendado para comecar?,2025-01-24 05:14:54
CSAT,ana.lima,Preciso de auditoria e não encontro logs completos.,2025-01-24 14:49:01
CSAT,carla.souza,As mensagens de erro nao explicam o que fazer.,2025-01-24 16:24:34
BuzzMonitor,mariana.nascimento,"Boa, o erro de sincronizacao sumiu.",2025-01-24 19:02:37
CSAT,leonardo.souza,"Obrigada por resolverem a instabilidade, melhorou muito.",2025-01-24 20:55:34
BOT,ana.barbosa,Nao consegui importar meus dados iniciais.,2025-01-25 00:42:16
BuzzMonitor,joao.silva,"Faltam campos no cadastro, isso atrapalha. Ticket 26716.",2025-01-25 01:54:09
BuzzMonitor,ana.gomes,Como abro um chamado para suporte tecnico?,2025-01-25 02:11:16
BuzzMonitor,patricia.barbosa,Qual o status do incidente da manha?,2025-01-25 03:41:13
CSAT,gustavo.martins,A API esta retornando 401 mesmo com token valido.,2025-01-25 05:29:33
BuzzMonitor,gustavo.silva,O atendente nao entendeu o problema e encerrou o ticket. Preciso de retorno urgente.,2025-01-25 09:19:26
NPS,mariana.teixeira,"A performance melhorou muito, ta voando.",2025-01-25 12:18:00
BOT,vitor.dias,"A navegacao esta confusa, nao acho as configuracoes. Ticket 91048.",2025-01-25 13:25:01
NPS,mario.lima,O suporte demorou muito para responder meu chamado. Preciso de retorno urgente.,2025-01-25 16:24:13
CSAT,fernanda.araujo,Tem boas praticas para melhorar performance?,2025-01-26 03:32:16
BOT,beatriz.martins,O sistema duplica registros ao importar.,2025-01-26 08:35:37
NPS,ana.ribeiro,Preciso de um relatorio de cobranca do mes.,2025-01-26 10:30:23
BOT,joao.ferreira,"Gostei do layout, ficou facil achar as funcoes.",2025-01-26 15:22:47
NPS,joao.rocha,"O processo de pagamento ficou mais simples, ajudou muito.",2025-01-26 16:14:37
CSAT,bruno.carvalho,O suporte demorou muito para responder meu chamado.,2025-01-27 01:48:33
NPS,carla.silva,"A sincronizacao ficou consistente, obrigado. Ticket 37011.",2025-01-27 03:11:48
BuzzMonitor,diego.rocha,"Gostei do conector com o ERP, poupou tempo.",2025-01-27 03:24:30
CSAT,fernanda.correa,Acho que a comunicacao de mudancas poderia melhorar.,2025-01-27 03:51:59
BOT,diego.barbosa,Depois do patch nao ocorre mais duplicacao na importacao.,2025-01-27 11:45:51
BOT,mario.martins,Estou recebendo erro 500 ao tentar salvar.,2025-01-27 12:00:59
BuzzMonitor,carla.souza,"Gostei do controle de permissoes, bem completo.",2025-01-27 17:10:53
BOT,vitor.pereira,"A navegacao esta confusa, nao acho as configuracoes.",2025-01-27 22:50:26
BuzzMonitor,gustavo.ribeiro,Parabens pelas melhorias de seguranca.,2025-01-28 00:48:15
BOT,juliana.nascimento,"A sincronizacao ficou consistente, obrigado. Ticket 74440.",2025-01-28 04:18:24
CSAT,joao.souza,Tenho uma sugestao de melhoria para o produto.,2025-01-28 08:00:54
BuzzMonitor,juliana.pereira,"Boa, o erro de sincronizacao sumiu.",2025-01-28 09:24:09
CSAT,leonardo.araujo,"Muito bom ter 2FA, aumentou a seguranca.",2025-01-28 17:01:04
CSAT,gustavo.pereira,O onboarding foi confuso e faltou treinamento.,2025-01-29 02:41:10
CSAT,camila.gomes,O onboarding foi confuso e faltou treinamento.,2025-01-29 07:39:32
CSAT,mariana.almeida,"Obrigado por corrigirem o bug da exportacao, agora funciona.",2025-01-29 08:32:47
NPS,gustavo.carvalho,"Faltam campos no cadastro, isso atrapalha.",2025-01-29 08:41:04
CSAT,ana.pereira,Tem trilha de treinamento para novos usuarios? Ticket 81510.,2025-01-29 17:01:18
BOT,ana.elias,A integracao gera erro ao sincronizar e para no meio.,2025-01-30 01:47:40
BOT,isabela.elias,A experiencia poderia ser melhor em dispositivos moveis. Ticket 49883.,2025-01-30 03:26:37
CSAT,juliana.carvalho,A integracao gera erro ao sincronizar e para no meio.,2025-01-30 15:53:36
CSAT,joao.gomes,Existe cache para relatorios?,2025-01-30 17:20:42
BuzzMonitor,mariana.rocha,Estou recebendo erro 500 ao tentar salvar.,2025-01-30 20:57:32
CSAT,joao.gomes,"A performance melhorou muito, ta voando. Preciso de retorno urgente.",2025-01-30 21:12:03
BuzzMonitor,mario.nascimento,Hoje o sistema esta super rapido e sem quedas.,2025-01-31 03:08:50
CSAT,patricia.silva,"A equipe acompanhou a implantacao, foi tranquilo.",2025-01-31 06:24:37
BOT,vitor.carvalho,Nao consigo atualizar meus dados de pagamento no sistema. Ticket 72496.,2025-01-31 06:26:29
NPS,isabela.rocha,Ficou travando e desconectando toda hora.,2025-01-31 08:21:11
CSAT,mariana.gomes,A autenticacao em dois fatores nao funciona. Ticket 84883.,2025-01-31 12:41:04
BuzzMonitor,leonardo.souza,O atendimento foi rude e nao ajudou.,2025-01-31 20:30:08
CSAT,juliana.carvalho,"O sistema esta fora do ar desde cedo, precisamos de retorno.",2025-01-31 20:45:34
BuzzMonitor,patricia.correa,"Parabens, a nota fiscal saiu certinha e bem rapido. Preciso de retorno urgente.",2025-01-31 23:42:54
NPS,carla.barbosa,"Estou sem retorno ha dias, isso prejudica o trabalho.",2025-02-01 05:46:20
BuzzMonitor,diego.dias,A documentacao e bem completa. Preciso de retorno urgente.,2025-02-01 09:13:02
CSAT,bruno.lima,Os tutoriais nao cobrem o que eu preciso. Ticket 13718.,2025-02-01 13:03:06
BOT,juliana.ferreira,O tempo de resposta da API aumentou bastante.,2025-02-01 15:01:21
NPS,joao.lima,"Estou sem retorno ha dias, isso prejudica o trabalho.",2025-02-01 16:16:21
BuzzMonitor,patricia.elias,A integracao com o ERP nao esta sincronizando.,2025-02-01 16:37:04
BOT,diego.ferreira,Os webhooks estao super estaveis agora.,2025-02-01 19:25:17
CSAT,laura.mendes,"Parabens, a nota fiscal saiu certinha e bem rapido. Preciso de retorno urgente.",2025-02-01 19:41:59
BuzzMonitor,fernanda.ferreira,"A tela de cadastro ficou redonda, sem bugs.",2025-02-01 21:10:46
CSAT,rafael.martins,Os logs de auditoria ajudaram bastante.,2025-02-02 06:29:10
NPS,leonardo.teixeira,"A importacao esta levando horas, ficou impraticavel. Preciso de retorno urgente.",2025-02-02 08:06:53
CSAT,patricia.mendes,Tem trilha de treinamento para novos usuarios?,2025-02-02 11:31:49
CSAT,juliana.oliveira,Preciso de auditoria e nao encontro logs completos.,2025-02-03 06:43:37
BuzzMonitor,gustavo.silva,A conciliacao bancaria ficou bem melhor nessa versao.,2025-02-03 07:50:54
BOT,leonardo.rocha,"A navegacao esta confusa, nao acho as configuracoes.",2025-02-03 08:13:29
BuzzMonitor,beatriz.ribeiro,A conciliacao bancaria ficou bem melhor nessa versao.,2025-02-03 09:44:55
NPS,beatriz.martins,Onde vejo o log de auditoria? Preciso de retorno urgente.,2025-02-03 10:27:56
NPS,laura.oliveira,Qual a janela de maior uso?,2025-02-03 17:18:05
CSAT,laura.lima,"Obrigado por corrigirem o bug da exportacao, agora funciona.",2025-02-04 14:31:32
CSAT,lucas.elias,Nao consigo atualizar meus dados de pagamento no sistema.,2025-02-05 08:24:43
BuzzMonitor,juliana.ribeiro,"Relatorios agora carregam rapido, excelente. Preciso de retorno urgente.",2025-02-05 11:31:45
BuzzMonitor,rafael.correa,Parece que um usuario acessou dados que nao deveria.,2025-02-05 16:54:37
CSAT,gustavo.dias,"Gostei do controle de permissoes, bem completo.",2025-02-05 21:36:53
BuzzMonitor,mariana.teixeira,Qual o prazo para emitir nota fiscal?,2025-02-06 03:19:12
CSAT,carla.correa,Os webhooks estao super estaveis agora.,2025-02-06 05:11:39
NPS,isabela.carvalho,Qual politica de retencao de logs?,2025-02-06 06:12:45
CSAT,thiago.dias,Tem alguma pagina de status para acompanhar?,2025-02-06 07:19:27
CSAT,leonardo.correa,Qual versao contem a correcao do problema?,2025-02-06 14:59:18
BuzzMonitor,ana.carvalho,A integracao com o ERP nao esta sincronizando. Ticket 19010.,2025-02-06 15:04:45
BuzzMonitor,fernanda.souza,"A tela de cadastro ficou redonda, sem bugs.",2025-02-06 22:55:47
BuzzMonitor,fernanda.nascimento,A integracao com o gateway de pagamento caiu.,2025-02-07 02:26:34
NPS,vitor.gomes,A API esta bem mais rapida nessa versao.,2025-02-07 05:09:08
BuzzMonitor,mariana.teixeira,Onde eu reporto um bug com print da tela?,2025-02-07 09:10:25
BuzzMonitor,camila.souza,O boleto nao foi gerado e estou com pagamento em atraso por causa disso.,2025-02-07 13:33:09
BOT,thiago.correa,A busca demora demais e trava o navegador.,2025-02-07 15:27:38
BuzzMonitor,mario.martins,"Evoluiram muito no ultimo trimestre, parabens.",2025-02-07 18:16:27
NPS,ana.souza,"Evoluiram muito no ultimo trimestre, parabens.",2025-02-07 19:49:30
CSAT,beatriz.martins,A integracao com o CRM funcionou sem dor de cabeca.,2025-02-07 21:44:17
BuzzMonitor,lucas.gomes,O suporte foi muito prestativo e claro.,2025-02-08 07:49:03
BOT,lucas.rocha,Os dados do CRM estao vindo incompletos na integracao.,2025-02-09 00:24:09
CSAT,lucas.mendes,O atendimento foi rude e nao ajudou.,2025-02-09 00:58:16
NPS,carla.araujo,A nova interface ficou bem mais intuitiva.,2025-02-09 05:41:17
CSAT,diego.teixeira,Preciso de um relatorio de cobranca do mes.,2025-02-09 07:09:40
BuzzMonitor,laura.elias,A API esta bem mais rapida nessa versao.,2025-02-09 07:58:43
BOT,mariana.souza,A tela nao e intuitiva e acaba atrapalhando.,2025-02-09 08:12:35
CSAT,mario.lima,A API esta retornando 401 mesmo com token valido.,2025-02-09 16:40:07
NPS,joao.correa,Quando tento exportar CSV ele vem vazio.,2025-02-09 17:42:40
BuzzMonitor,carla.dias,"Boa, o erro de sincronizacao sumiu. Preciso de retorno urgente.",2025-02-09 18:41:25
CSAT,vitor.mendes,O webhooks estao falhando e nao recebo eventos. Preciso de retorno urgente. Ticket 30892.,2025-02-10 06:40:34
NPS,laura.nascimento,Qual foi a causa da indisponibilidade de ontem?,2025-02-10 09:55:15
BuzzMonitor,vitor.souza,Sinto falta de um relatorio mais completo.,2025-02-11 06:02:46
NPS,beatriz.almeida,"A importacao esta levando horas, ficou impraticavel.",2025-02-11 07:04:43
BOT,vitor.araujo,O webhooks estao falhando e nao recebo eventos.,2025-02-11 07:58:05
NPS,thiago.elias,Ficou travando e desconectando toda hora. Preciso de retorno urgente.,2025-02-11 12:17:44
BuzzMonitor,vitor.mendes,Depois do patch não ocorre mais duplicacao na importacao.,2025-02-11 16:06:53
CSAT,lucas.araujo,"A busca ficou instantanea, parabens.",2025-02-11 16:20:12
NPS,joao.barbosa,A experiencia de uso evoluiu muito.,2025-02-11 19:28:23
NPS,rafael.martins,A experiencia poderia ser melhor em dispositivos moveis.,2025-02-12 09:28:38
BOT,beatriz.lima,O tempo de resposta da API aumentou bastante. Preciso de retorno urgente.,2025-02-12 11:30:50
NPS,mario.nascimento,O menu mudou e agora ficou pior de usar.,2025-02-12 11:33:05
NPS,laura.almeida,Como gero um token de API?,2025-02-12 19:03:02
BuzzMonitor,gustavo.rocha,"Adorei as novas funcionalidades, muito util.",2025-02-13 00:59:37
BuzzMonitor,patricia.martins,"O processo de pagamento ficou mais simples, ajudou muito. Preciso de retorno urgente. Ticket 27891.",2025-02-13 03:36:48
CSAT,patricia.dias,Quero participar do beta de novas funcoes. Preciso de retorno urgente.,2025-02-13 03:52:17
NPS,juliana.nascimento,"Relatorios agora carregam rapido, excelente.",2025-02-13 04:03:39
CSAT,lucas.nascimento,As telas estao com lentidao em horario comercial.,2025-02-13 07:28:41
CSAT,gustavo.araujo,"As dicas na tela ajudam bastante, parabens.",2025-02-13 08:51:35
CSAT,thiago.almeida,"Obrigado por corrigirem o bug da exportacao, agora funciona.",2025-02-13 22:46:23
NPS,joao.correa,Onde eu reporto um bug com print da tela?,2025-02-14 01:25:03
CSAT,camila.martins,Fui transferido varias vezes e nao resolveram.,2025-02-14 02:26:33
BuzzMonitor,rafael.teixeira,O menu mudou e agora ficou pior de usar.,2025-02-14 10:50:53
NPS,camila.araujo,O filtro nao funciona e retorna resultados errados.,2025-02-14 12:21:34
NPS,camila.lima,A integracao com o ERP nao esta sincronizando.,2025-02-14 12:33:55
BuzzMonitor,mariana.almeida,A API esta bem mais rapida nessa versao.,2025-02-14 16:40:20
BuzzMonitor,mariana.carvalho,Os dados do CRM estao vindo incompletos na integracao. Preciso de retorno urgente.,2025-02-15 00:28:03
BuzzMonitor,isabela.gomes,"O sistema esta fora do ar desde cedo, precisamos de retorno.",2025-02-15 05:28:29
NPS,diego.barbosa,Quando tento exportar CSV ele vem vazio.,2025-02-15 09:02:48
CSAT,bruno.araujo,Existe cache para relatorios?,2025-02-15 13:16:57
BOT,isabela.dias,Estou recebendo erro 500 ao tentar salvar.,2025-02-15 14:51:49
CSAT,rafael.lima,Muitos cliques para fazer uma tarefa simples.,2025-02-15 20:22:06
CSAT,beatriz.carvalho,"Nao carrega a tela inicial, fica em loading infinito.",2025-02-15 23:56:42
NPS,vitor.carvalho,Parece que um usuario acessou dados que nao deveria.,2025-02-16 08:53:42
CSAT,lucas.almeida,Nao consigo atualizar meus dados de pagamento no sistema.,2025-02-16 11:12:54
CSAT,vitor.souza,O tempo de resposta da API aumentou bastante.,2025-02-16 14:29:04
BuzzMonitor,rafael.rocha,A integracao suporta ambientes de teste?,2025-02-16 16:42:58
CSAT,joao.lima,O reset de senha falha e nao chega email.,2025-02-16 17:49:15
CSAT,mario.ribeiro,"Obrigada por resolverem a instabilidade, melhorou muito.",2025-02-17 03:53:38
BuzzMonitor,beatriz.carvalho,Qual politica de retencao de logs?,2025-02-17 03:54:39
CSAT,gustavo.teixeira,Tem SSO com Azure AD? Preciso de retorno urgente.,2025-02-17 04:01:35
CSAT,carla.dias,Ficou travando e desconectando toda hora. Preciso de retorno urgente.,2025-02-17 04:15:14
BuzzMonitor,mario.carvalho,O botao de salvar nao responde na tela de cadastro.,2025-02-17 07:41:59
CSAT,patricia.ribeiro,Estou recebendo erro 500 ao tentar salvar.,2025-02-17 11:57:08
CSAT,fernanda.souza,"Gostei do layout, ficou facil achar as funcoes.",2025-02-17 16:13:34
NPS,mariana.nascimento,Ficou travando e desconectando toda hora.,2025-02-17 17:39:56
CSAT,diego.souza,As mensagens de erro nao explicam o que fazer.,2025-02-17 17:54:20
BuzzMonitor,camila.araujo,A plataforma caiu agora e nao consigo acessar.,2025-02-18 02:01:15
CSAT,camila.gomes,Qual o prazo para emitir nota fiscal?,2025-02-18 07:52:12
NPS,bruno.ferreira,Como gero um token de API? Preciso de retorno urgente.,2025-02-18 09:33:14
CSAT,ana.barbosa,O tempo de resposta da API aumentou bastante.,2025-02-18 09:48:57
NPS,mario.oliveira,"A navegacao esta confusa, nao acho as configuracoes.",2025-02-18 10:42:39
NPS,juliana.souza,Os tutoriais não cobrem o que eu preciso.,2025-02-18 11:27:58
CSAT,gustavo.souza,O cancelamento foi cobrado mesmo depois de eu solicitar.,2025-02-18 21:41:44
BuzzMonitor,bruno.souza,Os webhooks estao super estaveis agora.,2025-02-19 02:14:33
CSAT,leonardo.almeida,"Boa, o erro de sincronizacao sumiu.",2025-02-19 06:41:00
BuzzMonitor,lucas.correa,Os tutoriais nao cobrem o que eu preciso.,2025-02-19 11:44:31
BuzzMonitor,camila.oliveira,"Nao carrega a tela inicial, fica em loading infinito. Preciso de retorno urgente.",2025-02-19 12:54:18
BuzzMonitor,laura.rocha,Parece que um usuario acessou dados que nao deveria.,2025-02-19 18:17:27
CSAT,bruno.carvalho,O boleto nao foi gerado e estou com pagamento em atraso por causa disso.,2025-02-19 21:37:59
CSAT,rafael.barbosa,Fui transferido varias vezes e nao resolveram.,2025-02-19 22:02:21
CSAT,bruno.martins,Tem atendimento aos finais de semana? Preciso de retorno urgente.,2025-02-20 04:05:52
CSAT,patricia.carvalho,A integracao suporta ambientes de teste?,2025-02-20 07:11:05
CSAT,mariana.elias,Como faço para salvar filtros como favoritos?,2025-02-20 09:33:19
BuzzMonitor,carla.araujo,O reset de senha falha e nao chega email. Preciso de retorno urgente.,2025-02-20 21:27:56
BuzzMonitor,bruno.almeida,A experiencia poderia ser melhor em dispositivos moveis.,2025-02-21 00:50:48
NPS,ana.ferreira,"Nao tive mais desconexoes, otimo trabalho.",2025-02-21 09:14:08
CSAT,joao.nascimento,A API esta retornando 401 mesmo com token valido. Preciso de retorno urgente.,2025-02-21 15:57:02
CSAT,carla.ferreira,A tela nao e intuitiva e acaba atrapalhando. Preciso de retorno urgente.,2025-02-21 17:00:46
CSAT,isabela.pereira,"As dicas na tela ajudam bastante, parabens.",2025-02-22 03:33:23
CSAT,vitor.martins,Ficou travando e desconectando toda hora.,2025-02-22 09:05:11
BOT,gustavo.gomes,A documentacao esta desatualizada.,2025-02-22 17:04:49
BuzzMonitor,mario.souza,Vocês podem considerar um novo recurso?,2025-02-22 17:31:18
CSAT,camila.martins,Posso enviar logs para ajudar a investigar? Preciso de retorno urgente.,2025-02-22 22:24:44
BOT,beatriz.martins,"A navegacao esta confusa, nao acho as configuracoes.",2025-02-23 04:27:40
CSAT,juliana.silva,Ficou travando e desconectando toda hora.,2025-02-23 09:17:08
CSAT,mariana.teixeira,A API esta retornando 401 mesmo com token valido.,2025-02-23 10:54:42
CSAT,bruno.almeida,"Evoluiram muito no ultimo trimestre, parabens.",2025-02-24 02:49:45
CSAT,diego.gomes,Existe cache para relatorios?,2025-02-24 05:26:56
BOT,mario.gomes,A integracao com o CRM funcionou sem dor de cabeca.,2025-02-24 07:27:03
CSAT,vitor.almeida,Posso reorganizar o menu? Preciso de retorno urgente.,2025-02-24 08:21:46
BuzzMonitor,diego.silva,Tem alguma previsao para corrigir a exportacao?,2025-02-24 10:56:54
CSAT,beatriz.teixeira,Os logs de auditoria ajudaram bastante.,2025-02-24 13:04:52
CSAT,diego.correa,Os logs de auditoria ajudaram bastante.,2025-02-24 13:15:09
BuzzMonitor,vitor.dias,Onde vejo o log de auditoria? Preciso de retorno urgente.,2025-02-24 14:35:51
CSAT,ana.silva,"A importacao esta levando horas, ficou impraticavel.",2025-02-24 15:23:56
BuzzMonitor,carla.teixeira,O filtro nao funciona e retorna resultados errados.,2025-02-24 21:17:46
NPS,isabela.pereira,O sistema esta muito lento para carregar relatorios.,2025-02-24 21:46:11
CSAT,bruno.ferreira,Posso enviar logs para ajudar a investigar? Preciso de retorno urgente.,2025-02-25 00:17:54
BOT,joao.araujo,O sistema duplica registros ao importar.,2025-02-25 00:49:05
NPS,diego.oliveira,Seria bom ter mais opcoes de personalizacao.,2025-02-25 02:22:03
CSAT,lucas.dias,"Nao carrega a tela inicial, fica em loading infinito.",2025-02-25 05:44:17
CSAT,carla.mendes,"A importacao esta levando horas, ficou impraticavel.",2025-02-25 09:05:12
CSAT,rafael.souza,A API esta bem mais rapida nessa versao.,2025-02-25 13:38:00
BOT,mario.carvalho,O filtro nao funciona e retorna resultados errados.,2025-02-25 17:43:31
NPS,joao.silva,O sistema duplica registros ao importar.,2025-02-25 19:05:21
NPS,juliana.mendes,A integracao com o CRM funcionou sem dor de cabeca.,2025-02-26 04:37:43
NPS,beatriz.barbosa,"A tela de cadastro ficou redonda, sem bugs. Preciso de retorno urgente.",2025-02-26 05:50:49
NPS,camila.gomes,O webhooks estao falhando e nao recebo eventos. Preciso de retorno urgente. Ticket 67129.,2025-02-26 06:57:02
CSAT,laura.teixeira,"Estou com problema na cobranca, veio valor duplicado na fatura.",2025-02-26 10:59:15
NPS,lucas.mendes,"Obrigada por resolverem a instabilidade, melhorou muito.",2025-02-26 12:17:12
BOT,mario.carvalho,Depois do patch nao ocorre mais duplicacao na importacao.,2025-02-26 15:07:36
CSAT,carla.oliveira,O bloqueio por IP facilitou nossa politica interna. Preciso de retorno urgente.,2025-02-26 18:05:48
CSAT,ana.elias,"A equipe acompanhou a implantacao, foi tranquilo.",2025-02-26 22:15:07
BuzzMonitor,patricia.martins,Depois da ultima manutencao ficou bem mais estavel.,2025-02-26 22:18:33
CSAT,vitor.oliveira,"A importacao esta levando horas, ficou impraticavel.",2025-02-27 05:37:34
BuzzMonitor,diego.elias,Ficou travando e desconectando toda hora.,2025-02-27 09:39:01
BuzzMonitor,leonardo.nascimento,Qual a janela de maior uso?,2025-02-27 10:31:53
BuzzMonitor,patricia.lima,O cancelamento foi cobrado mesmo depois de eu solicitar.,2025-02-27 10:56:24
NPS,mariana.correa,Qual a janela de maior uso?,2025-02-27 14:46:23
CSAT,carla.araujo,Vocês oferecem implantacao assistida?,2025-02-27 18:13:39
BuzzMonitor,joao.nascimento,"Muito bom ter 2FA, aumentou a seguranca.",2025-02-27 21:03:14
CSAT,mariana.barbosa,O onboarding foi confuso e faltou treinamento.,2025-02-28 01:37:25
NPS,fernanda.elias,O botao de salvar nao responde na tela de cadastro. Preciso de retorno urgente. Ticket 64590.,2025-02-28 03:27:56
BuzzMonitor,leonardo.correa,"Gostei do layout, ficou facil achar as funcoes.",2025-02-28 06:47:50
BuzzMonitor,ana.gomes,"O time de CS acompanhou ate a solucao, show. Preciso de retorno urgente.",2025-02-28 13:04:09
CSAT,juliana.martins,"Boa, o erro de sincronizacao sumiu. Preciso de retorno urgente.",2025-02-28 23:18:33
BuzzMonitor,camila.silva,Qual o limite de requisicoes por minuto na API?,2025-03-01 04:29:02
NPS,vitor.dias,"Obrigada por resolverem a instabilidade, melhorou muito.",2025-03-01 06:41:52
NPS,thiago.mendes,"Gostei do novo painel financeiro, bem mais claro. Ticket 53665.",2025-03-01 07:17:16
BuzzMonitor,rafael.lima,O menu mudou e agora ficou pior de usar.,2025-03-01 10:58:20
NPS,beatriz.almeida,O atendente nao entendeu o problema e encerrou o ticket.,2025-03-01 11:47:34
BuzzMonitor,isabela.carvalho,A experiencia de uso evoluiu muito. Preciso de retorno urgente.,2025-03-01 16:30:22
BOT,beatriz.correa,Quero falar com um especialista em integracoes. Ticket 10320.,2025-03-01 19:36:26
CSAT,mariana.lima,"Gostei do controle de permissoes, bem completo.",2025-03-02 01:38:23
CSAT,vitor.ribeiro,Sinto falta de um relatorio mais completo.,2025-03-02 04:37:46
CSAT,gustavo.barbosa,Qual o limite de requisicoes por minuto na API?,2025-03-02 21:22:16
BuzzMonitor,ana.araujo,Estou recebendo erro 500 ao tentar salvar.,2025-03-02 23:38:57
BuzzMonitor,bruno.mendes,Os tutoriais nao cobrem o que eu preciso.,2025-03-03 02:00:13
CSAT,ana.ferreira,Sinto falta de um relatorio mais completo.,2025-03-03 03:22:45
BuzzMonitor,mario.ribeiro,"Obrigada pela paciencia, problema resolvido.",2025-03-03 07:23:23
BOT,diego.nascimento,O sistema esta muito lento para carregar relatorios. Preciso de retorno urgente.,2025-03-03 09:05:30
BuzzMonitor,bruno.dias,Acho que a comunicacao de mudancas poderia melhorar.,2025-03-03 10:16:31
BuzzMonitor,laura.silva,A exportacao para contabilidade funcionou de primeira. Preciso de retorno urgente.,2025-03-03 10:35:05
BuzzMonitor,juliana.mendes,"A busca ficou instantanea, parabens.",2025-03-03 14:18:24
CSAT,lucas.silva,Tem SDK em Python para integracao? Preciso de retorno urgente.,2025-03-03 15:41:29
CSAT,mario.martins,Existe um canal para enviar ideias?,2025-03-03 23:48:39
BOT,laura.nascimento,Vocês tiveram alguma manutencao programada hoje?,2025-03-04 05:39:56
CSAT,lucas.gomes,Os tutoriais nao cobrem o que eu preciso.,2025-03-04 07:12:13
CSAT,patricia.pereira,Quando tento exportar CSV ele vem vazio.,2025-03-04 20:02:23
CSAT,laura.ferreira,"Comecei a usar rapido, processo muito bom.",2025-03-05 00:33:32
NPS,beatriz.carvalho,Como gero um token de API? Preciso de retorno urgente.,2025-03-05 12:19:48
BOT,lucas.barbosa,"Obrigada por resolverem a instabilidade, melhorou muito.",2025-03-05 16:32:06
CSAT,rafael.elias,A API esta retornando 401 mesmo com token valido.,2025-03-05 19:20:03
NPS,juliana.souza,Preciso de um relatorio de cobranca do mes.,2025-03-05 20:05:09
BuzzMonitor,thiago.almeida,Acho que a comunicacao de mudancas poderia melhorar.,2025-03-05 21:35:50
NPS,juliana.lima,"Gostei do conector com o ERP, poupou tempo.",2025-03-05 22:31:45
NPS,isabela.silva,Recebi alerta de login suspeito e nao consegui bloquear.,2025-03-05 23:07:58
CSAT,camila.mendes,"Adorei as novas funcionalidades, muito util.",2025-03-06 02:19:42
CSAT,fernanda.gomes,Qual o status do incidente da manha?,2025-03-06 12:59:43
CSAT,lucas.carvalho,O tempo de resposta da API aumentou bastante.,2025-03-06 15:46:03
BuzzMonitor,beatriz.rocha,Os webhooks estao super estaveis agora.,2025-03-06 17:05:34
BOT,leonardo.silva,Parece que um usuario acessou dados que nao deveria.,2025-03-06 18:15:17
NPS,lucas.souza,"Parabens, a nota fiscal saiu certinha e bem rapido.",2025-03-06 20:59:35
CSAT,leonardo.correa,Nao consegui importar meus dados iniciais. Preciso de retorno urgente.,2025-03-06 22:05:19
CSAT,ana.correa,O botao de salvar nao responde na tela de cadastro. Preciso de retorno urgente.,2025-03-07 06:20:50
NPS,diego.silva,Vocês tiveram alguma manutencao programada hoje?,2025-03-07 23:43:29
CSAT,gustavo.lima,O sistema esta muito lento para carregar relatorios.,2025-03-08 04:33:02
BuzzMonitor,joao.teixeira,Qual o prazo para emitir nota fiscal? Preciso de retorno urgente.,2025-03-08 06:00:20
BOT,ana.barbosa,Tem webinar de introducao?,2025-03-08 13:00:56
BuzzMonitor,beatriz.dias,Quando tento exportar CSV ele vem vazio.,2025-03-08 13:19:55
CSAT,leonardo.teixeira,A API esta bem mais rapida nessa versao.,2025-03-08 16:42:21
BuzzMonitor,isabela.oliveira,O boleto nao foi gerado e estou com pagamento em atraso por causa disso. Preciso de retorno urgente.,2025-03-08 17:41:11
BuzzMonitor,leonardo.dias,O sistema duplica registros ao importar. Preciso de retorno urgente.,2025-03-08 22:19:57
CSAT,juliana.silva,Estou recebendo erro 500 ao tentar salvar.,2025-03-08 23:41:43
CSAT,beatriz.barbosa,Existe cache para relatorios?,2025-03-09 04:05:58
BOT,vitor.dias,A integracao com o ERP nao esta sincronizando.,2025-03-09 07:17:29
CSAT,lucas.teixeira,Como gero um token de API? Preciso de retorno urgente.,2025-03-09 10:16:12
BuzzMonitor,vitor.silva,Tem webinar de introducao? Preciso de retorno urgente.,2025-03-09 11:09:44
CSAT,diego.almeida,Parece que um usuario acessou dados que nao deveria.,2025-03-09 12:23:51
BuzzMonitor,ana.elias,O boleto nao foi gerado e estou com pagamento em atraso por causa disso.,2025-03-09 16:26:58
CSAT,camila.almeida,A experiencia de uso evoluiu muito.,2025-03-09 18:49:11
NPS,joao.pereira,A integracao com o ERP nao esta sincronizando. Preciso de retorno urgente.,2025-03-09 23:19:53
BuzzMonitor,patricia.nascimento,As mensagens de erro nao explicam o que fazer.,2025-03-10 01:09:00
BuzzMonitor,ana.nascimento,"Obrigada por resolverem a instabilidade, melhorou muito.",2025-03-10 01:17:45
BuzzMonitor,thiago.teixeira,"A busca ficou instantanea, parabens.",2025-03-10 05:52:31
CSAT,carla.silva,A nova interface ficou bem mais intuitiva.,2025-03-10 16:53:56
CSAT,bruno.correa,O menu mudou e agora ficou pior de usar.,2025-03-10 18:48:15
CSAT,laura.oliveira,Os tutoriais ajudaram muito a comecar.,2025-03-10 22:20:43
CSAT,laura.rocha,"Obrigada pela paciencia, problema resolvido.",2025-03-10 23:41:57
BuzzMonitor,joao.rocha,Existe um canal para enviar ideias?,2025-03-11 03:00:25
NPS,ana.correa,A documentacao esta desatualizada.,2025-03-11 05:23:43
CSAT,diego.rocha,Onde eu reporto um bug com print da tela?,2025-03-11 14:30:19
CSAT,bruno.pereira,A integracao com o CRM funcionou sem dor de cabeca.,2025-03-11 18:17:59
BOT,carla.almeida,"A importacao esta levando horas, ficou impraticavel. Preciso de retorno urgente.",2025-03-12 03:34:19
BuzzMonitor,gustavo.mendes,Qual o status do incidente da manha? Preciso de retorno urgente.,2025-03-12 03:49:34
NPS,mariana.oliveira,Onde vejo o log de auditoria?,2025-03-12 08:18:30
CSAT,bruno.barbosa,Qual o prazo para emitir nota fiscal?,2025-03-12 11:49:43
CSAT,mariana.lima,Nao consigo atualizar meus dados de pagamento no sistema.,2025-03-12 15:16:59
BOT,thiago.souza,Recebi alerta de login suspeito e nao consegui bloquear. Preciso de retorno urgente.,2025-03-12 18:18:10
CSAT,laura.martins,Resposta rapida e com orientacao completa.,2025-03-12 20:09:29
NPS,camila.nascimento,Os logs de auditoria ajudaram bastante. Ticket 94094.,2025-03-13 08:34:38
BOT,fernanda.teixeira,Como abro um chamado para suporte tecnico?,2025-03-13 10:11:58
CSAT,joao.mendes,"A tela de cadastro ficou redonda, sem bugs.",2025-03-13 10:47:06
BuzzMonitor,leonardo.barbosa,A integracao com o ERP nao esta sincronizando.,2025-03-13 11:24:49
NPS,bruno.correa,O botao de salvar nao responde na tela de cadastro. Preciso de retorno urgente.,2025-03-13 12:15:52
NPS,fernanda.ferreira,Parabens pelas melhorias de seguranca.,2025-03-13 15:12:54
NPS,thiago.correa,"Adorei as novas funcionalidades, muito util.",2025-03-13 19:49:09
NPS,gustavo.nascimento,Tem atendimento aos finais de semana?,2025-03-13 21:08:22
BuzzMonitor,rafael.lima,"Comecei a usar rapido, processo muito bom.",2025-03-13 21:31:45
BuzzMonitor,lucas.teixeira,Estou recebendo erro 500 ao tentar salvar. Preciso de retorno urgente.,2025-03-14 02:58:51
NPS,fernanda.barbosa,Parabens pelas melhorias de seguranca.,2025-03-14 03:41:52
BuzzMonitor,leonardo.oliveira,Vocês tem exemplo de payload para webhooks? Preciso de retorno urgente.,2025-03-14 04:51:08
CSAT,laura.mendes,Existe cache para relatorios?,2025-03-14 06:11:11
CSAT,diego.carvalho,Vocês tiveram alguma manutencao programada hoje?,2025-03-14 07:26:11
NPS,ana.lima,O webhooks estao falhando e nao recebo eventos.,2025-03-14 14:32:59
NPS,vitor.mendes,Existe um canal para enviar ideias?,2025-03-14 16:22:29
CSAT,juliana.lima,A API esta retornando 401 mesmo com token valido. Preciso de retorno urgente.,2025-03-14 21:56:26
NPS,bruno.carvalho,A disponibilidade melhorou bastante essa semana.,2025-03-14 22:19:28
NPS,mario.nascimento,Fiquei perdido na configuracao inicial.,2025-03-15 00:00:45
CSAT,laura.teixeira,Tem SSO com Azure AD? Ticket 14814.,2025-03-15 00:58:24
BuzzMonitor,vitor.pereira,A integracao com o gateway de pagamento caiu.,2025-03-15 02:24:04
CSAT,rafael.ferreira,O atendente nao entendeu o problema e encerrou o ticket.,2025-03-15 03:38:35
NPS,beatriz.elias,Os webhooks estao super estaveis agora.,2025-03-15 05:36:32
BuzzMonitor,laura.dias,O boleto nao foi gerado e estou com pagamento em atraso por causa disso.,2025-03-15 17:22:55
CSAT,lucas.mendes,"O processo de pagamento ficou mais simples, ajudou muito.",2025-03-15 19:08:57
NPS,patricia.ferreira,Os dados do CRM estao vindo incompletos na integracao.,2025-03-15 19:39:45
NPS,mariana.oliveira,As telas estao com lentidao em horario comercial.,2025-03-15 21:35:06
BOT,carla.gomes,"A navegacao esta confusa, nao acho as configuracoes.",2025-03-16 09:17:28
NPS,leonardo.souza,Seria bom ter mais opcoes de personalizacao.,2025-03-16 09:59:47
BuzzMonitor,mario.lima,O suporte demorou muito para responder meu chamado.,2025-03-16 10:14:53
BuzzMonitor,lucas.mendes,"Gostei do controle de permissoes, bem completo. Preciso de retorno urgente.",2025-03-16 17:58:01
CSAT,thiago.rocha,A integracao suporta ambientes de teste?,2025-03-16 18:44:42
CSAT,juliana.oliveira,"Comecei a usar rapido, processo muito bom.",2025-03-17 03:31:45
NPS,carla.ferreira,"As dicas na tela ajudam bastante, parabens. Ticket 33020.",2025-03-17 08:21:22
BuzzMonitor,carla.ribeiro,Resposta rapida e com orientacao completa. Preciso de retorno urgente.,2025-03-17 08:51:21
CSAT,juliana.ferreira,As telas estao com lentidao em horario comercial.,2025-03-17 11:43:55
BuzzMonitor,beatriz.teixeira,Onde encontro a base de conhecimento?,2025-03-17 13:06:22
NPS,mario.pereira,Vocês oferecem implantacao assistida? Ticket 94058.,2025-03-17 18:55:38
BuzzMonitor,bruno.silva,Quero entender como funciona o calculo de impostos. Ticket 55064.,2025-03-17 21:19:35
NPS,laura.ribeiro,As telas estao com lentidao em horario comercial.,2025-03-17 21:28:08
NPS,mario.rocha,"Boa, o erro de sincronizacao sumiu.",2025-03-17 23:44:42
BOT,lucas.silva,Ficou travando e desconectando toda hora.,2025-03-18 14:58:01
NPS,lucas.ribeiro,Como configuro 2FA para todos os usuarios?,2025-03-18 17:10:17
CSAT,joao.correa,Onde encontro a base de conhecimento?,2025-03-18 19:10:00
CSAT,laura.souza,A documentacao e bem completa.,2025-03-18 22:53:44
BuzzMonitor,beatriz.almeida,Fiquei perdido na configuracao inicial. Ticket 73861.,2025-03-19 04:02:41
CSAT,joao.ribeiro,Importacao muito mais eficiente agora.,2025-03-19 07:52:06
NPS,mariana.dias,Preciso de auditoria e nao encontro logs completos. Preciso de retorno urgente.,2025-03-19 11:04:53
CSAT,juliana.martins,"Obrigado por corrigirem o bug da exportacao, agora funciona.",2025-03-19 12:09:12
BOT,fernanda.almeida,"Adorei as novas funcionalidades, muito util.",2025-03-19 17:27:52
CSAT,vitor.araujo,Quero falar com um especialista em integracoes. Preciso de retorno urgente.,2025-03-19 18:53:58
BOT,fernanda.rocha,A API esta bem mais rapida nessa versao.,2025-03-20 04:36:36
NPS,mario.nascimento,O atendente nao entendeu o problema e encerrou o ticket.,2025-03-20 06:55:00
NPS,carla.mendes,A exportacao para contabilidade funcionou de primeira.,2025-03-20 07:43:49
CSAT,juliana.dias,O cancelamento foi cobrado mesmo depois de eu solicitar. Preciso de retorno urgente.,2025-03-20 10:53:10
BuzzMonitor,bruno.silva,O filtro nao funciona e retorna resultados errados.,2025-03-20 13:09:24
BuzzMonitor,beatriz.oliveira,Tem webinar de introducao?,2025-03-20 16:15:29
CSAT,isabela.rocha,Resposta rapida e com orientacao completa.,2025-03-21 00:21:20
CSAT,carla.almeida,"Gostei do controle de permissoes, bem completo.",2025-03-21 01:39:52
CSAT,leonardo.carvalho,Nao consigo atualizar meus dados de pagamento no sistema. Ticket 44208.,2025-03-21 07:39:18
NPS,gustavo.elias,Importacao muito mais eficiente agora.,2025-03-21 10:55:03
NPS,gustavo.rocha,A integracao suporta ambientes de teste?,2025-03-21 15:56:19
CSAT,thiago.araujo,"Obrigado por corrigirem o bug da exportacao, agora funciona.",2025-03-21 21:34:41
BuzzMonitor,lucas.elias,A plataforma caiu agora e nao consigo acessar.,2025-03-22 12:27:48
NPS,carla.nascimento,Como faço para salvar filtros como favoritos?,2025-03-22 19:42:49
CSAT,juliana.silva,Nao consigo atualizar meus dados de pagamento no sistema.,2025-03-22 22:52:05
BOT,camila.oliveira,O sistema duplica registros ao importar.,2025-03-23 00:22:37
CSAT,juliana.mendes,"A navegacao esta confusa, nao acho as configuracoes.",2025-03-23 04:49:32
BuzzMonitor,juliana.silva,Fui transferido varias vezes e nao resolveram.,2025-03-23 06:14:07
BuzzMonitor,joao.pereira,Qual o status do incidente da manha?,2025-03-23 21:15:57
BuzzMonitor,bruno.mendes,Como gero um token de API?,2025-03-23 21:19:38
NPS,beatriz.silva,Qual o prazo para emitir nota fiscal?,2025-03-24 00:50:36
NPS,isabela.rocha,Os dados do CRM estao vindo incompletos na integracao.,2025-03-24 01:30:24
CSAT,isabela.teixeira,"O sistema esta fora do ar desde cedo, precisamos de retorno.",2025-03-24 05:31:52
BOT,diego.almeida,Quero falar com um especialista em integracoes.,2025-03-24 06:49:15
BuzzMonitor,patricia.dias,"Evoluiram muito no ultimo trimestre, parabens.",2025-03-24 14:52:09
CSAT,vitor.ferreira,"Nao carrega a tela inicial, fica em loading infinito.",2025-03-24 19:27:53
NPS,diego.teixeira,Estou recebendo erro 500 ao tentar salvar.,2025-03-25 02:11:07
BuzzMonitor,bruno.araujo,A disponibilidade melhorou bastante essa semana.,2025-03-25 04:25:13
CSAT,joao.carvalho,"Adorei as novas funcionalidades, muito util. Preciso de retorno urgente.",2025-03-25 05:35:38
NPS,mario.nascimento,O tempo de resposta da API aumentou bastante.,2025-03-25 13:50:52
NPS,thiago.teixeira,O atendente nao entendeu o problema e encerrou o ticket. Preciso de retorno urgente. Ticket 30092.,2025-03-25 16:22:40
CSAT,bruno.rocha,Tem webinar de introducao? Preciso de retorno urgente.,2025-03-25 17:21:53
CSAT,mario.correa,Qual versao contem a correcao do problema?,2025-03-25 17:24:12
NPS,thiago.ferreira,"Relatorios agora carregam rapido, excelente.",2025-03-25 17:25:18
NPS,camila.almeida,O atendimento foi rude e nao ajudou.,2025-03-25 17:26:23
CSAT,gustavo.mendes,"A importacao esta levando horas, ficou impraticavel.",2025-03-26 05:24:38
CSAT,lucas.gomes,Fui transferido varias vezes e nao resolveram.,2025-03-26 08:47:04
CSAT,fernanda.carvalho,As telas estao com lentidao em horario comercial. Preciso de retorno urgente.,2025-03-26 09:37:07
BuzzMonitor,leonardo.carvalho,"As dicas na tela ajudam bastante, parabens.",2025-03-26 14:45:12
BuzzMonitor,diego.ferreira,Fiquei perdido na configuracao inicial.,2025-03-26 15:59:07
NPS,juliana.lima,Os dados do CRM estao vindo incompletos na integracao.,2025-03-26 18:18:50
CSAT,mariana.oliveira,Os tutoriais nao cobrem o que eu preciso. Ticket 88265.,2025-03-27 01:24:58
BuzzMonitor,leonardo.rocha,"A fatura veio com reajuste sem aviso, podem verificar? Preciso de retorno urgente.",2025-03-27 08:19:19
BuzzMonitor,beatriz.mendes,"Comecei a usar rapido, processo muito bom.",2025-03-27 10:11:40
CSAT,beatriz.araujo,"Evoluiram muito no ultimo trimestre, parabens.",2025-03-27 17:58:43
NPS,thiago.martins,O onboarding foi confuso e faltou treinamento.,2025-03-27 20:04:12
BuzzMonitor,rafael.oliveira,"Estou com problema na cobranca, veio valor duplicado na fatura.",2025-03-27 21:14:44
BOT,thiago.martins,Tem boas praticas para melhorar performance?,2025-03-28 06:03:17
NPS,mariana.dias,Importacao muito mais eficiente agora.,2025-03-28 13:34:27
NPS,mariana.ferreira,Onde eu reporto um bug com print da tela?,2025-03-28 16:43:17
BuzzMonitor,ana.lima,Preciso de um relatorio de cobranca do mes. Ticket 68912.,2025-03-29 14:58:44
CSAT,vitor.gomes,A nova interface ficou bem mais intuitiva.,2025-03-29 15:00:19
NPS,bruno.almeida,"Comecei a usar rapido, processo muito bom.",2025-03-29 15:24:43
BOT,isabela.gomes,O atendente nao entendeu o problema e encerrou o ticket. Preciso de retorno urgente.,2025-03-29 17:24:35
CSAT,mario.ferreira,"Gostei do controle de permissoes, bem completo. Preciso de retorno urgente.",2025-03-29 20:56:57
CSAT,fernanda.lima,Recebi alerta de login suspeito e nao consegui bloquear.,2025-03-30 00:54:22
BOT,fernanda.mendes,"Obrigada por resolverem a instabilidade, melhorou muito.",2025-03-30 09:06:53
BuzzMonitor,thiago.elias,Importacao muito mais eficiente agora.,2025-03-30 09:11:07
NPS,joao.ferreira,"As dicas na tela ajudam bastante, parabens.",2025-03-30 10:09:09
CSAT,laura.souza,"Obrigada pela paciencia, problema resolvido.",2025-03-30 11:38:36
NPS,vitor.martins,"Gostei do controle de permissoes, bem completo.",2025-03-30 22:52:57
BuzzMonitor,mario.dias,Parabens pelas melhorias de seguranca.,2025-03-31 02:58:00
BOT,thiago.carvalho,O cancelamento foi cobrado mesmo depois de eu solicitar. Ticket 92066.,2025-03-31 05:59:05
BuzzMonitor,ana.rocha,Onde vejo o log de auditoria?,2025-03-31 08:43:24
BuzzMonitor,carla.barbosa,"Faltam campos no cadastro, isso atrapalha.",2025-03-31 10:18:33
BuzzMonitor,lucas.rocha,O filtro nao funciona e retorna resultados errados.,2025-03-31 10:59:00
CSAT,patricia.dias,Os logs de auditoria ajudaram bastante.,2025-03-31 12:46:13
CSAT,rafael.ferreira,"A navegacao esta confusa, nao acho as configuracoes.",2025-03-31 21:55:01
NPS,diego.barbosa,Onde eu reporto um bug com print da tela?,2025-04-01 04:51:11
CSAT,bruno.correa,Nao consigo atualizar meus dados de pagamento no sistema. Ticket 17362.,2025-04-01 08:12:24
NPS,mario.ferreira,"Evoluiram muito no ultimo trimestre, parabens.",2025-04-01 08:26:36
NPS,ana.silva,Muitos cliques para fazer uma tarefa simples.,2025-04-01 08:41:05
NPS,mariana.elias,A correcao do filtro resolveu meu problema. Preciso de retorno urgente.,2025-04-01 12:05:05
BuzzMonitor,bruno.gomes,Estou recebendo erro 500 ao tentar salvar. Preciso de retorno urgente. Ticket 99863.,2025-04-01 12:25:24
BOT,patricia.martins,A documentacao e bem completa.,2025-04-01 19:22:41
BuzzMonitor,bruno.mendes,Tem atalho para acessar relatorios mais rapido? Ticket 58422.,2025-04-01 21:12:43
NPS,mario.almeida,Tem trilha de treinamento para novos usuarios?,2025-04-01 23:05:04
CSAT,thiago.araujo,Existe cache para relatorios?,2025-04-02 02:53:02
CSAT,bruno.gomes,Parece que um usuario acessou dados que nao deveria.,2025-04-02 12:06:41
CSAT,vitor.araujo,"A sincronizacao ficou consistente, obrigado.",2025-04-02 12:20:34
NPS,ana.almeida,Vocês recomendam qual navegador?,2025-04-02 16:35:11
NPS,fernanda.correa,Qual versao contem a correcao do problema?,2025-04-02 17:30:18
NPS,juliana.correa,A API esta retornando 401 mesmo com token valido.,2025-04-02 20:48:58
CSAT,mariana.mendes,Muitos cliques para fazer uma tarefa simples.,2025-04-02 21:25:55
CSAT,bruno.pereira,"Nao carrega a tela inicial, fica em loading infinito.",2025-04-02 22:52:21
CSAT,diego.dias,"A fatura veio com reajuste sem aviso, podem verificar?",2025-04-03 02:06:11
CSAT,camila.martins,Vocês recomendam qual navegador?,2025-04-03 02:55:02
CSAT,bruno.nascimento,Fiquei perdido na configuracao inicial. Preciso de retorno urgente.,2025-04-03 06:23:58
CSAT,carla.lima,O reset de senha falha e nao chega email.,2025-04-03 16:05:41
BuzzMonitor,joao.gomes,Tem boas praticas para melhorar performance? Preciso de retorno urgente.,2025-04-03 22:06:53
CSAT,mario.araujo,Nao consegui importar meus dados iniciais. Ticket 56244.,2025-04-04 10:13:16
BOT,juliana.rocha,"Estou com problema na cobranca, veio valor duplicado na fatura.",2025-04-04 18:53:38
BOT,isabela.elias,Vocês tem exemplo de payload para webhooks?,2025-04-05 05:37:17
CSAT,gustavo.ferreira,Como abro um chamado para suporte tecnico?,2025-04-05 09:36:27
CSAT,joao.barbosa,A integracao suporta ambientes de teste?,2025-04-05 18:05:59
BOT,camila.rocha,A integracao gera erro ao sincronizar e para no meio.,2025-04-06 05:40:41
CSAT,isabela.mendes,O tempo de resposta da API aumentou bastante.,2025-04-06 08:10:50
BuzzMonitor,carla.barbosa,Parece que um usuario acessou dados que nao deveria.,2025-04-06 09:35:30
NPS,ana.araujo,Ficou travando e desconectando toda hora.,2025-04-06 10:17:30
CSAT,thiago.dias,Fui transferido varias vezes e nao resolveram.,2025-04-06 10:22:11
BOT,isabela.ferreira,"Nao carrega a tela inicial, fica em loading infinito.",2025-04-06 13:14:11
CSAT,mario.dias,"Estou com problema na cobranca, veio valor duplicado na fatura.",2025-04-06 15:49:56
CSAT,lucas.correa,O tempo de resposta da API aumentou bastante.,2025-04-06 18:59:00
CSAT,bruno.almeida,A documentacao e bem completa.,2025-04-07 05:32:11
BuzzMonitor,patricia.correa,Quero falar com um especialista em integracoes.,2025-04-07 09:31:46
CSAT,juliana.ribeiro,O menu mudou e agora ficou pior de usar. Ticket 44517.,2025-04-07 09:55:43
NPS,beatriz.elias,"A fatura veio com reajuste sem aviso, podem verificar? Ticket 97163.",2025-04-07 10:40:42
CSAT,joao.mendes,Como abro um chamado para suporte tecnico?,2025-04-07 13:37:07
BuzzMonitor,camila.elias,"A busca ficou instantanea, parabens.",2025-04-07 14:03:43
NPS,carla.souza,O onboarding foi confuso e faltou treinamento.,2025-04-07 14:58:46
BuzzMonitor,bruno.ferreira,Os tutoriais ajudaram muito a comecar.,2025-04-07 17:46:17
BOT,gustavo.oliveira,Quero falar com um especialista em integracoes.,2025-04-07 18:06:17
BuzzMonitor,beatriz.mendes,Ficou travando e desconectando toda hora.,2025-04-07 21:11:56
BuzzMonitor,camila.mendes,Qual o limite de requisicoes por minuto na API?,2025-04-07 23:58:50
CSAT,juliana.dias,O reset de senha falha e nao chega email. Preciso de retorno urgente.,2025-04-08 01:26:44
BuzzMonitor,gustavo.ribeiro,Quando tento exportar CSV ele vem vazio.,2025-04-08 01:32:26
NPS,leonardo.rocha,A integracao com o ERP não esta sincronizando.,2025-04-08 03:25:29
CSAT,mario.mendes,"A API esta bem documentada, consegui integrar rapido.",2025-04-08 05:59:07
BuzzMonitor,bruno.nascimento,"Evoluiram muito no ultimo trimestre, parabens.",2025-04-08 08:15:59
BuzzMonitor,juliana.souza,Ficou travando e desconectando toda hora.,2025-04-08 08:25:13
BOT,mariana.lima,Consigo abrir um chamado para esse comportamento? Preciso de retorno urgente.,2025-04-08 15:02:52
NPS,fernanda.dias,O onboarding foi excelente e bem guiado.,2025-04-08 15:20:57
BOT,camila.martins,Muitos cliques para fazer uma tarefa simples.,2025-04-08 17:43:02
BuzzMonitor,camila.lima,Vocês tiveram alguma manutencao programada hoje?,2025-04-09 00:42:29
CSAT,mariana.gomes,Tem SSO com Azure AD? Preciso de retorno urgente.,2025-04-09 01:42:29
CSAT,camila.dias,"Estou vendo lentidao em alguns horarios, e esperado?",2025-04-09 23:28:09
CSAT,carla.silva,Fiquei perdido na configuracao inicial.,2025-04-10 09:31:12
BOT,laura.ribeiro,"Evoluiram muito no ultimo trimestre, parabens.",2025-04-10 15:35:50
NPS,carla.almeida,O atendente nao entendeu o problema e encerrou o ticket.,2025-04-10 22:34:41
BuzzMonitor,fernanda.dias,Parabens pelas melhorias de seguranca. Ticket 87352.,2025-04-11 03:12:39
BOT,juliana.martins,A tela nao e intuitiva e acaba atrapalhando.,2025-04-11 04:00:18
BuzzMonitor,mario.elias,Qual o prazo para emitir nota fiscal?,2025-04-11 20:35:11
BuzzMonitor,mario.lima,"A importacao esta levando horas, ficou impraticavel.",2025-04-12 02:04:35
NPS,bruno.lima,"Estou com problema na cobranca, veio valor duplicado na fatura. Preciso de retorno urgente.",2025-04-12 03:10:15
BuzzMonitor,beatriz.gomes,A integracao com o CRM funcionou sem dor de cabeca.,2025-04-12 16:08:52
BuzzMonitor,mariana.carvalho,"A importacao esta levando horas, ficou impraticavel.",2025-04-12 23:50:37
BuzzMonitor,isabela.pereira,Posso enviar logs para ajudar a investigar?,2025-04-13 06:05:46
BOT,leonardo.elias,Parece que um usuario acessou dados que nao deveria.,2025-04-13 17:00:03
CSAT,mario.ribeiro,"A tela de cadastro ficou redonda, sem bugs.",2025-04-14 00:38:42
BOT,mario.almeida,A busca demora demais e trava o navegador.,2025-04-14 05:00:30
BuzzMonitor,vitor.elias,A nova interface ficou bem mais intuitiva.,2025-04-14 06:15:04
NPS,vitor.ferreira,"Boa, o erro de sincronizacao sumiu.",2025-04-14 14:01:01
CSAT,rafael.carvalho,A integracao com o CRM funcionou sem dor de cabeca.,2025-04-14 14:09:27
CSAT,rafael.nascimento,A autenticacao em dois fatores nao funciona.,2025-04-14 19:49:04
CSAT,juliana.correa,Tem SSO com Azure AD?,2025-04-15 05:43:57
NPS,leonardo.barbosa,O bloqueio por IP facilitou nossa politica interna.,2025-04-15 06:44:16
BuzzMonitor,camila.nascimento,No geral estou bem satisfeito com a plataforma.,2025-04-15 13:35:45
NPS,fernanda.rocha,Vocês oferecem implantacao assistida?,2025-04-16 04:52:42
BuzzMonitor,mario.nascimento,O reset de senha falha e nao chega email. Preciso de retorno urgente.,2025-04-16 06:23:19
CSAT,ana.teixeira,O webhooks estao falhando e nao recebo eventos.,2025-04-16 08:18:26
CSAT,laura.martins,"Faltam campos no cadastro, isso atrapalha.",2025-04-16 08:47:45
BuzzMonitor,rafael.mendes,Preciso de um relatorio de cobranca do mes.,2025-04-16 11:41:44
BOT,beatriz.martins,Posso reorganizar o menu?,2025-04-16 14:48:44
NPS,fernanda.martins,"Muito bom ter 2FA, aumentou a seguranca.",2025-04-16 21:33:22
CSAT,patricia.teixeira,"Nao carrega a tela inicial, fica em loading infinito.",2025-04-16 22:35:57
CSAT,fernanda.silva,"A fatura veio com reajuste sem aviso, podem verificar?",2025-04-16 23:01:15
NPS,vitor.dias,O bloqueio por IP facilitou nossa politica interna.,2025-04-16 23:56:29
BOT,laura.araujo,Existe modo escuro?,2025-04-17 00:40:00
BOT,patricia.gomes,Estou recebendo erro 500 ao tentar salvar.,2025-04-17 09:09:20
BuzzMonitor,lucas.carvalho,"A fatura veio com reajuste sem aviso, podem verificar?",2025-04-17 12:46:00
BOT,joao.dias,Como configuro 2FA para todos os usuarios?,2025-04-17 13:45:58
NPS,joao.teixeira,Estou recebendo erro 500 ao tentar salvar.,2025-04-17 16:21:16
BuzzMonitor,carla.oliveira,O cancelamento foi cobrado mesmo depois de eu solicitar.,2025-04-17 23:13:24
NPS,thiago.barbosa,A tela nao e intuitiva e acaba atrapalhando.,2025-04-18 00:55:23
CSAT,gustavo.martins,A correcao do filtro resolveu meu problema.,2025-04-18 02:16:04
BOT,mariana.ribeiro,Resposta rapida e com orientacao completa. Ticket 54917.,2025-04-18 04:56:14
CSAT,carla.oliveira,Estou recebendo erro 500 ao tentar salvar.,2025-04-18 05:30:48
BuzzMonitor,fernanda.elias,Muitos cliques para fazer uma tarefa simples.,2025-04-18 10:50:34
CSAT,laura.barbosa,A experiencia poderia ser melhor em dispositivos moveis.,2025-04-18 12:55:57
NPS,thiago.gomes,"O processo de pagamento ficou mais simples, ajudou muito.",2025-04-18 15:10:54
BOT,bruno.araujo,A documentacao e bem completa.,2025-04-18 16:02:26
CSAT,isabela.barbosa,"Boa, o erro de sincronizacao sumiu.",2025-04-18 16:43:44
NPS,camila.silva,O boleto não foi gerado e estou com pagamento em atraso por causa disso.,2025-04-18 21:01:21
NPS,patricia.pereira,"A importacao esta levando horas, ficou impraticavel.",2025-04-18 21:38:30
BuzzMonitor,laura.elias,"Estou sem retorno ha dias, isso prejudica o trabalho. Preciso de retorno urgente.",2025-04-18 21:44:18
NPS,isabela.souza,A API esta retornando 401 mesmo com token valido.,2025-04-18 23:35:58
BuzzMonitor,thiago.mendes,O tempo de resposta da API aumentou bastante. Ticket 81741.,2025-04-19 00:12:01
BOT,bruno.mendes,"Estou com problema na cobranca, veio valor duplicado na fatura.",2025-04-19 04:26:38
CSAT,gustavo.oliveira,Fui transferido varias vezes e nao resolveram.,2025-04-19 04:46:07
NPS,juliana.carvalho,Preciso de um relatorio de cobranca do mes.,2025-04-19 08:07:38
BOT,mariana.dias,"Gostei do novo painel financeiro, bem mais claro.",2025-04-19 14:20:10
NPS,mario.mendes,"Gostei do layout, ficou facil achar as funcoes.",2025-04-19 14:36:21
NPS,ana.oliveira,A conciliacao bancaria ficou bem melhor nessa versao.,2025-04-19 17:35:25
CSAT,joao.mendes,Ficou travando e desconectando toda hora.,2025-04-19 18:52:57
BuzzMonitor,rafael.silva,Quero falar com um especialista em integracoes. Ticket 82737.,2025-04-19 19:35:45
CSAT,patricia.ribeiro,A API esta bem mais rapida nessa versao.,2025-04-19 19:41:11
CSAT,vitor.ferreira,"O time de CS acompanhou ate a solucao, show.",2025-04-19 20:35:12
BuzzMonitor,ana.mendes,"Obrigada pela paciencia, problema resolvido. Preciso de retorno urgente.",2025-04-19 21:01:12
NPS,gustavo.almeida,O reset de senha falha e nao chega email.,2025-04-19 22:50:14
BuzzMonitor,laura.elias,A autenticacao em dois fatores nao funciona.,2025-04-20 01:20:03
CSAT,joao.teixeira,Estou recebendo erro 500 ao tentar salvar.,2025-04-20 01:33:27
BOT,isabela.nascimento,O webhooks estao falhando e nao recebo eventos.,2025-04-20 05:17:47
BOT,gustavo.mendes,Posso enviar logs para ajudar a investigar?,2025-04-20 10:32:29
NPS,beatriz.ribeiro,A integracao com o ERP nao esta sincronizando.,2025-04-20 10:41:57
CSAT,gustavo.lima,O filtro nao funciona e retorna resultados errados.,2025-04-20 12:50:34
NPS,diego.elias,Quando tento exportar CSV ele vem vazio.,2025-04-20 13:29:53
NPS,beatriz.pereira,Sinto falta de um relatorio mais completo.,2025-04-20 20:00:40
BuzzMonitor,carla.dias,Depois do patch nao ocorre mais duplicacao na importacao.,2025-04-21 00:14:12
CSAT,patricia.barbosa,"Gostei do conector com o ERP, poupou tempo. Preciso de retorno urgente.",2025-04-21 03:23:05
CSAT,diego.nascimento,A experiencia poderia ser melhor em dispositivos moveis. Preciso de retorno urgente.,2025-04-21 08:26:30
CSAT,rafael.ribeiro,"A busca ficou instantanea, parabens. Ticket 56284.",2025-04-21 10:37:57
CSAT,lucas.dias,Os logs de auditoria ajudaram bastante.,2025-04-21 14:26:38
BuzzMonitor,laura.martins,Onde encontro a opcao para personalizar colunas?,2025-04-21 19:57:01
BuzzMonitor,fernanda.mendes,"A performance melhorou muito, ta voando.",2025-04-22 01:46:26
NPS,beatriz.elias,A documentacao esta desatualizada.,2025-04-22 07:00:05
CSAT,rafael.barbosa,Quando tento exportar CSV ele vem vazio.,2025-04-22 07:32:21
CSAT,isabela.ribeiro,Parabens pelas melhorias de seguranca.,2025-04-22 16:59:11
CSAT,leonardo.carvalho,Muitos cliques para fazer uma tarefa simples.,2025-04-22 17:12:40
NPS,gustavo.ribeiro,"Gostei do controle de permissoes, bem completo.",2025-04-23 08:07:50
CSAT,juliana.silva,Posso reorganizar o menu?,2025-04-23 10:01:28
NPS,camila.araujo,"Muito bom ter 2FA, aumentou a seguranca.",2025-04-23 11:47:34
NPS,rafael.araujo,As mensagens de erro nao explicam o que fazer.,2025-04-23 16:49:48
CSAT,mariana.araujo,O tempo de resposta da API aumentou bastante.,2025-04-23 19:32:41
NPS,ana.pereira,"O time de CS acompanhou ate a solucao, show.",2025-04-23 20:41:56
CSAT,rafael.barbosa,"Estou com problema na cobranca, veio valor duplicado na fatura.",2025-04-24 02:32:27
CSAT,thiago.martins,"Faltam campos no cadastro, isso atrapalha.",2025-04-24 07:20:13
NPS,mariana.teixeira,"A navegacao esta confusa, nao acho as configuracoes.",2025-04-24 07:59:16
CSAT,camila.elias,Quero entender como funciona o calculo de impostos.,2025-04-24 12:13:03
BuzzMonitor,mariana.barbosa,O suporte foi muito prestativo e claro.,2025-04-24 12:44:23
BuzzMonitor,gustavo.mendes,O filtro nao funciona e retorna resultados errados. Preciso de retorno urgente.,2025-04-24 23:04:58
BuzzMonitor,isabela.elias,"Nao tive mais desconexoes, otimo trabalho.",2025-04-24 23:37:10
NPS,leonardo.mendes,"A tela de cadastro ficou redonda, sem bugs.",2025-04-25 06:21:47
BuzzMonitor,vitor.correa,Depois do patch não ocorre mais duplicacao na importacao.,2025-04-25 14:02:48
BOT,rafael.martins,Tem boas praticas para melhorar performance? Preciso de retorno urgente.,2025-04-25 14:34:46
NPS,patricia.barbosa,A ferramenta esta ajudando muito nosso dia a dia.,2025-04-26 04:25:08
BuzzMonitor,laura.nascimento,Nao consegui importar meus dados iniciais.,2025-04-26 11:31:55
CSAT,beatriz.lima,O reset de senha falha e nao chega email.,2025-04-26 13:42:33
NPS,rafael.nascimento,A busca demora demais e trava o navegador.,2025-04-26 13:58:07
NPS,mario.teixeira,O suporte foi muito prestativo e claro.,2025-04-26 14:36:35
BOT,camila.lima,Acho que a comunicacao de mudancas poderia melhorar.,2025-04-26 17:47:17
CSAT,gustavo.carvalho,O boleto nao foi gerado e estou com pagamento em atraso por causa disso.,2025-04-27 01:40:24
BOT,beatriz.barbosa,O filtro nao funciona e retorna resultados errados.,2025-04-27 02:04:20
BuzzMonitor,gustavo.carvalho,A autenticacao em dois fatores nao funciona. Preciso de retorno urgente.,2025-04-27 04:19:10
BOT,lucas.ferreira,"A importacao esta levando horas, ficou impraticavel.",2025-04-27 07:44:13
CSAT,lucas.correa,Parece que um usuario acessou dados que nao deveria. Preciso de retorno urgente.,2025-04-27 18:09:09
NPS,carla.oliveira,O fluxo de cadastro esta muito melhor.,2025-04-27 18:40:31
BuzzMonitor,bruno.gomes,A integracao com o gateway de pagamento caiu.,2025-04-27 21:03:22
BOT,thiago.silva,"Obrigada por resolverem a instabilidade, melhorou muito.",2025-04-28 00:47:31
CSAT,ana.elias,Como configuro 2FA para todos os usuarios? Ticket 47105.,2025-04-28 01:52:15
BuzzMonitor,juliana.correa,A experiencia de uso evoluiu muito.,2025-04-28 04:38:54
CSAT,beatriz.martins,A integracao com o gateway de pagamento caiu.,2025-04-28 08:11:46
BuzzMonitor,vitor.gomes,"A equipe acompanhou a implantacao, foi tranquilo.",2025-04-28 08:16:45
NPS,thiago.nascimento,A tela não e intuitiva e acaba atrapalhando.,2025-04-28 14:29:27
BuzzMonitor,carla.mendes,Consigo abrir um chamado para esse comportamento?,2025-04-28 14:50:14
BuzzMonitor,diego.souza,Parabens pelas melhorias de seguranca. Preciso de retorno urgente.,2025-04-29 00:38:24
CSAT,juliana.ribeiro,O menu mudou e agora ficou pior de usar.,2025-04-29 04:11:17
BuzzMonitor,rafael.nascimento,Ficou travando e desconectando toda hora.,2025-04-29 04:48:36
NPS,patricia.martins,Nao consigo atualizar meus dados de pagamento no sistema.,2025-04-29 07:37:06
BOT,patricia.correa,A tela nao e intuitiva e acaba atrapalhando.,2025-04-29 08:23:43
NPS,mariana.martins,Hoje o sistema esta super rapido e sem quedas.,2025-04-29 10:14:21
BOT,lucas.barbosa,Importacao muito mais eficiente agora. Preciso de retorno urgente.,2025-04-29 16:08:12
NPS,patricia.almeida,Quando tento exportar CSV ele vem vazio. Ticket 60430.,2025-04-29 22:35:10
BuzzMonitor,carla.teixeira,Posso enviar logs para ajudar a investigar? Preciso de retorno urgente.,2025-04-30 03:31:45
BuzzMonitor,laura.oliveira,"A importacao esta levando horas, ficou impraticavel.",2025-04-30 04:30:21
NPS,gustavo.ferreira,A disponibilidade melhorou bastante essa semana.,2025-04-30 15:32:03
CSAT,bruno.teixeira,A experiencia poderia ser melhor em dispositivos moveis.,2025-04-30 17:10:33
CSAT,fernanda.correa,A documentacao e bem completa.,2025-04-30 17:23:27
BOT,juliana.araujo,Tem trilha de treinamento para novos usuarios?,2025-04-30 22:40:40
CSAT,lucas.correa,Tem alguma previsao para corrigir a exportacao? Ticket 21848.,2025-05-01 02:38:17
NPS,thiago.rocha,O filtro nao funciona e retorna resultados errados.,2025-05-01 04:55:10
CSAT,rafael.nascimento,Depois do patch nao ocorre mais duplicacao na importacao. Preciso de retorno urgente.,2025-05-01 11:34:09
BuzzMonitor,leonardo.silva,A integracao com o ERP nao esta sincronizando.,2025-05-01 15:54:47
BOT,lucas.barbosa,O botao de salvar não responde na tela de cadastro.,2025-05-01 20:13:36
NPS,gustavo.dias,Preciso de auditoria e nao encontro logs completos. Preciso de retorno urgente.,2025-05-01 22:44:46
CSAT,mario.souza,"Gostei do controle de permissoes, bem completo.",2025-05-02 00:40:14
CSAT,ana.souza,O menu mudou e agora ficou pior de usar. Preciso de retorno urgente.,2025-05-02 04:06:54
BuzzMonitor,beatriz.souza,O reset de senha falha e nao chega email.,2025-05-02 06:16:53
CSAT,mariana.barbosa,"Estou vendo lentidao em alguns horarios, e esperado?",2025-05-02 12:38:40
BuzzMonitor,camila.elias,Fui transferido varias vezes e nao resolveram.,2025-05-02 13:31:19
CSAT,gustavo.nascimento,Depois do patch nao ocorre mais duplicacao na importacao.,2025-05-02 15:06:09
BuzzMonitor,vitor.dias,Os tutoriais ajudaram muito a comecar.,2025-05-02 19:23:13
BuzzMonitor,isabela.lima,"Faltam campos no cadastro, isso atrapalha.",2025-05-02 21:48:16
BOT,fernanda.oliveira,A integracao com o gateway de pagamento caiu.,2025-05-03 01:18:16
NPS,lucas.almeida,"A tela de cadastro ficou redonda, sem bugs.",2025-05-03 01:27:06
CSAT,leonardo.ferreira,Onde eu reporto um bug com print da tela?,2025-05-03 09:27:26
NPS,diego.elias,Vocês tiveram alguma manutencao programada hoje?,2025-05-03 10:31:03
CSAT,bruno.araujo,"A API esta bem documentada, consegui integrar rapido.",2025-05-03 14:25:52
BOT,leonardo.correa,A documentacao e bem completa. Ticket 85550.,2025-05-03 15:56:12
CSAT,patricia.rocha,O bloqueio por IP facilitou nossa politica interna. Ticket 70372.,2025-05-03 16:38:45
BuzzMonitor,rafael.correa,"Boa, o erro de sincronizacao sumiu.",2025-05-03 21:54:25
BOT,camila.correa,Parabens pelas melhorias de seguranca.,2025-05-03 22:07:38
BuzzMonitor,mario.elias,Depois do patch nao ocorre mais duplicacao na importacao.,2025-05-04 07:02:37
BOT,thiago.barbosa,A plataforma caiu agora e nao consigo acessar.,2025-05-04 07:19:35
BuzzMonitor,thiago.ribeiro,O sistema duplica registros ao importar. Preciso de retorno urgente.,2025-05-04 18:39:24
BuzzMonitor,beatriz.dias,As telas estao com lentidao em horario comercial.,2025-05-04 20:25:08
CSAT,diego.ferreira,O menu mudou e agora ficou pior de usar. Preciso de retorno urgente.,2025-05-04 22:22:32
BuzzMonitor,fernanda.ribeiro,"Gostei do controle de permissoes, bem completo.",2025-05-05 01:00:56
BOT,juliana.correa,Ficou travando e desconectando toda hora. Preciso de retorno urgente.,2025-05-05 02:07:47
NPS,joao.barbosa,"Boa, o erro de sincronizacao sumiu.",2025-05-05 02:46:26
BuzzMonitor,mario.carvalho,Acho que a comunicacao de mudancas poderia melhorar.,2025-05-05 03:17:18
CSAT,isabela.lima,"Parabens, a nota fiscal saiu certinha e bem rapido.",2025-05-05 06:45:50
BOT,mariana.almeida,Preciso de um relatorio de cobranca do mes.,2025-05-05 14:42:34
CSAT,joao.dias,Ficou travando e desconectando toda hora.,2025-05-05 17:54:27
BuzzMonitor,isabela.correa,Onde eu encontro o historico de faturas?,2025-05-05 19:42:57
BuzzMonitor,lucas.carvalho,"Gostei do conector com o ERP, poupou tempo. Ticket 23673.",2025-05-05 20:43:56
CSAT,carla.mendes,A exportacao para contabilidade funcionou de primeira.,2025-05-05 21:40:08
BOT,fernanda.correa,A correcao do filtro resolveu meu problema. Preciso de retorno urgente.,2025-05-05 23:48:04
BuzzMonitor,vitor.dias,A disponibilidade melhorou bastante essa semana.,2025-05-06 02:17:59
BOT,patricia.nascimento,Depois da ultima manutencao ficou bem mais estavel.,2025-05-06 09:15:51
NPS,joao.teixeira,Qual o limite de requisicoes por minuto na API?,2025-05-06 09:19:16
CSAT,leonardo.mendes,"O sistema esta fora do ar desde cedo, precisamos de retorno.",2025-05-06 17:42:45
CSAT,fernanda.almeida,Seria bom ter mais opcoes de personalizacao. Preciso de retorno urgente.,2025-05-06 17:46:07
CSAT,juliana.correa,Quando tento exportar CSV ele vem vazio.,2025-05-06 23:19:36
BuzzMonitor,isabela.oliveira,As telas estao com lentidao em horario comercial. Preciso de retorno urgente.,2025-05-07 00:59:00
BOT,beatriz.souza,A documentacao e bem completa.,2025-05-07 02:20:57
BuzzMonitor,thiago.correa,Tem atalho para acessar relatorios mais rapido?,2025-05-07 02:33:49
BOT,rafael.nascimento,A experiencia poderia ser melhor em dispositivos moveis.,2025-05-07 04:25:53
NPS,laura.rocha,Hoje o sistema esta super rapido e sem quedas.,2025-05-07 06:56:52
NPS,patricia.correa,"A performance melhorou muito, ta voando. Preciso de retorno urgente.",2025-05-07 16:24:36
BOT,juliana.ferreira,O webhooks estao falhando e nao recebo eventos.,2025-05-07 20:18:44
NPS,juliana.silva,"Comecei a usar rapido, processo muito bom.",2025-05-08 06:12:16
NPS,patricia.souza,As telas estao com lentidao em horario comercial. Ticket 47375.,2025-05-08 06:53:14
BOT,juliana.almeida,O atendimento foi rude e nao ajudou. Preciso de retorno urgente.,2025-05-08 12:24:26
CSAT,patricia.lima,"Produto excelente, atende bem nossas necessidades. Ticket 50683.",2025-05-08 13:23:25
BuzzMonitor,thiago.gomes,"Nao tive mais desconexoes, otimo trabalho.",2025-05-08 14:23:49
CSAT,isabela.ferreira,Onde eu reporto um bug com print da tela?,2025-05-08 16:24:12
BuzzMonitor,leonardo.ribeiro,Tem como trocar a forma de pagamento para cartao?,2025-05-08 23:18:11
CSAT,mariana.ferreira,"Estou com problema na cobranca, veio valor duplicado na fatura.",2025-05-09 00:19:49
BOT,isabela.correa,Recebi alerta de login suspeito e nao consegui bloquear.,2025-05-09 05:14:24
CSAT,diego.ribeiro,O menu mudou e agora ficou pior de usar.,2025-05-09 06:12:07
CSAT,patricia.mendes,O atendimento foi rude e nao ajudou.,2025-05-09 09:24:50
CSAT,bruno.araujo,O suporte demorou muito para responder meu chamado. Preciso de retorno urgente.,2025-05-09 12:23:45
NPS,bruno.barbosa,Onde encontro a opcao para personalizar colunas? Preciso de retorno urgente.,2025-05-09 15:45:33
BOT,ana.almeida,A plataforma caiu agora e nao consigo acessar. Preciso de retorno urgente.,2025-05-09 17:53:03
NPS,leonardo.carvalho,Onde encontro a base de conhecimento?,2025-05-09 19:50:52
BOT,vitor.pereira,Qual versao contem a correcao do problema?,2025-05-09 22:24:53
NPS,juliana.elias,A integracao com o gateway de pagamento caiu. Preciso de retorno urgente.,2025-05-10 11:53:00
BOT,isabela.almeida,Preciso de auditoria e nao encontro logs completos. Preciso de retorno urgente.,2025-05-10 12:36:25
CSAT,thiago.lima,Seria bom ter mais opcoes de personalizacao.,2025-05-10 22:17:25
CSAT,beatriz.barbosa,Preciso de auditoria e não encontro logs completos.,2025-05-10 22:46:05
CSAT,ana.ferreira,"Obrigada por resolverem a instabilidade, melhorou muito.",2025-05-10 23:44:47
BuzzMonitor,camila.souza,Os webhooks estao super estaveis agora. Preciso de retorno urgente.,2025-05-11 02:17:37
NPS,diego.ferreira,Quero entender como funciona o calculo de impostos.,2025-05-11 02:24:43
BOT,leonardo.nascimento,O sistema duplica registros ao importar.,2025-05-11 04:13:35
BOT,leonardo.mendes,"O processo de pagamento ficou mais simples, ajudou muito.",2025-05-11 10:19:33
NPS,beatriz.silva,Os logs de auditoria ajudaram bastante.,2025-05-11 13:46:53
CSAT,patricia.teixeira,"Comecei a usar rapido, processo muito bom.",2025-05-11 14:23:26
BOT,laura.ferreira,O sistema duplica registros ao importar.,2025-05-11 15:13:40
BuzzMonitor,joao.martins,"Relatorios agora carregam rapido, excelente.",2025-05-11 15:26:37
BOT,juliana.oliveira,A conciliacao bancaria ficou bem melhor nessa versao. Preciso de retorno urgente.,2025-05-11 22:09:17
NPS,fernanda.mendes,A integracao gera erro ao sincronizar e para no meio.,2025-05-12 00:12:31
BuzzMonitor,beatriz.mendes,Preciso de auditoria e não encontro logs completos.,2025-05-12 03:45:55
NPS,leonardo.almeida,Importacao muito mais eficiente agora.,2025-05-12 12:31:03
CSAT,thiago.barbosa,"Nao carrega a tela inicial, fica em loading infinito. Ticket 13049.",2025-05-13 00:37:29
NPS,joao.barbosa,Recebi alerta de login suspeito e nao consegui bloquear.,2025-05-13 02:06:35
NPS,bruno.araujo,Onde vejo o log de auditoria?,2025-05-13 07:38:12
CSAT,bruno.almeida,Nao consigo atualizar meus dados de pagamento no sistema. Ticket 72084.,2025-05-13 13:20:01
CSAT,ana.araujo,Preciso de um relatorio de cobranca do mes. Ticket 30016.,2025-05-13 13:35:21
BuzzMonitor,isabela.ribeiro,Os dados do CRM estao vindo incompletos na integracao.,2025-05-13 15:40:47
BuzzMonitor,rafael.rocha,"A performance melhorou muito, ta voando.",2025-05-13 18:51:31
NPS,fernanda.lima,"Estou vendo lentidao em alguns horarios, e esperado?",2025-05-13 23:41:41
BOT,leonardo.pereira,Os dados do CRM estao vindo incompletos na integracao.,2025-05-14 03:40:32
CSAT,thiago.carvalho,Qual foi a causa da indisponibilidade de ontem?,2025-05-14 04:31:42
CSAT,rafael.mendes,As telas estao com lentidao em horario comercial.,2025-05-14 05:42:48
BuzzMonitor,mariana.barbosa,"A fatura veio com reajuste sem aviso, podem verificar?",2025-05-14 10:43:47
CSAT,rafael.oliveira,O bloqueio por IP facilitou nossa politica interna.,2025-05-14 16:18:09
BuzzMonitor,thiago.carvalho,Qual o prazo para emitir nota fiscal?,2025-05-15 00:25:52
BOT,isabela.ferreira,Tem SSO com Azure AD?,2025-05-15 02:22:09
BuzzMonitor,mario.silva,O onboarding foi confuso e faltou treinamento. Preciso de retorno urgente.,2025-05-15 02:54:55
NPS,carla.rocha,O fluxo de cadastro esta muito melhor.,2025-05-16 06:23:38
CSAT,fernanda.silva,A API esta retornando 401 mesmo com token valido.,2025-05-16 10:09:17
NPS,joao.silva,Quero entender como funciona o calculo de impostos. Preciso de retorno urgente.,2025-05-16 16:28:18
NPS,fernanda.araujo,"Nao carrega a tela inicial, fica em loading infinito.",2025-05-16 16:40:17
NPS,fernanda.souza,"As dicas na tela ajudam bastante, parabens. Preciso de retorno urgente.",2025-05-17 02:43:16
BOT,thiago.elias,"As dicas na tela ajudam bastante, parabens. Preciso de retorno urgente.",2025-05-17 10:04:00
NPS,patricia.pereira,Qual versao contem a correcao do problema?,2025-05-17 10:51:58
NPS,fernanda.elias,"Faltam campos no cadastro, isso atrapalha.",2025-05-17 11:27:08
CSAT,mariana.nascimento,O onboarding foi confuso e faltou treinamento.,2025-05-17 12:11:20
CSAT,mario.elias,Depois da ultima manutencao ficou bem mais estavel.,2025-05-17 12:22:13
NPS,camila.ferreira,A integracao com o ERP nao esta sincronizando.,2025-05-17 15:32:19
NPS,mariana.araujo,A experiencia de uso evoluiu muito.,2025-05-17 16:44:14
CSAT,isabela.barbosa,"A tela de cadastro ficou redonda, sem bugs.",2025-05-17 17:58:10
BuzzMonitor,bruno.lima,Qual politica de retencao de logs?,2025-05-17 19:05:39
BuzzMonitor,beatriz.souza,Os webhooks estao super estaveis agora. Preciso de retorno urgente.,2025-05-18 07:12:44
BOT,bruno.almeida,"O processo de pagamento ficou mais simples, ajudou muito.",2025-05-18 18:09:14
CSAT,juliana.almeida,Os webhooks estao super estaveis agora.,2025-05-18 23:21:46
CSAT,beatriz.ribeiro,O cancelamento foi cobrado mesmo depois de eu solicitar. Preciso de retorno urgente.,2025-05-19 15:53:24
NPS,diego.correa,Sinto falta de um relatorio mais completo.,2025-05-20 02:52:40
BuzzMonitor,juliana.souza,Recebi alerta de login suspeito e nao consegui bloquear.,2025-05-20 04:34:59
BOT,camila.correa,Importacao muito mais eficiente agora.,2025-05-20 06:23:02
BOT,rafael.almeida,Existe cache para relatorios?,2025-05-20 12:19:44
CSAT,beatriz.silva,As mensagens de erro não explicam o que fazer.,2025-05-20 12:24:09
CSAT,rafael.nascimento,Qual o passo a passo recomendado para comecar?,2025-05-20 12:33:30
CSAT,isabela.almeida,O botao de salvar nao responde na tela de cadastro.,2025-05-20 18:35:50
BuzzMonitor,bruno.pereira,Existe modo escuro? Preciso de retorno urgente.,2025-05-20 18:40:27
BOT,juliana.correa,A autenticacao em dois fatores nao funciona.,2025-05-20 19:31:22
NPS,ana.ferreira,Como gero um token de API?,2025-05-21 09:09:42
BuzzMonitor,leonardo.souza,Nao consegui importar meus dados iniciais.,2025-05-21 11:29:53
NPS,juliana.elias,"O sistema esta fora do ar desde cedo, precisamos de retorno.",2025-05-21 11:50:34
NPS,juliana.teixeira,Parece que um usuario acessou dados que nao deveria.,2025-05-21 14:03:05
BuzzMonitor,bruno.nascimento,"A performance melhorou muito, ta voando. Preciso de retorno urgente.",2025-05-21 15:29:17
CSAT,joao.araujo,"A navegacao esta confusa, nao acho as configuracoes.",2025-05-21 15:50:13
CSAT,camila.martins,"Evoluiram muito no ultimo trimestre, parabens.",2025-05-21 20:28:44
CSAT,fernanda.teixeira,"Muito bom ter 2FA, aumentou a seguranca.",2025-05-21 23:13:33
CSAT,beatriz.martins,Fiquei perdido na configuracao inicial.,2025-05-22 00:56:29
NPS,isabela.dias,"Gostei do layout, ficou facil achar as funcoes.",2025-05-22 01:02:00
CSAT,isabela.carvalho,O menu mudou e agora ficou pior de usar.,2025-05-23 01:20:51
BOT,joao.carvalho,O menu mudou e agora ficou pior de usar.,2025-05-23 02:02:21
NPS,bruno.silva,"Faltam campos no cadastro, isso atrapalha.",2025-05-23 10:30:57
BOT,camila.lima,Preciso de auditoria e não encontro logs completos. Preciso de retorno urgente.,2025-05-23 17:21:36
NPS,joao.mendes,"A importacao esta levando horas, ficou impraticavel.",2025-05-23 19:05:54
BOT,camila.teixeira,Quando tento exportar CSV ele vem vazio.,2025-05-23 19:17:35
CSAT,vitor.mendes,"Preciso atualizar o responsavel do contrato, com quem falo?",2025-05-24 00:12:30
BuzzMonitor,ana.ribeiro,"Adorei as novas funcionalidades, muito util. Preciso de retorno urgente.",2025-05-24 01:17:19
BuzzMonitor,leonardo.araujo,Preciso de auditoria e nao encontro logs completos.,2025-05-24 01:20:37
BuzzMonitor,camila.teixeira,Onde encontro a base de conhecimento? Preciso de retorno urgente.,2025-05-24 03:24:05
NPS,mario.rocha,A integracao com o ERP nao esta sincronizando.,2025-05-24 13:18:02
BuzzMonitor,beatriz.nascimento,"Nao carrega a tela inicial, fica em loading infinito.",2025-05-24 21:58:15
BOT,joao.araujo,"A performance melhorou muito, ta voando.",2025-05-25 05:19:12
BOT,mariana.silva,No geral estou bem satisfeito com a plataforma.,2025-05-25 08:31:57
BuzzMonitor,fernanda.dias,Sinto falta de um relatorio mais completo.,2025-05-25 20:50:04
BuzzMonitor,camila.pereira,"Gostei do conector com o ERP, poupou tempo.",2025-05-25 21:33:25
BuzzMonitor,fernanda.oliveira,Estou recebendo erro 500 ao tentar salvar. Preciso de retorno urgente.,2025-05-25 22:19:41
BuzzMonitor,leonardo.araujo,Como configuro 2FA para todos os usuarios?,2025-05-25 23:25:49
BOT,fernanda.araujo,"O sistema esta fora do ar desde cedo, precisamos de retorno.",2025-05-26 05:07:46
BuzzMonitor,isabela.rocha,"Gostei do controle de permissoes, bem completo.",2025-05-26 16:37:20
NPS,mario.dias,A disponibilidade melhorou bastante essa semana.,2025-05-26 17:37:27
BuzzMonitor,vitor.pereira,As mensagens de erro nao explicam o que fazer.,2025-05-27 03:38:18
BOT,thiago.barbosa,Parece que um usuario acessou dados que nao deveria. Preciso de retorno urgente.,2025-05-27 05:48:44
CSAT,thiago.carvalho,"A fatura veio com reajuste sem aviso, podem verificar?",2025-05-27 11:07:22
BOT,beatriz.barbosa,Consigo abrir um chamado para esse comportamento?,2025-05-27 11:44:32
BuzzMonitor,rafael.lima,Preciso de auditoria e nao encontro logs completos.,2025-05-27 20:02:05
BuzzMonitor,rafael.rocha,"A fatura veio com reajuste sem aviso, podem verificar? Preciso de retorno urgente.",2025-05-28 01:06:33
CSAT,isabela.oliveira,Acho que a comunicacao de mudancas poderia melhorar. Preciso de retorno urgente.,2025-05-28 04:57:21
BOT,juliana.elias,A experiencia poderia ser melhor em dispositivos moveis.,2025-05-28 07:06:46
BuzzMonitor,leonardo.souza,Quando tento exportar CSV ele vem vazio.,2025-05-28 08:01:38
BOT,patricia.elias,O sistema duplica registros ao importar. Preciso de retorno urgente. Ticket 37339.,2025-05-28 17:44:21
BuzzMonitor,isabela.nascimento,Ficou travando e desconectando toda hora.,2025-05-28 18:14:16
NPS,patricia.almeida,"Evoluiram muito no ultimo trimestre, parabens.",2025-05-28 20:23:32
BuzzMonitor,beatriz.oliveira,Como faço para salvar filtros como favoritos?,2025-05-28 23:50:20
CSAT,fernanda.dias,Parabens pelas melhorias de seguranca. Preciso de retorno urgente.,2025-05-29 00:37:07
CSAT,isabela.barbosa,A integracao suporta ambientes de teste?,2025-05-29 01:53:24
CSAT,patricia.dias,A exportacao para contabilidade funcionou de primeira.,2025-05-29 12:45:41
BuzzMonitor,thiago.correa,As telas estao com lentidao em horario comercial.,2025-05-30 02:45:55
BuzzMonitor,patricia.correa,O reset de senha falha e nao chega email.,2025-05-30 03:35:58
NPS,gustavo.barbosa,Depois da ultima manutencao ficou bem mais estavel.,2025-05-30 04:47:09
CSAT,laura.dias,"Produto excelente, atende bem nossas necessidades.",2025-05-30 05:50:49
BuzzMonitor,beatriz.souza,"Evoluiram muito no ultimo trimestre, parabens. Ticket 60146.",2025-05-30 09:19:16
CSAT,thiago.teixeira,O botao de salvar nao responde na tela de cadastro. Ticket 49707.,2025-05-30 11:32:27
NPS,mario.araujo,"A performance melhorou muito, ta voando.",2025-05-31 18:04:55
BuzzMonitor,diego.rocha,"Faltam campos no cadastro, isso atrapalha.",2025-05-31 18:59:04
BuzzMonitor,bruno.barbosa,Os logs de auditoria ajudaram bastante.,2025-05-31 20:37:58
BuzzMonitor,camila.pereira,Quando tento exportar CSV ele vem vazio. Preciso de retorno urgente.,2025-06-01 01:40:35
BOT,lucas.teixeira,Parece que um usuario acessou dados que nao deveria.,2025-06-01 01:59:23
CSAT,diego.mendes,A documentacao e bem completa.,2025-06-01 11:39:02
NPS,lucas.barbosa,No geral estou bem satisfeito com a plataforma.,2025-06-01 16:49:38
NPS,diego.correa,Os tutoriais nao cobrem o que eu preciso.,2025-06-01 16:59:34
CSAT,joao.silva,O onboarding foi excelente e bem guiado.,2025-06-01 19:07:04
NPS,isabela.barbosa,Tem SSO com Azure AD?,2025-06-01 20:37:42
NPS,fernanda.rocha,A plataforma caiu agora e não consigo acessar.,2025-06-02 02:41:24
BuzzMonitor,patricia.almeida,"Gostei do controle de permissoes, bem completo.",2025-06-02 14:47:51
CSAT,gustavo.teixeira,A ferramenta esta ajudando muito nosso dia a dia.,2025-06-02 18:45:07
BuzzMonitor,patricia.ferreira,"O sistema esta fora do ar desde cedo, precisamos de retorno. Preciso de retorno urgente.",2025-06-02 20:45:52
BuzzMonitor,patricia.elias,O bloqueio por IP facilitou nossa politica interna. Preciso de retorno urgente.,2025-06-03 01:06:27
CSAT,juliana.martins,Vocês tem exemplo de payload para webhooks?,2025-06-03 06:12:26
BuzzMonitor,patricia.nascimento,O onboarding foi excelente e bem guiado. Preciso de retorno urgente.,2025-06-03 06:50:27
BuzzMonitor,gustavo.martins,"Atendimento excelente, resolveram em minutos.",2025-06-03 07:55:11
NPS,gustavo.ribeiro,A tela nao e intuitiva e acaba atrapalhando.,2025-06-03 13:59:10
CSAT,thiago.araujo,A tela nao e intuitiva e acaba atrapalhando.,2025-06-03 16:59:29
BOT,vitor.correa,As mensagens de erro nao explicam o que fazer. Ticket 96275.,2025-06-03 17:10:36
CSAT,laura.silva,Tem como trocar a forma de pagamento para cartao? Preciso de retorno urgente.,2025-06-03 21:15:57
NPS,laura.carvalho,"Estou vendo lentidao em alguns horarios, e esperado?",2025-06-04 03:19:47
BuzzMonitor,rafael.elias,A autenticacao em dois fatores nao funciona. Preciso de retorno urgente.,2025-06-04 04:07:24
NPS,vitor.teixeira,O cancelamento foi cobrado mesmo depois de eu solicitar.,2025-06-04 04:58:17
BOT,joao.silva,Gostaria de entender o roadmap de funcionalidades.,2025-06-04 08:52:18
CSAT,leonardo.teixeira,"As dicas na tela ajudam bastante, parabens.",2025-06-04 17:22:29
CSAT,vitor.silva,"As dicas na tela ajudam bastante, parabens.",2025-06-04 20:05:08
NPS,thiago.oliveira,A experiencia poderia ser melhor em dispositivos moveis.,2025-06-04 20:34:15
CSAT,laura.dias,O cancelamento foi cobrado mesmo depois de eu solicitar.,2025-06-04 22:52:39
NPS,laura.dias,Qual foi a causa da indisponibilidade de ontem?,2025-06-05 08:49:25
BuzzMonitor,patricia.mendes,O atendimento foi rude e nao ajudou. Preciso de retorno urgente. Ticket 65052.,2025-06-05 11:08:39
BuzzMonitor,carla.pereira,Recebi alerta de login suspeito e nao consegui bloquear.,2025-06-05 15:09:49
BuzzMonitor,leonardo.souza,O sistema duplica registros ao importar.,2025-06-05 16:10:59
CSAT,bruno.teixeira,Fiquei perdido na configuracao inicial.,2025-06-05 16:24:20
NPS,carla.correa,Fui transferido varias vezes e nao resolveram.,2025-06-05 18:40:36
BuzzMonitor,thiago.oliveira,Existe cache para relatorios?,2025-06-05 22:47:02
NPS,carla.nascimento,"Faltam campos no cadastro, isso atrapalha. Ticket 15798.",2025-06-06 05:23:05
NPS,camila.martins,Como gero um token de API?,2025-06-06 11:59:22
BuzzMonitor,joao.souza,Quero falar com um especialista em integracoes.,2025-06-06 12:14:23
BuzzMonitor,isabela.correa,Parece que um usuario acessou dados que nao deveria.,2025-06-06 18:17:19
CSAT,ana.araujo,Estou recebendo erro 500 ao tentar salvar. Preciso de retorno urgente.,2025-06-06 19:27:39
BOT,diego.oliveira,A experiencia poderia ser melhor em dispositivos moveis.,2025-06-06 20:58:32
BuzzMonitor,ana.almeida,Onde vejo o log de auditoria?,2025-06-06 21:29:49
BOT,ana.correa,"Obrigado por corrigirem o bug da exportacao, agora funciona.",2025-06-07 11:07:36
CSAT,rafael.elias,"Obrigada pela paciencia, problema resolvido.",2025-06-07 13:56:35
BuzzMonitor,laura.martins,"Muito bom ter 2FA, aumentou a seguranca.",2025-06-07 20:11:04
BuzzMonitor,fernanda.oliveira,A experiencia de uso evoluiu muito.,2025-06-08 01:31:49
NPS,gustavo.carvalho,Parece que um usuario acessou dados que nao deveria.,2025-06-08 02:50:18
CSAT,gustavo.gomes,Os tutoriais nao cobrem o que eu preciso.,2025-06-08 03:05:20
CSAT,rafael.pereira,O fluxo de cadastro esta muito melhor.,2025-06-08 03:19:58
CSAT,rafael.almeida,Quando tento exportar CSV ele vem vazio.,2025-06-08 11:14:50
CSAT,gustavo.araujo,O bloqueio por IP facilitou nossa politica interna.,2025-06-08 18:00:24
BOT,leonardo.almeida,Como configuro 2FA para todos os usuarios?,2025-06-08 18:42:44
CSAT,fernanda.nascimento,A integracao com o CRM funcionou sem dor de cabeca. Preciso de retorno urgente.,2025-06-08 22:45:53
NPS,diego.barbosa,Consigo abrir um chamado para esse comportamento?,2025-06-09 08:12:55
CSAT,laura.souza,Tem alguma pagina de status para acompanhar?,2025-06-09 12:53:16
NPS,bruno.teixeira,Acho que a comunicacao de mudancas poderia melhorar.,2025-06-09 13:00:50
CSAT,mariana.barbosa,"A navegacao esta confusa, nao acho as configuracoes. Ticket 62879.",2025-06-10 03:16:25
NPS,carla.rocha,"Gostei do layout, ficou facil achar as funcoes.",2025-06-10 12:10:42
CSAT,carla.ferreira,Recebi alerta de login suspeito e nao consegui bloquear.,2025-06-10 13:33:28
NPS,diego.rocha,O atendente nao entendeu o problema e encerrou o ticket.,2025-06-11 03:05:12
CSAT,beatriz.barbosa,"Muito bom ter 2FA, aumentou a seguranca.",2025-06-11 09:45:49
BuzzMonitor,lucas.elias,Acho que a comunicacao de mudancas poderia melhorar.,2025-06-11 11:43:29
CSAT,bruno.rocha,Onde encontro a base de conhecimento? Preciso de retorno urgente.,2025-06-11 15:01:22
BuzzMonitor,mariana.souza,"Comecei a usar rapido, processo muito bom. Ticket 19275.",2025-06-11 15:38:22
NPS,thiago.dias,As mensagens de erro nao explicam o que fazer. Preciso de retorno urgente.,2025-06-11 16:18:42
CSAT,juliana.ribeiro,Como abro um chamado para suporte tecnico?,2025-06-11 18:08:04
CSAT,juliana.nascimento,Os logs de auditoria ajudaram bastante.,2025-06-12 01:40:16
BuzzMonitor,gustavo.ferreira,"O sistema esta fora do ar desde cedo, precisamos de retorno.",2025-06-12 05:07:59
CSAT,carla.ribeiro,O suporte demorou muito para responder meu chamado.,2025-06-12 10:16:15
NPS,laura.nascimento,Tem SSO com Azure AD? Preciso de retorno urgente.,2025-06-12 10:32:58
NPS,rafael.gomes,As mensagens de erro nao explicam o que fazer.,2025-06-12 23:45:41
NPS,joao.dias,A API esta retornando 401 mesmo com token valido.,2025-06-13 04:01:17
BuzzMonitor,isabela.ribeiro,Qual o limite de requisicoes por minuto na API?,2025-06-13 13:18:55
CSAT,laura.carvalho,Tem boas praticas para melhorar performance?,2025-06-13 19:36:52
BuzzMonitor,patricia.teixeira,A disponibilidade melhorou bastante essa semana.,2025-06-13 23:42:14
CSAT,camila.mendes,"Estou com problema na cobranca, veio valor duplicado na fatura.",2025-06-14 05:54:12
BuzzMonitor,patricia.almeida,O sistema duplica registros ao importar.,2025-06-14 11:52:47
CSAT,rafael.araujo,"A busca ficou instantanea, parabens.",2025-06-14 12:00:44
NPS,patricia.martins,"Gostei do conector com o ERP, poupou tempo.",2025-06-14 23:43:48
CSAT,ana.gomes,O boleto nao foi gerado e estou com pagamento em atraso por causa disso.,2025-06-15 01:30:00
CSAT,ana.nascimento,Tem alguma previsao para corrigir a exportacao?,2025-06-15 03:33:59
BuzzMonitor,gustavo.araujo,"Gostei do layout, ficou facil achar as funcoes.",2025-06-15 11:33:42
BuzzMonitor,juliana.almeida,"Boa, o erro de sincronizacao sumiu. Preciso de retorno urgente.",2025-06-15 13:25:54
CSAT,lucas.elias,"A performance melhorou muito, ta voando.",2025-06-15 15:17:31
CSAT,vitor.dias,"A API esta bem documentada, consegui integrar rapido.",2025-06-15 15:25:01
BuzzMonitor,rafael.correa,"Estou com problema na cobranca, veio valor duplicado na fatura.",2025-06-16 01:02:50
CSAT,carla.ribeiro,O cancelamento foi cobrado mesmo depois de eu solicitar.,2025-06-16 06:48:22
BOT,laura.carvalho,Nao consegui importar meus dados iniciais.,2025-06-16 08:06:51
BOT,joao.barbosa,Tem como trocar a forma de pagamento para cartao?,2025-06-16 13:40:08
CSAT,fernanda.dias,A integracao com o ERP nao esta sincronizando.,2025-06-16 19:43:21
BuzzMonitor,vitor.elias,Existe controle de permissao por modulo? Preciso de retorno urgente.,2025-06-16 21:16:05
BuzzMonitor,mario.pereira,A experiencia de uso evoluiu muito.,2025-06-17 05:38:02
NPS,camila.ribeiro,O botao de salvar nao responde na tela de cadastro.,2025-06-17 06:36:22
NPS,ana.ferreira,O menu mudou e agora ficou pior de usar.,2025-06-17 07:33:47
CSAT,beatriz.correa,"A API esta bem documentada, consegui integrar rapido.",2025-06-17 16:33:19
BOT,bruno.silva,"Gostei do conector com o ERP, poupou tempo.",2025-06-17 17:55:56
CSAT,juliana.teixeira,O atendimento foi rude e nao ajudou.,2025-06-17 21:49:42
NPS,isabela.gomes,Vocês recomendam qual navegador? Preciso de retorno urgente.,2025-06-17 22:16:28
CSAT,leonardo.oliveira,A integracao gera erro ao sincronizar e para no meio.,2025-06-18 00:17:40
CSAT,gustavo.rocha,"Obrigada por resolverem a instabilidade, melhorou muito. Preciso de retorno urgente. Ticket 85220.",2025-06-18 05:18:36
BuzzMonitor,fernanda.correa,O sistema duplica registros ao importar.,2025-06-18 10:29:00
BuzzMonitor,thiago.pereira,Depois da ultima manutencao ficou bem mais estavel.,2025-06-18 16:00:37
BOT,mario.almeida,O suporte foi muito prestativo e claro. Ticket 88193.,2025-06-18 18:25:40
CSAT,gustavo.oliveira,O sistema esta muito lento para carregar relatorios.,2025-06-18 21:56:21
CSAT,camila.almeida,A exportacao para contabilidade funcionou de primeira.,2025-06-19 00:42:35
CSAT,camila.carvalho,O atendimento foi rude e nao ajudou.,2025-06-19 05:43:14
BuzzMonitor,bruno.gomes,"Produto excelente, atende bem nossas necessidades.",2025-06-19 09:03:12
NPS,joao.ferreira,"Gostei do conector com o ERP, poupou tempo.",2025-06-19 16:47:00
CSAT,juliana.rocha,"A importacao esta levando horas, ficou impraticavel.",2025-06-19 20:26:56
CSAT,gustavo.almeida,A nova interface ficou bem mais intuitiva.,2025-06-20 00:12:10
CSAT,mariana.oliveira,"Obrigado por corrigirem o bug da exportacao, agora funciona.",2025-06-20 02:59:59
NPS,patricia.barbosa,A integracao com o ERP nao esta sincronizando.,2025-06-20 03:29:15
NPS,rafael.carvalho,Estou recebendo erro 500 ao tentar salvar.,2025-06-20 10:20:23
NPS,beatriz.araujo,Qual o status do incidente da manha?,2025-06-20 10:34:47
CSAT,joao.silva,Depois do patch nao ocorre mais duplicacao na importacao.,2025-06-20 13:12:24
CSAT,rafael.dias,O boleto não foi gerado e estou com pagamento em atraso por causa disso.,2025-06-20 14:26:05
NPS,ana.ferreira,O suporte demorou muito para responder meu chamado.,2025-06-20 18:38:32
NPS,fernanda.ferreira,"Relatorios agora carregam rapido, excelente.",2025-06-20 21:00:01
CSAT,beatriz.pereira,A experiencia poderia ser melhor em dispositivos moveis.,2025-06-20 21:31:27
CSAT,vitor.mendes,Quando tento exportar CSV ele vem vazio.,2025-06-21 05:49:34
BOT,vitor.rocha,"Estou com problema na cobranca, veio valor duplicado na fatura.",2025-06-21 06:46:38
NPS,camila.silva,Parece que um usuario acessou dados que nao deveria.,2025-06-21 15:17:13
BOT,patricia.rocha,O suporte demorou muito para responder meu chamado.,2025-06-21 19:14:39
CSAT,vitor.almeida,"Preciso atualizar o responsavel do contrato, com quem falo?",2025-06-21 20:44:05
CSAT,rafael.pereira,Sinto falta de um relatorio mais completo.,2025-06-22 00:41:42
CSAT,diego.rocha,"Evoluiram muito no ultimo trimestre, parabens.",2025-06-22 01:06:03
CSAT,gustavo.rocha,A integracao com o CRM funcionou sem dor de cabeca.,2025-06-22 02:16:40
CSAT,bruno.pereira,Onde eu encontro o historico de faturas?,2025-06-22 07:49:40
CSAT,vitor.correa,Acho que a comunicacao de mudancas poderia melhorar.,2025-06-22 09:48:50
BuzzMonitor,laura.pereira,"Relatorios agora carregam rapido, excelente.",2025-06-22 11:37:12
BOT,isabela.carvalho,Acho que a comunicacao de mudancas poderia melhorar.,2025-06-23 00:53:28
BuzzMonitor,juliana.rocha,A plataforma caiu agora e nao consigo acessar.,2025-06-23 05:58:23
CSAT,gustavo.araujo,A integracao com o ERP nao esta sincronizando.,2025-06-23 05:59:07
CSAT,isabela.almeida,"Relatorios agora carregam rapido, excelente.",2025-06-23 15:08:12
BOT,bruno.silva,A plataforma caiu agora e nao consigo acessar.,2025-06-24 08:14:22
CSAT,beatriz.oliveira,O botao de salvar nao responde na tela de cadastro.,2025-06-24 15:34:52
BOT,carla.lima,Seria bom ter mais opcoes de personalizacao.,2025-06-24 16:57:02
CSAT,isabela.teixeira,Sinto falta de um relatorio mais completo.,2025-06-24 19:22:50
CSAT,rafael.teixeira,"Nao carrega a tela inicial, fica em loading infinito.",2025-06-25 04:47:45
BuzzMonitor,gustavo.nascimento,"Parabens, a nota fiscal saiu certinha e bem rapido.",2025-06-25 06:18:52
CSAT,isabela.silva,Resposta rapida e com orientacao completa. Preciso de retorno urgente.,2025-06-25 10:23:27
CSAT,gustavo.barbosa,"As dicas na tela ajudam bastante, parabens. Preciso de retorno urgente.",2025-06-25 12:10:20
NPS,carla.ribeiro,"Faltam campos no cadastro, isso atrapalha.",2025-06-25 18:55:08
BuzzMonitor,lucas.silva,Existe cache para relatorios? Preciso de retorno urgente.,2025-06-25 20:15:47
BuzzMonitor,beatriz.dias,Parece que um usuario acessou dados que nao deveria.,2025-06-26 00:23:48
BuzzMonitor,joao.carvalho,O webhooks estao falhando e não recebo eventos. Preciso de retorno urgente.,2025-06-26 01:43:54
BuzzMonitor,carla.teixeira,Nao consigo atualizar meus dados de pagamento no sistema.,2025-06-26 02:54:58
CSAT,isabela.carvalho,"Estou sem retorno ha dias, isso prejudica o trabalho.",2025-06-26 03:20:15
NPS,carla.mendes,A exportacao para contabilidade funcionou de primeira.,2025-06-26 13:48:15
CSAT,joao.dias,"Boa, o erro de sincronizacao sumiu.",2025-06-26 14:06:17
CSAT,isabela.pereira,Sinto falta de um relatorio mais completo.,2025-06-26 14:40:32
BuzzMonitor,vitor.teixeira,"A navegacao esta confusa, não acho as configuracoes.",2025-06-26 14:54:46
CSAT,vitor.silva,Ficou travando e desconectando toda hora.,2025-06-26 16:53:24
BuzzMonitor,lucas.almeida,"Adorei as novas funcionalidades, muito util.",2025-06-26 19:11:13
BuzzMonitor,mario.dias,O filtro nao funciona e retorna resultados errados. Preciso de retorno urgente.,2025-06-27 02:19:05
BuzzMonitor,ana.silva,"Estou vendo lentidao em alguns horarios, e esperado? Preciso de retorno urgente.",2025-06-27 07:03:26
BuzzMonitor,leonardo.lima,Os logs de auditoria ajudaram bastante.,2025-06-27 13:43:38
CSAT,mario.ribeiro,O suporte demorou muito para responder meu chamado.,2025-06-27 14:32:39
BuzzMonitor,lucas.ferreira,O botao de salvar não responde na tela de cadastro. Preciso de retorno urgente.,2025-06-28 07:59:17
BuzzMonitor,mariana.silva,A integracao com o CRM funcionou sem dor de cabeca.,2025-06-28 15:43:52
NPS,lucas.araujo,Fiquei perdido na configuracao inicial. Ticket 74175.,2025-06-28 17:50:51
BOT,rafael.teixeira,Qual politica de retencao de logs?,2025-06-28 18:57:27
BuzzMonitor,rafael.ferreira,Fiquei perdido na configuracao inicial.,2025-06-28 21:58:37
CSAT,rafael.ferreira,"Obrigada pela paciencia, problema resolvido.",2025-06-29 01:50:36
CSAT,carla.araujo,Posso reorganizar o menu?,2025-06-29 11:42:47
CSAT,lucas.martins,"Nao carrega a tela inicial, fica em loading infinito.",2025-06-29 12:34:38
BOT,mario.dias,"Estou com problema na cobranca, veio valor duplicado na fatura.",2025-06-29 14:15:52
CSAT,bruno.carvalho,"A fatura veio com reajuste sem aviso, podem verificar?",2025-06-29 16:35:14
BuzzMonitor,bruno.elias,Ficou travando e desconectando toda hora.,2025-06-30 09:55:07
CSAT,bruno.carvalho,Sinto falta de um relatorio mais completo.,2025-06-30 13:33:00
BuzzMonitor,thiago.pereira,Qual o status do incidente da manha?,2025-06-30 22:17:38
NPS,beatriz.araujo,O onboarding foi confuso e faltou treinamento.,2025-07-01 11:40:14
CSAT,lucas.gomes,"Obrigada por resolverem a instabilidade, melhorou muito.",2025-07-01 12:30:21
BOT,juliana.gomes,Depois da ultima manutencao ficou bem mais estavel. Ticket 38329.,2025-07-01 19:28:40
CSAT,isabela.souza,"A importacao esta levando horas, ficou impraticavel. Preciso de retorno urgente.",2025-07-01 20:38:52
CSAT,camila.araujo,A tela nao e intuitiva e acaba atrapalhando.,2025-07-02 08:16:43
BOT,gustavo.ferreira,Resposta rapida e com orientacao completa.,2025-07-02 11:53:46
CSAT,gustavo.martins,A integracao gera erro ao sincronizar e para no meio.,2025-07-02 12:48:51
BuzzMonitor,ana.souza,O fluxo de cadastro esta muito melhor.,2025-07-02 14:14:40
BuzzMonitor,lucas.martins,"A performance melhorou muito, ta voando.",2025-07-02 19:22:03
NPS,laura.martins,Vocês tiveram alguma manutencao programada hoje?,2025-07-02 21:24:29
BuzzMonitor,diego.dias,"Evoluiram muito no ultimo trimestre, parabens.",2025-07-02 22:53:20
BuzzMonitor,laura.correa,"Evoluiram muito no ultimo trimestre, parabens.",2025-07-03 01:53:30
CSAT,ana.lima,A ferramenta esta ajudando muito nosso dia a dia. Preciso de retorno urgente.,2025-07-03 07:54:03
BuzzMonitor,bruno.mendes,"Preciso atualizar o responsavel do contrato, com quem falo?",2025-07-03 09:24:26
BuzzMonitor,juliana.almeida,"Boa, o erro de sincronizacao sumiu. Preciso de retorno urgente.",2025-07-03 14:56:14
BuzzMonitor,mariana.souza,"A navegacao esta confusa, nao acho as configuracoes.",2025-07-03 18:18:09
CSAT,rafael.souza,A conciliacao bancaria ficou bem melhor nessa versao.,2025-07-03 18:24:40
NPS,thiago.oliveira,"A navegacao esta confusa, nao acho as configuracoes. Preciso de retorno urgente.",2025-07-03 19:06:42
CSAT,leonardo.ferreira,A integracao com o gateway de pagamento caiu. Preciso de retorno urgente.,2025-07-03 21:30:55
BOT,ana.elias,A conciliacao bancaria ficou bem melhor nessa versao.,2025-07-03 21:54:32
CSAT,juliana.souza,"A fatura veio com reajuste sem aviso, podem verificar? Preciso de retorno urgente. Ticket 83187.",2025-07-04 01:18:49
BuzzMonitor,rafael.silva,Onde eu encontro o historico de faturas?,2025-07-04 05:50:53
CSAT,ana.mendes,Os logs de auditoria ajudaram bastante.,2025-07-04 09:57:40
BuzzMonitor,carla.araujo,Como abro um chamado para suporte tecnico?,2025-07-04 13:10:46
NPS,carla.araujo,Seria bom ter mais opcoes de personalizacao.,2025-07-04 15:59:02
NPS,beatriz.nascimento,"A importacao esta levando horas, ficou impraticavel.",2025-07-04 16:56:24
CSAT,carla.elias,Muitos cliques para fazer uma tarefa simples. Preciso de retorno urgente.,2025-07-04 17:44:46
CSAT,fernanda.mendes,A experiencia poderia ser melhor em dispositivos moveis.,2025-07-05 03:10:06
BuzzMonitor,patricia.carvalho,"A importacao esta levando horas, ficou impraticavel. Preciso de retorno urgente.",2025-07-05 06:35:14
CSAT,isabela.souza,Tem alguma previsao para corrigir a exportacao?,2025-07-05 12:22:42
CSAT,fernanda.barbosa,O sistema esta muito lento para carregar relatorios.,2025-07-06 11:51:43
NPS,juliana.mendes,"Gostei do novo painel financeiro, bem mais claro. Preciso de retorno urgente.",2025-07-06 13:52:14
BuzzMonitor,joao.correa,A exportacao para contabilidade funcionou de primeira. Preciso de retorno urgente.,2025-07-06 22:58:00
CSAT,carla.lima,"As dicas na tela ajudam bastante, parabens.",2025-07-07 10:04:27
CSAT,isabela.oliveira,Posso reorganizar o menu?,2025-07-07 12:12:51
BOT,patricia.mendes,"A tela de cadastro ficou redonda, sem bugs.",2025-07-07 12:51:31
CSAT,camila.oliveira,Tem alguma pagina de status para acompanhar?,2025-07-08 00:38:49
BOT,leonardo.pereira,"O sistema esta fora do ar desde cedo, precisamos de retorno. Preciso de retorno urgente.",2025-07-08 00:48:20
BuzzMonitor,gustavo.dias,Ficou travando e desconectando toda hora. Preciso de retorno urgente.,2025-07-08 10:23:14
BuzzMonitor,beatriz.ribeiro,Vocês podem considerar um novo recurso?,2025-07-08 17:45:33
CSAT,camila.mendes,"Comecei a usar rapido, processo muito bom. Ticket 62386.",2025-07-08 18:47:21
BOT,vitor.dias,"Gostei do novo painel financeiro, bem mais claro.",2025-07-08 20:35:53
BuzzMonitor,camila.carvalho,A integracao com o CRM funcionou sem dor de cabeca.,2025-07-08 22:14:26
BuzzMonitor,fernanda.mendes,Existe cache para relatorios?,2025-07-09 00:34:56
NPS,beatriz.pereira,O boleto nao foi gerado e estou com pagamento em atraso por causa disso. Preciso de retorno urgente.,2025-07-09 01:04:46
NPS,joao.pereira,Parece que um usuario acessou dados que nao deveria.,2025-07-09 12:54:15
CSAT,gustavo.elias,Quero participar do beta de novas funcoes.,2025-07-09 17:24:26
BuzzMonitor,gustavo.rocha,"Parabens, a nota fiscal saiu certinha e bem rapido.",2025-07-09 17:29:35
CSAT,ana.lima,Nao consigo atualizar meus dados de pagamento no sistema.,2025-07-09 22:26:33
NPS,carla.oliveira,A integracao com o CRM funcionou sem dor de cabeca.,2025-07-09 23:26:08
CSAT,laura.lima,Os tutoriais não cobrem o que eu preciso.,2025-07-09 23:47:57
CSAT,bruno.ribeiro,O botao de salvar nao responde na tela de cadastro.,2025-07-10 02:05:09
BuzzMonitor,carla.almeida,"A tela de cadastro ficou redonda, sem bugs.",2025-07-10 03:34:34
CSAT,bruno.martins,"Adorei as novas funcionalidades, muito util.",2025-07-10 07:59:18
BuzzMonitor,mariana.araujo,O botao de salvar nao responde na tela de cadastro.,2025-07-10 09:11:59
BuzzMonitor,laura.carvalho,O filtro nao funciona e retorna resultados errados.,2025-07-10 11:51:19
CSAT,laura.nascimento,Os webhooks estao super estaveis agora. Preciso de retorno urgente.,2025-07-10 12:45:20
NPS,ana.silva,Os logs de auditoria ajudaram bastante.,2025-07-10 15:19:15
CSAT,juliana.souza,"A performance melhorou muito, ta voando.",2025-07-10 16:03:19
BOT,lucas.martins,"O sistema esta fora do ar desde cedo, precisamos de retorno.",2025-07-10 21:49:44
CSAT,rafael.carvalho,O sistema esta muito lento para carregar relatorios.,2025-07-11 00:42:52
CSAT,isabela.dias,Gostaria de entender o roadmap de funcionalidades.,2025-07-11 05:16:21
CSAT,juliana.souza,A tela nao e intuitiva e acaba atrapalhando.,2025-07-11 06:01:11
NPS,gustavo.carvalho,"A API esta bem documentada, consegui integrar rapido. Preciso de retorno urgente.",2025-07-11 07:35:39
CSAT,isabela.gomes,O tempo de resposta da API aumentou bastante.,2025-07-11 10:45:31
NPS,camila.gomes,Fui transferido varias vezes e nao resolveram.,2025-07-11 16:50:12
NPS,bruno.lima,Preciso de um relatorio de cobranca do mes.,2025-07-11 17:51:04
CSAT,diego.souza,A busca demora demais e trava o navegador.,2025-07-12 05:04:19
BOT,vitor.pereira,"A API esta bem documentada, consegui integrar rapido.",2025-07-12 07:20:03
BOT,camila.araujo,Como gero um token de API?,2025-07-12 08:23:28
CSAT,gustavo.almeida,O sistema duplica registros ao importar. Preciso de retorno urgente.,2025-07-12 13:04:42
CSAT,carla.souza,Depois da ultima manutencao ficou bem mais estavel.,2025-07-12 18:49:45
BOT,fernanda.lima,Quando tento exportar CSV ele vem vazio.,2025-07-13 06:35:41
CSAT,ana.correa,Fui transferido varias vezes e nao resolveram.,2025-07-13 10:03:04
BOT,thiago.almeida,O tempo de resposta da API aumentou bastante.,2025-07-13 17:25:11
BuzzMonitor,juliana.ribeiro,"Faltam campos no cadastro, isso atrapalha.",2025-07-13 17:50:46
BOT,lucas.correa,O suporte foi muito prestativo e claro.,2025-07-13 19:00:39
CSAT,laura.oliveira,A ferramenta esta ajudando muito nosso dia a dia.,2025-07-14 00:23:09
NPS,diego.lima,"O sistema esta fora do ar desde cedo, precisamos de retorno.",2025-07-14 01:22:19
CSAT,gustavo.dias,O boleto não foi gerado e estou com pagamento em atraso por causa disso.,2025-07-14 03:17:25
CSAT,camila.lima,O sistema esta muito lento para carregar relatorios.,2025-07-14 09:48:02
BuzzMonitor,joao.araujo,Qual o prazo para emitir nota fiscal?,2025-07-14 10:21:59
BuzzMonitor,leonardo.almeida,O menu mudou e agora ficou pior de usar.,2025-07-14 10:24:13
CSAT,fernanda.elias,A tela nao e intuitiva e acaba atrapalhando.,2025-07-14 16:00:08
NPS,thiago.rocha,"Gostei do novo painel financeiro, bem mais claro. Preciso de retorno urgente.",2025-07-14 17:14:03
CSAT,patricia.martins,"Nao carrega a tela inicial, fica em loading infinito. Preciso de retorno urgente.",2025-07-15 00:45:13
NPS,camila.elias,Quero participar do beta de novas funcoes.,2025-07-15 00:59:33
BOT,thiago.rocha,No geral estou bem satisfeito com a plataforma.,2025-07-15 03:24:30
CSAT,gustavo.elias,O suporte demorou muito para responder meu chamado. Ticket 32751.,2025-07-15 11:03:12
NPS,diego.carvalho,Importacao muito mais eficiente agora.,2025-07-15 19:36:09
NPS,vitor.ferreira,"Gostei do controle de permissoes, bem completo.",2025-07-15 20:00:58
BOT,juliana.araujo,A API esta retornando 401 mesmo com token valido.,2025-07-16 06:55:41
BuzzMonitor,ana.oliveira,"Faltam campos no cadastro, isso atrapalha. Preciso de retorno urgente.",2025-07-16 07:01:25
NPS,fernanda.mendes,Preciso de auditoria e nao encontro logs completos. Ticket 61543.,2025-07-16 07:05:01
BuzzMonitor,juliana.ribeiro,"Gostei do novo painel financeiro, bem mais claro.",2025-07-16 10:48:16
NPS,thiago.mendes,O reset de senha falha e nao chega email.,2025-07-16 18:38:49
NPS,mariana.araujo,A nova interface ficou bem mais intuitiva.,2025-07-16 19:40:27
BOT,mariana.nascimento,A tela nao e intuitiva e acaba atrapalhando.,2025-07-16 20:44:43
BOT,joao.souza,"Obrigada por resolverem a instabilidade, melhorou muito.",2025-07-16 22:38:27
CSAT,mario.araujo,No geral estou bem satisfeito com a plataforma.,2025-07-17 10:00:21
BuzzMonitor,lucas.oliveira,Recebi alerta de login suspeito e nao consegui bloquear.,2025-07-17 10:23:48
BOT,lucas.almeida,A correcao do filtro resolveu meu problema. Ticket 66333.,2025-07-17 16:55:49
CSAT,leonardo.dias,O atendimento foi rude e não ajudou. Preciso de retorno urgente. Ticket 24107.,2025-07-18 07:37:03
CSAT,beatriz.correa,As telas estao com lentidao em horario comercial.,2025-07-18 09:11:44
BuzzMonitor,vitor.souza,O bloqueio por IP facilitou nossa politica interna.,2025-07-18 13:42:18
CSAT,camila.elias,"Estou com problema na cobranca, veio valor duplicado na fatura. Preciso de retorno urgente.",2025-07-19 02:10:38
BuzzMonitor,vitor.gomes,O sistema esta muito lento para carregar relatorios.,2025-07-19 14:08:59
NPS,ana.pereira,Fui transferido varias vezes e nao resolveram.,2025-07-20 03:43:03
CSAT,joao.ribeiro,Preciso de um relatorio de cobranca do mes.,2025-07-20 12:16:19
CSAT,fernanda.gomes,O webhooks estao falhando e nao recebo eventos.,2025-07-20 13:48:53
BuzzMonitor,carla.martins,As mensagens de erro não explicam o que fazer.,2025-07-20 13:56:50
BOT,thiago.rocha,Vocês recomendam qual navegador? Preciso de retorno urgente.,2025-07-20 18:46:00
CSAT,rafael.souza,A autenticacao em dois fatores nao funciona. Ticket 25112.,2025-07-20 19:04:01
NPS,gustavo.barbosa,A integracao com o ERP nao esta sincronizando.,2025-07-21 00:28:08
NPS,mario.lima,Os logs de auditoria ajudaram bastante. Ticket 13019.,2025-07-21 04:03:45
CSAT,vitor.souza,Existe modo escuro?,2025-07-21 10:09:32
BuzzMonitor,vitor.ferreira,"A API esta bem documentada, consegui integrar rapido. Preciso de retorno urgente.",2025-07-21 11:32:44
BuzzMonitor,thiago.correa,"Evoluiram muito no ultimo trimestre, parabens.",2025-07-21 13:05:36
CSAT,mario.carvalho,"Estou com problema na cobranca, veio valor duplicado na fatura. Preciso de retorno urgente.",2025-07-21 19:12:50
CSAT,juliana.almeida,Tem boas praticas para melhorar performance?,2025-07-21 19:43:20
NPS,joao.souza,O suporte demorou muito para responder meu chamado.,2025-07-21 19:46:15
BuzzMonitor,diego.rocha,O atendimento foi rude e nao ajudou.,2025-07-21 22:16:30
CSAT,camila.teixeira,"Nao carrega a tela inicial, fica em loading infinito.",2025-07-22 01:52:58
BuzzMonitor,carla.lima,Qual o SLA de atendimento para meu plano?,2025-07-22 05:09:37
CSAT,patricia.almeida,Fiquei perdido na configuracao inicial. Preciso de retorno urgente.,2025-07-23 00:38:22
CSAT,thiago.carvalho,Como gero um token de API?,2025-07-23 03:31:22
NPS,fernanda.correa,A documentacao e bem completa.,2025-07-23 06:59:56
CSAT,leonardo.oliveira,Os tutoriais nao cobrem o que eu preciso.,2025-07-23 07:05:52
NPS,isabela.gomes,A exportacao para contabilidade funcionou de primeira. Ticket 35551.,2025-07-23 07:23:38
NPS,gustavo.oliveira,Ficou travando e desconectando toda hora.,2025-07-23 11:41:05
CSAT,laura.ribeiro,"A navegacao esta confusa, nao acho as configuracoes.",2025-07-23 12:41:03
CSAT,mario.lima,A autenticacao em dois fatores nao funciona.,2025-07-23 12:49:49
BuzzMonitor,vitor.carvalho,Seria bom ter mais opcoes de personalizacao. Ticket 64767.,2025-07-23 21:00:01
BOT,mariana.silva,A integracao gera erro ao sincronizar e para no meio.,2025-07-24 01:48:07
BuzzMonitor,bruno.araujo,Preciso de um relatorio de cobranca do mes.,2025-07-24 03:26:21
NPS,laura.oliveira,Quero participar do beta de novas funcoes.,2025-07-24 05:00:52
CSAT,patricia.rocha,A ferramenta esta ajudando muito nosso dia a dia.,2025-07-24 06:18:56
CSAT,lucas.araujo,Vocês tiveram alguma manutencao programada hoje?,2025-07-24 08:27:54
NPS,joao.dias,Nao consigo atualizar meus dados de pagamento no sistema.,2025-07-24 13:55:55
BuzzMonitor,juliana.barbosa,O atendente nao entendeu o problema e encerrou o ticket.,2025-07-24 14:32:37
NPS,leonardo.almeida,"As dicas na tela ajudam bastante, parabens. Preciso de retorno urgente.",2025-07-24 15:22:54
BOT,lucas.oliveira,Tem webinar de introducao?,2025-07-24 20:16:53
CSAT,joao.teixeira,Tem alguma previsao para corrigir a exportacao?,2025-07-24 22:16:34
BuzzMonitor,isabela.souza,Muitos cliques para fazer uma tarefa simples.,2025-07-25 02:45:24
BuzzMonitor,ana.ribeiro,O tempo de resposta da API aumentou bastante. Preciso de retorno urgente.,2025-07-25 03:59:13
BOT,diego.carvalho,Nao consigo atualizar meus dados de pagamento no sistema.,2025-07-25 06:58:59
CSAT,laura.ribeiro,O bloqueio por IP facilitou nossa politica interna. Preciso de retorno urgente.,2025-07-25 09:08:03
BuzzMonitor,fernanda.nascimento,A ferramenta esta ajudando muito nosso dia a dia.,2025-07-25 09:38:25
BuzzMonitor,patricia.lima,A API esta retornando 401 mesmo com token valido. Preciso de retorno urgente.,2025-07-25 11:32:14
BOT,mario.ferreira,"Faltam campos no cadastro, isso atrapalha.",2025-07-25 18:13:44
BOT,isabela.lima,Vocês tem exemplo de payload para webhooks?,2025-07-25 20:46:30
NPS,laura.souza,"Obrigada pela paciencia, problema resolvido.",2025-07-25 21:48:46
BOT,juliana.gomes,Existe modo escuro?,2025-07-26 00:36:29
BuzzMonitor,juliana.elias,"O processo de pagamento ficou mais simples, ajudou muito.",2025-07-26 01:11:31
BOT,beatriz.ribeiro,A integracao com o CRM funcionou sem dor de cabeca.,2025-07-26 04:33:03
BuzzMonitor,rafael.mendes,A correcao do filtro resolveu meu problema.,2025-07-26 04:41:14
CSAT,bruno.martins,A integracao com o CRM funcionou sem dor de cabeca.,2025-07-26 04:55:39
BOT,laura.souza,O onboarding foi excelente e bem guiado.,2025-07-26 05:52:19
NPS,fernanda.nascimento,O filtro nao funciona e retorna resultados errados.,2025-07-26 17:12:59
CSAT,mario.martins,Qual versao contem a correcao do problema? Ticket 98479.,2025-07-26 17:23:04
BuzzMonitor,diego.rocha,"Gostei do novo painel financeiro, bem mais claro.",2025-07-26 19:01:17
NPS,gustavo.carvalho,"Relatorios agora carregam rapido, excelente.",2025-07-26 20:48:15
BuzzMonitor,camila.souza,"Gostei do novo painel financeiro, bem mais claro.",2025-07-27 01:49:14
NPS,laura.souza,"Estou sem retorno ha dias, isso prejudica o trabalho. Ticket 30489.",2025-07-27 04:16:47
NPS,lucas.nascimento,Depois da ultima manutencao ficou bem mais estavel.,2025-07-27 08:48:20
CSAT,patricia.souza,Posso enviar logs para ajudar a investigar?,2025-07-27 11:47:12
BuzzMonitor,rafael.rocha,O suporte demorou muito para responder meu chamado.,2025-07-27 14:47:09
CSAT,camila.ferreira,Como abro um chamado para suporte tecnico?,2025-07-27 23:16:49
BOT,juliana.dias,A documentacao e bem completa. Preciso de retorno urgente.,2025-07-28 04:23:00
BuzzMonitor,joao.correa,A experiencia de uso evoluiu muito.,2025-07-28 06:01:32
NPS,carla.silva,A API esta retornando 401 mesmo com token valido.,2025-07-28 06:32:43
BOT,bruno.mendes,A plataforma caiu agora e nao consigo acessar.,2025-07-28 20:01:14
BuzzMonitor,patricia.souza,O botao de salvar nao responde na tela de cadastro.,2025-07-29 01:05:26
CSAT,beatriz.carvalho,"Comecei a usar rapido, processo muito bom.",2025-07-29 03:56:05
NPS,carla.lima,O onboarding foi excelente e bem guiado.,2025-07-29 04:17:02
CSAT,laura.gomes,"A API esta bem documentada, consegui integrar rapido.",2025-07-29 05:54:27
NPS,isabela.mendes,Os dados do CRM estao vindo incompletos na integracao. Ticket 33565.,2025-07-29 08:04:50
BuzzMonitor,mariana.barbosa,Os logs de auditoria ajudaram bastante.,2025-07-29 10:31:28
NPS,mariana.mendes,"Gostei do conector com o ERP, poupou tempo.",2025-07-29 18:21:52
NPS,patricia.martins,A API esta retornando 401 mesmo com token valido.,2025-07-29 20:36:18
BOT,bruno.carvalho,Os tutoriais ajudaram muito a comecar.,2025-07-29 22:32:37
NPS,diego.souza,Qual o passo a passo recomendado para comecar?,2025-07-30 02:26:01
BOT,diego.teixeira,A API esta retornando 401 mesmo com token valido.,2025-07-30 02:38:05
BOT,leonardo.almeida,Fiquei perdido na configuracao inicial.,2025-07-30 04:54:14
BOT,laura.teixeira,"Obrigado por corrigirem o bug da exportacao, agora funciona.",2025-07-30 08:08:00
CSAT,isabela.mendes,O filtro nao funciona e retorna resultados errados.,2025-07-30 13:37:32
BuzzMonitor,diego.almeida,O sistema duplica registros ao importar.,2025-07-30 18:55:00
BOT,thiago.dias,Quando tento exportar CSV ele vem vazio.,2025-07-31 07:12:41
CSAT,leonardo.ribeiro,Recebi alerta de login suspeito e nao consegui bloquear.,2025-07-31 11:16:25
NPS,juliana.silva,O atendente nao entendeu o problema e encerrou o ticket. Preciso de retorno urgente.,2025-07-31 11:57:13
CSAT,mariana.nascimento,A API esta bem mais rapida nessa versao.,2025-07-31 21:14:33
NPS,isabela.gomes,O atendente nao entendeu o problema e encerrou o ticket. Preciso de retorno urgente.,2025-07-31 23:30:38
BuzzMonitor,gustavo.correa,Depois da ultima manutencao ficou bem mais estavel.,2025-08-01 01:53:33
CSAT,mario.oliveira,Muitos cliques para fazer uma tarefa simples.,2025-08-01 04:24:32
BOT,gustavo.souza,"Muito bom ter 2FA, aumentou a seguranca.",2025-08-01 04:53:00
BuzzMonitor,laura.silva,"O sistema esta fora do ar desde cedo, precisamos de retorno.",2025-08-01 05:35:19
CSAT,mario.dias,A ferramenta esta ajudando muito nosso dia a dia.,2025-08-01 06:10:38
NPS,juliana.souza,A autenticacao em dois fatores não funciona.,2025-08-01 07:51:29
CSAT,rafael.almeida,"Obrigada por resolverem a instabilidade, melhorou muito.",2025-08-01 10:50:26
CSAT,mario.barbosa,Hoje o sistema esta super rapido e sem quedas.,2025-08-01 11:33:33
CSAT,juliana.correa,O cancelamento foi cobrado mesmo depois de eu solicitar.,2025-08-01 16:07:08
NPS,vitor.teixeira,Acho que a comunicacao de mudancas poderia melhorar.,2025-08-01 20:38:20
BOT,beatriz.pereira,Tem alguma previsao para corrigir a exportacao?,2025-08-01 21:09:02
NPS,lucas.barbosa,Os dados do CRM estao vindo incompletos na integracao.,2025-08-02 01:01:29
BOT,leonardo.silva,Qual versao contem a correcao do problema?,2025-08-02 02:41:22
CSAT,isabela.teixeira,"O sistema esta fora do ar desde cedo, precisamos de retorno.",2025-08-02 04:11:17
CSAT,diego.gomes,"Adorei as novas funcionalidades, muito util.",2025-08-02 08:06:50
BuzzMonitor,mariana.pereira,O atendente nao entendeu o problema e encerrou o ticket.,2025-08-02 10:27:22
NPS,vitor.pereira,Nao consegui importar meus dados iniciais. Ticket 21818.,2025-08-02 10:34:29
BuzzMonitor,isabela.teixeira,"Obrigada pela paciencia, problema resolvido.",2025-08-02 11:13:37
CSAT,juliana.rocha,Os logs de auditoria ajudaram bastante. Preciso de retorno urgente.,2025-08-02 12:46:42
CSAT,vitor.elias,Os logs de auditoria ajudaram bastante.,2025-08-02 14:39:40
BOT,juliana.oliveira,Onde vejo o log de auditoria?,2025-08-02 22:12:50
CSAT,isabela.gomes,"A API esta bem documentada, consegui integrar rapido.",2025-08-03 03:52:00
NPS,joao.rocha,O atendente nao entendeu o problema e encerrou o ticket.,2025-08-03 04:19:32
CSAT,patricia.silva,"Comecei a usar rapido, processo muito bom. Ticket 79758.",2025-08-03 05:41:26
CSAT,patricia.rocha,Posso reorganizar o menu?,2025-08-03 05:57:14
CSAT,mario.gomes,A integracao com o ERP nao esta sincronizando.,2025-08-03 07:00:38
CSAT,mario.ferreira,Qual o status do incidente da manha?,2025-08-03 08:10:36
CSAT,thiago.oliveira,A documentacao esta desatualizada.,2025-08-03 09:59:27
NPS,ana.pereira,"Gostei do conector com o ERP, poupou tempo.",2025-08-03 10:10:27
BuzzMonitor,carla.barbosa,Tem SDK em Python para integracao? Ticket 50607.,2025-08-03 14:50:43
NPS,mariana.gomes,"Gostei do novo painel financeiro, bem mais claro.",2025-08-03 18:38:12
BOT,patricia.pereira,"A navegacao esta confusa, nao acho as configuracoes.",2025-08-03 20:24:41
NPS,carla.nascimento,O reset de senha falha e nao chega email.,2025-08-03 23:47:12
CSAT,mariana.araujo,Seria bom ter mais opcoes de personalizacao.,2025-08-04 02:27:53
BOT,patricia.carvalho,Vocês tiveram alguma manutencao programada hoje?,2025-08-04 06:36:10
BOT,carla.carvalho,Parece que um usuario acessou dados que nao deveria.,2025-08-04 07:29:55
NPS,vitor.silva,"A equipe acompanhou a implantacao, foi tranquilo.",2025-08-04 13:06:22
CSAT,thiago.pereira,Depois da ultima manutencao ficou bem mais estavel.,2025-08-04 20:33:37
BuzzMonitor,bruno.nascimento,Tem atendimento aos finais de semana? Ticket 60868.,2025-08-05 01:41:24
NPS,bruno.araujo,Preciso de auditoria e nao encontro logs completos.,2025-08-05 07:03:51
NPS,carla.barbosa,"Nao tive mais desconexoes, otimo trabalho. Preciso de retorno urgente.",2025-08-05 08:50:51
BuzzMonitor,mario.mendes,"Boa, o erro de sincronizacao sumiu.",2025-08-05 18:14:59
CSAT,diego.mendes,"Estou com problema na cobranca, veio valor duplicado na fatura.",2025-08-05 21:44:21
CSAT,leonardo.barbosa,"Adorei as novas funcionalidades, muito util. Preciso de retorno urgente.",2025-08-06 00:22:02
CSAT,laura.nascimento,A ferramenta esta ajudando muito nosso dia a dia.,2025-08-06 00:51:50
CSAT,ana.teixeira,Onde eu encontro o historico de faturas?,2025-08-06 01:33:40
BuzzMonitor,leonardo.araujo,Qual o status do incidente da manha?,2025-08-06 02:30:23
BuzzMonitor,gustavo.ferreira,Vocês tiveram alguma manutencao programada hoje? Ticket 93406.,2025-08-06 03:42:44
NPS,gustavo.silva,O atendimento foi rude e não ajudou.,2025-08-06 04:39:46
BuzzMonitor,patricia.silva,Muitos cliques para fazer uma tarefa simples.,2025-08-06 10:29:33
BuzzMonitor,rafael.carvalho,"A navegacao esta confusa, nao acho as configuracoes.",2025-08-06 11:19:11
NPS,gustavo.almeida,"Nao tive mais desconexoes, otimo trabalho.",2025-08-07 10:37:37
BOT,diego.martins,Qual politica de retencao de logs?,2025-08-07 12:07:55
BuzzMonitor,diego.oliveira,"Produto excelente, atende bem nossas necessidades. Ticket 10448.",2025-08-07 12:51:10
BuzzMonitor,bruno.carvalho,As telas estao com lentidao em horario comercial. Ticket 91416.,2025-08-07 15:28:51
NPS,leonardo.pereira,"Muito bom ter 2FA, aumentou a seguranca.",2025-08-07 16:55:03
BuzzMonitor,beatriz.ribeiro,"A sincronizacao ficou consistente, obrigado.",2025-08-07 18:25:17
CSAT,thiago.ferreira,As mensagens de erro nao explicam o que fazer. Preciso de retorno urgente.,2025-08-07 21:11:35
CSAT,carla.oliveira,"A performance melhorou muito, ta voando.",2025-08-08 05:09:54
BOT,diego.barbosa,"A performance melhorou muito, ta voando.",2025-08-08 09:10:44
CSAT,diego.teixeira,"A busca ficou instantanea, parabens.",2025-08-08 13:02:28
NPS,mariana.dias,Existe cache para relatorios?,2025-08-08 13:53:22
NPS,juliana.nascimento,A integracao gera erro ao sincronizar e para no meio. Preciso de retorno urgente.,2025-08-08 17:45:18
CSAT,diego.silva,O atendente nao entendeu o problema e encerrou o ticket.,2025-08-08 18:49:54
NPS,lucas.correa,"Boa, o erro de sincronizacao sumiu.",2025-08-09 01:59:19
CSAT,thiago.correa,O sistema duplica registros ao importar.,2025-08-09 02:48:01
NPS,thiago.elias,Estou recebendo erro 500 ao tentar salvar. Preciso de retorno urgente. Ticket 63480.,2025-08-09 16:53:36
BOT,leonardo.barbosa,Quando tento exportar CSV ele vem vazio.,2025-08-09 20:46:24
NPS,isabela.almeida,Tem atendimento aos finais de semana? Ticket 92729.,2025-08-09 21:59:28
CSAT,bruno.barbosa,"Estou vendo lentidao em alguns horarios, e esperado?",2025-08-10 01:35:58
BuzzMonitor,vitor.ribeiro,A ferramenta esta ajudando muito nosso dia a dia.,2025-08-10 02:12:46
CSAT,beatriz.gomes,"Gostei do controle de permissoes, bem completo.",2025-08-10 09:55:45
BOT,fernanda.mendes,Sinto falta de um relatorio mais completo. Ticket 73068.,2025-08-11 13:17:52
BuzzMonitor,ana.dias,"Adorei as novas funcionalidades, muito util.",2025-08-11 16:28:20
BuzzMonitor,joao.teixeira,"Nao carrega a tela inicial, fica em loading infinito.",2025-08-11 21:22:15
BOT,lucas.carvalho,A tela nao e intuitiva e acaba atrapalhando.,2025-08-11 23:18:38
BOT,mariana.ferreira,Onde eu encontro o historico de faturas? Preciso de retorno urgente.,2025-08-11 23:29:29
NPS,thiago.almeida,Recebi alerta de login suspeito e nao consegui bloquear.,2025-08-12 08:11:50
CSAT,vitor.silva,O onboarding foi confuso e faltou treinamento.,2025-08-12 13:13:07
NPS,mariana.gomes,Tem SDK em Python para integracao? Preciso de retorno urgente.,2025-08-12 13:40:40
NPS,leonardo.ribeiro,"Estou com problema na cobranca, veio valor duplicado na fatura.",2025-08-12 16:52:44
BuzzMonitor,mariana.pereira,As mensagens de erro nao explicam o que fazer.,2025-08-12 17:50:06
CSAT,joao.martins,"A navegacao esta confusa, nao acho as configuracoes.",2025-08-12 22:45:29
BuzzMonitor,fernanda.nascimento,O webhooks estao falhando e nao recebo eventos.,2025-08-13 00:30:18
NPS,isabela.barbosa,O cancelamento foi cobrado mesmo depois de eu solicitar.,2025-08-13 00:41:18
CSAT,vitor.elias,O boleto nao foi gerado e estou com pagamento em atraso por causa disso.,2025-08-13 05:16:21
BuzzMonitor,mario.nascimento,"A busca ficou instantanea, parabens.",2025-08-13 07:56:34
BuzzMonitor,isabela.mendes,Depois do patch nao ocorre mais duplicacao na importacao.,2025-08-13 08:05:56
BuzzMonitor,laura.teixeira,A API esta retornando 401 mesmo com token valido.,2025-08-13 11:13:50
CSAT,bruno.martins,Tem webinar de introducao?,2025-08-13 14:32:10
CSAT,fernanda.lima,"O processo de pagamento ficou mais simples, ajudou muito. Preciso de retorno urgente.",2025-08-14 02:36:49
CSAT,mario.mendes,Recebi alerta de login suspeito e nao consegui bloquear. Preciso de retorno urgente.,2025-08-14 03:46:17
CSAT,camila.elias,Parece que um usuario acessou dados que nao deveria.,2025-08-14 07:38:04
CSAT,rafael.rocha,O atendimento foi rude e nao ajudou.,2025-08-14 12:01:03
BuzzMonitor,isabela.oliveira,Os logs de auditoria ajudaram bastante.,2025-08-15 01:45:23
CSAT,patricia.correa,Vocês tiveram alguma manutencao programada hoje?,2025-08-15 08:40:53
BuzzMonitor,carla.correa,A exportacao para contabilidade funcionou de primeira.,2025-08-15 16:13:12
NPS,camila.silva,Nao consegui importar meus dados iniciais.,2025-08-15 19:34:18
BuzzMonitor,juliana.oliveira,"Produto excelente, atende bem nossas necessidades.",2025-08-15 23:38:24
CSAT,laura.barbosa,O filtro não funciona e retorna resultados errados. Preciso de retorno urgente.,2025-08-16 00:08:33
CSAT,fernanda.souza,Qual o SLA de atendimento para meu plano?,2025-08-16 10:37:12
CSAT,leonardo.elias,Seria bom ter mais opcoes de personalizacao.,2025-08-16 14:45:26
BOT,fernanda.elias,A plataforma caiu agora e nao consigo acessar.,2025-08-16 15:24:40
BuzzMonitor,carla.araujo,Qual o limite de requisicoes por minuto na API?,2025-08-16 17:13:11
BuzzMonitor,camila.nascimento,Os dados do CRM estao vindo incompletos na integracao. Preciso de retorno urgente.,2025-08-16 17:54:50
CSAT,carla.souza,Ficou travando e desconectando toda hora.,2025-08-16 21:50:34
NPS,mario.martins,O tempo de resposta da API aumentou bastante.,2025-08-17 00:23:56
BOT,carla.ferreira,A integracao suporta ambientes de teste? Preciso de retorno urgente.,2025-08-17 00:52:20
NPS,bruno.teixeira,"A equipe acompanhou a implantacao, foi tranquilo. Ticket 56969.",2025-08-17 03:24:33
CSAT,vitor.teixeira,Existe modo escuro? Ticket 91665.,2025-08-17 04:36:21
CSAT,camila.rocha,A busca demora demais e trava o navegador.,2025-08-17 10:47:20
CSAT,patricia.barbosa,Preciso de auditoria e nao encontro logs completos. Preciso de retorno urgente.,2025-08-17 11:26:04
CSAT,fernanda.mendes,O sistema duplica registros ao importar.,2025-08-17 12:11:58
CSAT,isabela.correa,Nao consegui importar meus dados iniciais.,2025-08-17 14:03:21
CSAT,joao.gomes,O sistema esta muito lento para carregar relatorios.,2025-08-17 21:22:52
CSAT,bruno.almeida,Tem alguma previsao para corrigir a exportacao?,2025-08-17 22:21:38
BuzzMonitor,mario.nascimento,O atendente nao entendeu o problema e encerrou o ticket.,2025-08-18 00:18:59
CSAT,vitor.elias,A conciliacao bancaria ficou bem melhor nessa versao.,2025-08-18 00:20:08
CSAT,laura.araujo,Fui transferido varias vezes e nao resolveram.,2025-08-18 08:45:13
BOT,juliana.ribeiro,Qual o SLA de atendimento para meu plano?,2025-08-18 23:42:30
CSAT,juliana.araujo,A disponibilidade melhorou bastante essa semana.,2025-08-19 07:52:10
BuzzMonitor,diego.elias,Importacao muito mais eficiente agora.,2025-08-20 03:26:02
BuzzMonitor,mariana.elias,"Gostei do conector com o ERP, poupou tempo.",2025-08-20 03:30:39
NPS,fernanda.dias,Como faço para salvar filtros como favoritos?,2025-08-20 21:38:32
CSAT,mario.mendes,A tela nao e intuitiva e acaba atrapalhando.,2025-08-21 02:29:20
BuzzMonitor,gustavo.carvalho,"Boa, o erro de sincronizacao sumiu.",2025-08-21 05:09:53
BOT,mariana.martins,A API esta retornando 401 mesmo com token valido. Ticket 84096.,2025-08-21 12:34:08
CSAT,mariana.carvalho,Quero entender como funciona o calculo de impostos. Preciso de retorno urgente.,2025-08-21 15:31:21
BuzzMonitor,lucas.elias,Nao consegui importar meus dados iniciais. Preciso de retorno urgente.,2025-08-21 20:22:49
NPS,ana.carvalho,A integracao com o gateway de pagamento caiu. Preciso de retorno urgente.,2025-08-21 20:27:07
CSAT,ana.lima,A integracao com o ERP nao esta sincronizando.,2025-08-22 02:41:34
BuzzMonitor,carla.araujo,O atendente não entendeu o problema e encerrou o ticket.,2025-08-22 03:39:05
NPS,isabela.mendes,"Obrigada por resolverem a instabilidade, melhorou muito.",2025-08-22 06:44:16
BuzzMonitor,camila.martins,"Preciso atualizar o responsavel do contrato, com quem falo?",2025-08-22 15:03:37
BuzzMonitor,carla.elias,O tempo de resposta da API aumentou bastante.,2025-08-22 18:12:00
BuzzMonitor,isabela.souza,Fiquei perdido na configuracao inicial. Preciso de retorno urgente.,2025-08-22 19:13:16
CSAT,ana.souza,Vocês podem considerar um novo recurso?,2025-08-22 22:55:27
BOT,fernanda.silva,O menu mudou e agora ficou pior de usar.,2025-08-23 06:08:23
CSAT,beatriz.souza,Quando tento exportar CSV ele vem vazio.,2025-08-23 07:45:33
BuzzMonitor,mariana.pereira,"A API esta bem documentada, consegui integrar rapido.",2025-08-23 10:17:44
BOT,lucas.rocha,"A fatura veio com reajuste sem aviso, podem verificar?",2025-08-23 10:58:47
CSAT,rafael.rocha,Onde encontro a base de conhecimento?,2025-08-23 12:01:28
CSAT,joao.barbosa,"Obrigado por corrigirem o bug da exportacao, agora funciona.",2025-08-23 12:35:20
CSAT,joao.araujo,A nova interface ficou bem mais intuitiva. Preciso de retorno urgente.,2025-08-24 00:34:53
BuzzMonitor,mariana.ribeiro,O sistema esta muito lento para carregar relatorios. Preciso de retorno urgente.,2025-08-24 00:55:42
NPS,laura.ribeiro,O webhooks estao falhando e nao recebo eventos.,2025-08-24 02:26:49
CSAT,beatriz.correa,"A busca ficou instantanea, parabens.",2025-08-24 05:37:25
CSAT,gustavo.dias,Onde eu reporto um bug com print da tela?,2025-08-24 10:57:05
BuzzMonitor,carla.correa,Nao consigo atualizar meus dados de pagamento no sistema.,2025-08-24 19:57:24
BuzzMonitor,laura.mendes,O menu mudou e agora ficou pior de usar.,2025-08-25 02:19:04
BOT,isabela.ferreira,"As dicas na tela ajudam bastante, parabens.",2025-08-25 06:49:25
NPS,leonardo.souza,"A importacao esta levando horas, ficou impraticavel.",2025-08-25 10:50:34
NPS,vitor.rocha,"Obrigado por corrigirem o bug da exportacao, agora funciona.",2025-08-25 12:00:12
CSAT,rafael.mendes,A plataforma caiu agora e nao consigo acessar.,2025-08-25 17:57:03
CSAT,laura.almeida,Vocês tem exemplo de payload para webhooks?,2025-08-25 19:12:47
CSAT,fernanda.barbosa,"Adorei as novas funcionalidades, muito util.",2025-08-26 03:09:42
CSAT,juliana.carvalho,A conciliacao bancaria ficou bem melhor nessa versao. Preciso de retorno urgente.,2025-08-26 09:29:10
CSAT,thiago.pereira,O onboarding foi excelente e bem guiado.,2025-08-26 10:29:07
NPS,laura.ferreira,Hoje o sistema esta super rapido e sem quedas.,2025-08-26 10:31:59
CSAT,beatriz.martins,A tela nao e intuitiva e acaba atrapalhando.,2025-08-26 19:14:31
CSAT,mariana.almeida,Resposta rapida e com orientacao completa.,2025-08-26 23:07:20
BuzzMonitor,juliana.mendes,"As dicas na tela ajudam bastante, parabens. Preciso de retorno urgente.",2025-08-27 00:46:21
NPS,fernanda.ribeiro,Tem atalho para acessar relatorios mais rapido?,2025-08-27 01:43:58
CSAT,leonardo.dias,O atendente nao entendeu o problema e encerrou o ticket.,2025-08-27 02:04:29
BuzzMonitor,mariana.teixeira,A ferramenta esta ajudando muito nosso dia a dia.,2025-08-27 08:06:31
NPS,patricia.rocha,A plataforma caiu agora e nao consigo acessar.,2025-08-27 09:16:55
CSAT,vitor.gomes,Qual politica de retencao de logs? Preciso de retorno urgente.,2025-08-27 12:07:39
BuzzMonitor,mariana.barbosa,As mensagens de erro nao explicam o que fazer.,2025-08-27 21:12:40
CSAT,diego.barbosa,Quando tento exportar CSV ele vem vazio. Ticket 91968.,2025-08-28 01:53:19
CSAT,isabela.dias,Nao consegui importar meus dados iniciais.,2025-08-28 02:17:40
CSAT,juliana.carvalho,Tem alguma pagina de status para acompanhar?,2025-08-28 11:24:15
NPS,rafael.rocha,"Estou com problema na cobranca, veio valor duplicado na fatura. Preciso de retorno urgente.",2025-08-28 14:21:29
NPS,vitor.gomes,O atendimento foi rude e não ajudou.,2025-08-28 21:50:06
NPS,isabela.silva,Existe um canal para enviar ideias?,2025-08-29 01:07:47
NPS,vitor.dias,O suporte demorou muito para responder meu chamado.,2025-08-29 01:20:42
NPS,lucas.ribeiro,"A fatura veio com reajuste sem aviso, podem verificar?",2025-08-29 05:44:27
CSAT,lucas.araujo,Ficou travando e desconectando toda hora. Ticket 62439.,2025-08-29 10:11:39
BOT,diego.silva,Parece que um usuario acessou dados que nao deveria.,2025-08-29 10:44:31
CSAT,fernanda.teixeira,O sistema duplica registros ao importar.,2025-08-29 13:19:10
CSAT,beatriz.lima,A plataforma caiu agora e nao consigo acessar. Preciso de retorno urgente.,2025-08-29 17:22:39
CSAT,ana.correa,Como abro um chamado para suporte tecnico? Preciso de retorno urgente.,2025-08-29 20:52:34
CSAT,camila.martins,"Comecei a usar rapido, processo muito bom.",2025-08-29 23:03:42
NPS,patricia.silva,A busca demora demais e trava o navegador.,2025-08-30 00:54:02
CSAT,mario.correa,A documentacao esta desatualizada.,2025-08-30 02:57:00
BOT,rafael.ferreira,Qual politica de retencao de logs? Preciso de retorno urgente.,2025-08-30 12:15:54
CSAT,vitor.araujo,Quero participar do beta de novas funcoes.,2025-08-30 19:22:05
BuzzMonitor,bruno.gomes,A experiencia poderia ser melhor em dispositivos moveis.,2025-08-30 20:53:45
NPS,lucas.mendes,A integracao com o gateway de pagamento caiu.,2025-08-30 21:57:03
BuzzMonitor,patricia.dias,"Gostei do conector com o ERP, poupou tempo.",2025-08-30 23:19:22
NPS,beatriz.souza,Os dados do CRM estao vindo incompletos na integracao.,2025-08-31 01:01:57
BuzzMonitor,joao.rocha,A integracao com o gateway de pagamento caiu.,2025-08-31 01:05:48
BuzzMonitor,carla.dias,"Estou com problema na cobranca, veio valor duplicado na fatura. Ticket 54250.",2025-08-31 11:27:25
BuzzMonitor,ana.dias,"Muito bom ter 2FA, aumentou a seguranca.",2025-08-31 14:22:39
BOT,patricia.carvalho,"A tela de cadastro ficou redonda, sem bugs.",2025-08-31 17:34:47
BuzzMonitor,mariana.rocha,"Evoluiram muito no ultimo trimestre, parabens. Preciso de retorno urgente.",2025-08-31 18:16:11
BuzzMonitor,beatriz.martins,"Gostei do controle de permissoes, bem completo.",2025-09-01 02:00:47
NPS,isabela.martins,"Boa, o erro de sincronizacao sumiu.",2025-09-01 02:19:34
CSAT,diego.ferreira,Existe cache para relatorios?,2025-09-01 13:55:56
BuzzMonitor,leonardo.ferreira,O cancelamento foi cobrado mesmo depois de eu solicitar. Ticket 93164.,2025-09-01 14:43:13
CSAT,juliana.rocha,Existe controle de permissao por modulo? Preciso de retorno urgente.,2025-09-01 16:13:15
CSAT,thiago.barbosa,O botao de salvar nao responde na tela de cadastro. Ticket 45056.,2025-09-01 16:35:31
CSAT,rafael.ribeiro,O bloqueio por IP facilitou nossa politica interna.,2025-09-01 16:54:14
NPS,mario.ferreira,Tem SDK em Python para integracao?,2025-09-01 17:01:47
CSAT,isabela.correa,O atendimento foi rude e nao ajudou. Ticket 66060.,2025-09-01 22:26:05
NPS,diego.rocha,Sinto falta de um relatorio mais completo.,2025-09-02 00:42:33
CSAT,diego.almeida,Os dados do CRM estao vindo incompletos na integracao.,2025-09-02 09:07:58
NPS,beatriz.araujo,Quando tento exportar CSV ele vem vazio.,2025-09-02 10:48:35
NPS,gustavo.souza,"O time de CS acompanhou ate a solucao, show.",2025-09-02 12:00:03
BuzzMonitor,bruno.mendes,Seria bom ter mais opcoes de personalizacao.,2025-09-02 22:06:09
BuzzMonitor,rafael.barbosa,Como configuro 2FA para todos os usuarios?,2025-09-02 22:12:13
CSAT,carla.teixeira,Os tutoriais ajudaram muito a comecar.,2025-09-03 00:10:16
CSAT,diego.barbosa,A correcao do filtro resolveu meu problema.,2025-09-03 03:20:07
BuzzMonitor,joao.correa,Vocês tem exemplo de payload para webhooks?,2025-09-03 06:01:23
BOT,lucas.nascimento,A busca demora demais e trava o navegador.,2025-09-03 10:51:49
CSAT,diego.almeida,"Estou vendo lentidao em alguns horarios, e esperado?",2025-09-03 16:32:12
BuzzMonitor,joao.pereira,"Obrigada pela paciencia, problema resolvido.",2025-09-03 22:04:54
BOT,leonardo.ferreira,"Muito bom ter 2FA, aumentou a seguranca.",2025-09-04 03:09:48
NPS,laura.carvalho,"Estou com problema na cobranca, veio valor duplicado na fatura. Preciso de retorno urgente.",2025-09-04 04:23:04
CSAT,thiago.mendes,"A performance melhorou muito, ta voando.",2025-09-04 04:25:45
BOT,camila.martins,Como configuro 2FA para todos os usuarios?,2025-09-04 08:02:23
NPS,mariana.elias,"Comecei a usar rapido, processo muito bom.",2025-09-04 18:23:37
BOT,juliana.dias,A integracao gera erro ao sincronizar e para no meio.,2025-09-04 20:15:23
NPS,isabela.ribeiro,Quando tento exportar CSV ele vem vazio.,2025-09-04 23:24:27
BOT,bruno.gomes,A exportacao para contabilidade funcionou de primeira.,2025-09-05 01:16:55
NPS,fernanda.gomes,"O time de CS acompanhou ate a solucao, show.",2025-09-05 03:59:29
CSAT,mario.elias,A ferramenta esta ajudando muito nosso dia a dia. Preciso de retorno urgente.,2025-09-05 09:38:08
BOT,joao.carvalho,"Parabens, a nota fiscal saiu certinha e bem rapido.",2025-09-05 09:41:11
CSAT,ana.teixeira,Recebi alerta de login suspeito e nao consegui bloquear.,2025-09-05 14:17:09
CSAT,ana.correa,Nao consegui importar meus dados iniciais.,2025-09-05 21:30:49
BOT,juliana.correa,A integracao gera erro ao sincronizar e para no meio.,2025-09-06 00:24:35
CSAT,thiago.lima,Estou recebendo erro 500 ao tentar salvar.,2025-09-06 01:51:57
BOT,joao.teixeira,O webhooks estao falhando e nao recebo eventos.,2025-09-06 03:56:32
BOT,bruno.rocha,O sistema duplica registros ao importar.,2025-09-06 05:42:54
BuzzMonitor,diego.carvalho,Onde encontro a opcao para personalizar colunas?,2025-09-06 06:23:27
BuzzMonitor,leonardo.lima,Tem alguma pagina de status para acompanhar?,2025-09-06 16:13:30
NPS,mariana.souza,A nova interface ficou bem mais intuitiva.,2025-09-06 18:44:59
NPS,vitor.ferreira,A integracao suporta ambientes de teste?,2025-09-07 02:13:25
BuzzMonitor,carla.oliveira,O atendimento foi rude e nao ajudou. Ticket 46038.,2025-09-07 04:50:08
BuzzMonitor,mariana.almeida,"Estou sem retorno ha dias, isso prejudica o trabalho.",2025-09-07 06:37:41
NPS,thiago.ribeiro,Os dados do CRM estao vindo incompletos na integracao.,2025-09-07 14:23:25
BOT,mariana.ferreira,Tem como trocar a forma de pagamento para cartao?,2025-09-07 20:09:07
BuzzMonitor,ana.gomes,Quero participar do beta de novas funcoes.,2025-09-07 20:59:37
NPS,fernanda.nascimento,Como faço para salvar filtros como favoritos?,2025-09-07 23:24:27
CSAT,mariana.rocha,"Nao carrega a tela inicial, fica em loading infinito. Preciso de retorno urgente.",2025-09-08 05:39:15
BOT,diego.lima,Fiquei perdido na configuracao inicial.,2025-09-08 06:33:48
BOT,joao.almeida,"A fatura veio com reajuste sem aviso, podem verificar?",2025-09-08 12:07:35
BuzzMonitor,laura.martins,A busca demora demais e trava o navegador.,2025-09-08 14:26:31
BuzzMonitor,juliana.martins,O botao de salvar nao responde na tela de cadastro.,2025-09-08 15:32:29
CSAT,camila.carvalho,O onboarding foi confuso e faltou treinamento.,2025-09-08 22:06:09
CSAT,mario.carvalho,O cancelamento foi cobrado mesmo depois de eu solicitar.,2025-09-08 22:44:19
BOT,camila.oliveira,A integracao com o gateway de pagamento caiu.,2025-09-08 22:49:54
CSAT,isabela.souza,"Estou sem retorno ha dias, isso prejudica o trabalho.",2025-09-08 22:49:56
BOT,juliana.ferreira,Muitos cliques para fazer uma tarefa simples. Ticket 27527.,2025-09-09 01:17:17
BuzzMonitor,camila.ferreira,Ficou travando e desconectando toda hora.,2025-09-09 08:53:35
CSAT,mariana.pereira,O reset de senha falha e nao chega email.,2025-09-09 09:46:10
NPS,carla.elias,"A API esta bem documentada, consegui integrar rapido.",2025-09-09 15:27:21
CSAT,bruno.correa,Os logs de auditoria ajudaram bastante.,2025-09-09 19:18:25
BuzzMonitor,mariana.mendes,As telas estao com lentidao em horario comercial.,2025-09-10 07:59:24
CSAT,mario.pereira,A nova interface ficou bem mais intuitiva. Ticket 46497.,2025-09-10 09:55:35
BuzzMonitor,mario.teixeira,O sistema duplica registros ao importar.,2025-09-10 15:27:36
CSAT,laura.correa,A integracao com o ERP nao esta sincronizando. Preciso de retorno urgente.,2025-09-11 14:31:23
BuzzMonitor,isabela.barbosa,A ferramenta esta ajudando muito nosso dia a dia.,2025-09-11 14:56:58
CSAT,joao.ferreira,Os tutoriais nao cobrem o que eu preciso.,2025-09-11 20:19:17
NPS,isabela.rocha,Os tutoriais ajudaram muito a comecar.,2025-09-11 22:09:05
BOT,joao.gomes,Existe cache para relatorios?,2025-09-11 22:31:27
BuzzMonitor,joao.almeida,A integracao gera erro ao sincronizar e para no meio. Preciso de retorno urgente.,2025-09-12 03:01:55
BuzzMonitor,bruno.ribeiro,O filtro nao funciona e retorna resultados errados.,2025-09-12 05:19:19
BuzzMonitor,vitor.teixeira,"Evoluiram muito no ultimo trimestre, parabens.",2025-09-12 06:17:55
BuzzMonitor,mario.ribeiro,"Parabens, a nota fiscal saiu certinha e bem rapido.",2025-09-12 11:36:52
BuzzMonitor,camila.rocha,Seria bom ter mais opcoes de personalizacao. Preciso de retorno urgente.,2025-09-12 12:26:26
CSAT,joao.almeida,Como gero um token de API?,2025-09-12 12:51:45
CSAT,rafael.almeida,A exportacao para contabilidade funcionou de primeira.,2025-09-12 13:27:03
BOT,ana.oliveira,O cancelamento foi cobrado mesmo depois de eu solicitar.,2025-09-12 16:01:37
BOT,vitor.araujo,Ficou travando e desconectando toda hora.,2025-09-12 17:08:18
CSAT,juliana.carvalho,Como abro um chamado para suporte tecnico? Preciso de retorno urgente. Ticket 87874.,2025-09-13 00:00:25
CSAT,ana.ribeiro,As telas estao com lentidao em horario comercial.,2025-09-13 05:14:32
BuzzMonitor,juliana.mendes,Sinto falta de um relatorio mais completo. Preciso de retorno urgente.,2025-09-13 07:56:41
BuzzMonitor,ana.souza,"Nao carrega a tela inicial, fica em loading infinito.",2025-09-13 14:29:23
NPS,mario.ribeiro,"Atendimento excelente, resolveram em minutos.",2025-09-13 23:47:38
CSAT,isabela.carvalho,As mensagens de erro nao explicam o que fazer.,2025-09-14 00:28:06
BOT,vitor.silva,A integracao gera erro ao sincronizar e para no meio. Preciso de retorno urgente.,2025-09-14 11:00:59
BuzzMonitor,gustavo.silva,O boleto nao foi gerado e estou com pagamento em atraso por causa disso.,2025-09-14 11:23:49
BOT,bruno.araujo,"Estou com problema na cobranca, veio valor duplicado na fatura.",2025-09-14 12:35:19
CSAT,leonardo.mendes,Os dados do CRM estao vindo incompletos na integracao.,2025-09-14 17:02:55
BOT,thiago.ribeiro,A experiencia de uso evoluiu muito.,2025-09-14 23:36:52
CSAT,bruno.carvalho,"A equipe acompanhou a implantacao, foi tranquilo.",2025-09-14 23:47:11
NPS,bruno.ferreira,A integracao com o CRM funcionou sem dor de cabeca.,2025-09-15 00:09:45
CSAT,lucas.rocha,Qual o prazo para emitir nota fiscal?,2025-09-15 05:06:59
NPS,thiago.dias,"A sincronizacao ficou consistente, obrigado.",2025-09-15 07:59:37
BOT,beatriz.rocha,Qual o tempo medio de resposta esperado?,2025-09-15 08:36:40
BuzzMonitor,carla.oliveira,O menu mudou e agora ficou pior de usar.,2025-09-15 12:43:26
CSAT,lucas.oliveira,"A API esta bem documentada, consegui integrar rapido.",2025-09-15 15:13:09
NPS,beatriz.teixeira,A API esta retornando 401 mesmo com token valido. Preciso de retorno urgente.,2025-09-16 04:36:20
CSAT,juliana.mendes,Qual a janela de maior uso? Preciso de retorno urgente.,2025-09-16 09:15:11
CSAT,mario.silva,O suporte foi muito prestativo e claro.,2025-09-16 09:17:15
BuzzMonitor,camila.barbosa,A API esta bem mais rapida nessa versao.,2025-09-16 09:43:47
BOT,diego.dias,"A equipe acompanhou a implantacao, foi tranquilo.",2025-09-16 14:13:17
BuzzMonitor,leonardo.correa,A disponibilidade melhorou bastante essa semana.,2025-09-16 18:33:09
NPS,beatriz.correa,O onboarding foi confuso e faltou treinamento.,2025-09-17 08:13:03
BuzzMonitor,mariana.mendes,O suporte foi muito prestativo e claro.,2025-09-17 14:14:14
CSAT,patricia.ribeiro,"Produto excelente, atende bem nossas necessidades. Preciso de retorno urgente.",2025-09-18 01:42:09
BuzzMonitor,isabela.dias,"Gostei do layout, ficou facil achar as funcoes. Preciso de retorno urgente.",2025-09-18 05:13:01
BOT,isabela.carvalho,A integracao com o ERP não esta sincronizando.,2025-09-18 07:13:18
BuzzMonitor,juliana.ribeiro,A correcao do filtro resolveu meu problema.,2025-09-18 07:18:14
CSAT,gustavo.gomes,"A navegacao esta confusa, não acho as configuracoes.",2025-09-19 00:48:55
NPS,isabela.nascimento,O atendimento foi rude e não ajudou.,2025-09-19 09:44:40
BuzzMonitor,gustavo.oliveira,"Nao tive mais desconexoes, otimo trabalho.",2025-09-19 15:04:38
BuzzMonitor,laura.silva,Os webhooks estao super estaveis agora.,2025-09-19 20:54:58
CSAT,vitor.rocha,Muitos cliques para fazer uma tarefa simples.,2025-09-20 01:07:19
CSAT,vitor.correa,Os webhooks estao super estaveis agora.,2025-09-20 04:29:36
NPS,gustavo.gomes,A documentacao e bem completa. Preciso de retorno urgente.,2025-09-20 05:43:04
NPS,beatriz.gomes,Recebi alerta de login suspeito e nao consegui bloquear.,2025-09-20 08:21:31
CSAT,laura.lima,"Gostei do conector com o ERP, poupou tempo. Preciso de retorno urgente.",2025-09-20 16:52:41
BuzzMonitor,thiago.araujo,"A fatura veio com reajuste sem aviso, podem verificar?",2025-09-20 22:41:17
BuzzMonitor,juliana.rocha,O menu mudou e agora ficou pior de usar.,2025-09-21 07:22:13
BOT,ana.pereira,Hoje o sistema esta super rapido e sem quedas.,2025-09-21 08:08:36
CSAT,beatriz.nascimento,A tela não e intuitiva e acaba atrapalhando.,2025-09-21 10:13:03
NPS,carla.teixeira,Acho que a comunicacao de mudancas poderia melhorar.,2025-09-21 14:42:56
CSAT,gustavo.pereira,A integracao gera erro ao sincronizar e para no meio.,2025-09-21 15:19:53
NPS,mariana.dias,A nova interface ficou bem mais intuitiva.,2025-09-21 18:37:48
CSAT,carla.silva,A disponibilidade melhorou bastante essa semana.,2025-09-21 18:38:36
CSAT,camila.correa,Hoje o sistema esta super rapido e sem quedas.,2025-09-22 03:04:30
CSAT,bruno.rocha,Os tutoriais ajudaram muito a comecar.,2025-09-22 05:44:51
CSAT,thiago.correa,Tem trilha de treinamento para novos usuarios?,2025-09-22 08:33:46
CSAT,lucas.rocha,Parece que um usuario acessou dados que nao deveria.,2025-09-22 11:53:56
BuzzMonitor,laura.ferreira,O filtro nao funciona e retorna resultados errados. Ticket 14236.,2025-09-22 20:55:14
NPS,camila.oliveira,A integracao com o gateway de pagamento caiu.,2025-09-23 03:30:29
NPS,gustavo.nascimento,"O processo de pagamento ficou mais simples, ajudou muito. Preciso de retorno urgente.",2025-09-23 08:37:00
BuzzMonitor,thiago.dias,"Evoluiram muito no ultimo trimestre, parabens.",2025-09-23 18:43:33
CSAT,carla.gomes,Preciso de auditoria e nao encontro logs completos.,2025-09-23 20:36:11
NPS,fernanda.almeida,Nao consegui importar meus dados iniciais.,2025-09-24 00:21:23
BOT,mariana.elias,"A sincronizacao ficou consistente, obrigado.",2025-09-24 01:47:54
CSAT,isabela.teixeira,A ferramenta esta ajudando muito nosso dia a dia.,2025-09-24 04:26:21
CSAT,ana.oliveira,Fiquei perdido na configuracao inicial.,2025-09-25 12:40:16
CSAT,isabela.araujo,Os webhooks estao super estaveis agora.,2025-09-25 14:06:42
CSAT,patricia.pereira,"Boa, o erro de sincronizacao sumiu.",2025-09-25 15:54:28
NPS,mario.nascimento,Depois da ultima manutencao ficou bem mais estavel.,2025-09-25 18:53:00
NPS,mariana.gomes,"Atendimento excelente, resolveram em minutos.",2025-09-25 20:14:19
BuzzMonitor,ana.barbosa,"Comecei a usar rapido, processo muito bom.",2025-09-25 20:27:39
BuzzMonitor,carla.souza,O fluxo de cadastro esta muito melhor.,2025-09-25 21:04:26
BuzzMonitor,joao.dias,O webhooks estao falhando e nao recebo eventos.,2025-09-26 00:25:48
CSAT,rafael.souza,O cancelamento foi cobrado mesmo depois de eu solicitar.,2025-09-26 03:42:12
BuzzMonitor,bruno.ferreira,Estou recebendo erro 500 ao tentar salvar.,2025-09-26 23:22:15
BuzzMonitor,isabela.ribeiro,"A API esta bem documentada, consegui integrar rapido.",2025-09-27 07:52:43
BuzzMonitor,patricia.dias,A tela nao e intuitiva e acaba atrapalhando.,2025-09-27 09:30:26
CSAT,thiago.mendes,Tem webinar de introducao?,2025-09-27 14:49:59
CSAT,leonardo.oliveira,"A importacao esta levando horas, ficou impraticavel.",2025-09-27 17:17:57
CSAT,lucas.teixeira,Os logs de auditoria ajudaram bastante.,2025-09-27 22:31:57
NPS,thiago.elias,"Estou sem retorno ha dias, isso prejudica o trabalho.",2025-09-28 00:33:23
NPS,rafael.gomes,Vocês recomendam qual navegador?,2025-09-28 07:12:23
BuzzMonitor,gustavo.barbosa,O suporte foi muito prestativo e claro.,2025-09-28 11:34:47
BuzzMonitor,vitor.elias,Tem SDK em Python para integracao?,2025-09-28 12:42:12
NPS,vitor.pereira,"Estou com problema na cobranca, veio valor duplicado na fatura.",2025-09-28 18:18:35
NPS,patricia.martins,A integracao com o ERP nao esta sincronizando.,2025-09-28 18:42:48
BuzzMonitor,isabela.gomes,"O sistema esta fora do ar desde cedo, precisamos de retorno. Ticket 40815.",2025-09-29 05:01:07
BuzzMonitor,beatriz.rocha,"Estou vendo lentidao em alguns horarios, e esperado?",2025-09-29 19:56:20
CSAT,mario.nascimento,"Estou com problema na cobranca, veio valor duplicado na fatura.",2025-09-29 21:57:12
BuzzMonitor,fernanda.lima,A nova interface ficou bem mais intuitiva. Preciso de retorno urgente.,2025-09-29 22:36:02
CSAT,laura.silva,Vocês podem considerar um novo recurso?,2025-09-30 02:13:18
NPS,vitor.pereira,"Nao tive mais desconexoes, otimo trabalho.",2025-09-30 06:48:23
BOT,camila.almeida,"Muito bom ter 2FA, aumentou a seguranca.",2025-09-30 10:12:38
CSAT,vitor.nascimento,Parece que um usuario acessou dados que nao deveria.,2025-09-30 13:03:29
CSAT,ana.pereira,Onde vejo o log de auditoria?,2025-09-30 13:20:57
CSAT,mario.silva,Ficou travando e desconectando toda hora.,2025-09-30 13:53:09
CSAT,camila.barbosa,Fiquei perdido na configuracao inicial.,2025-10-01 00:19:08
BOT,vitor.dias,"O processo de pagamento ficou mais simples, ajudou muito.",2025-10-01 02:37:18
NPS,carla.barbosa,Fui transferido varias vezes e nao resolveram.,2025-10-01 05:37:36
BuzzMonitor,bruno.correa,As telas estao com lentidao em horario comercial.,2025-10-01 11:07:53
CSAT,mariana.dias,A correcao do filtro resolveu meu problema.,2025-10-01 14:38:45
BuzzMonitor,beatriz.barbosa,"Atendimento excelente, resolveram em minutos. Preciso de retorno urgente.",2025-10-01 16:19:29
CSAT,gustavo.araujo,"O sistema esta fora do ar desde cedo, precisamos de retorno.",2025-10-01 20:02:33
BOT,lucas.ribeiro,Fiquei perdido na configuracao inicial. Ticket 71993.,2025-10-01 21:12:00
CSAT,ana.gomes,"Obrigado por corrigirem o bug da exportacao, agora funciona.",2025-10-02 04:03:02
CSAT,mario.lima,Como faço para salvar filtros como favoritos?,2025-10-02 06:29:25
CSAT,mario.teixeira,Qual o tempo medio de resposta esperado?,2025-10-02 07:16:37
CSAT,laura.pereira,"Obrigado por corrigirem o bug da exportacao, agora funciona. Ticket 21683.",2025-10-02 11:18:21
NPS,leonardo.correa,Os dados do CRM estao vindo incompletos na integracao.,2025-10-02 11:20:58
BuzzMonitor,leonardo.silva,"Nao carrega a tela inicial, fica em loading infinito.",2025-10-03 11:27:16
BuzzMonitor,patricia.souza,O reset de senha falha e nao chega email.,2025-10-03 13:36:49
BOT,joao.araujo,"Parabens, a nota fiscal saiu certinha e bem rapido.",2025-10-03 17:35:28
CSAT,rafael.lima,Tem atalho para acessar relatorios mais rapido? Ticket 63788.,2025-10-04 00:04:19
BuzzMonitor,lucas.lima,"A performance melhorou muito, ta voando.",2025-10-04 06:33:34
BOT,carla.carvalho,Seria bom ter mais opcoes de personalizacao.,2025-10-04 10:12:40
BuzzMonitor,bruno.pereira,Tem SDK em Python para integracao?,2025-10-04 18:14:02
NPS,lucas.lima,"A busca ficou instantanea, parabens.",2025-10-04 19:42:28
CSAT,ana.martins,O atendimento foi rude e nao ajudou.,2025-10-04 19:54:24
CSAT,isabela.teixeira,Fiquei perdido na configuracao inicial. Ticket 77314.,2025-10-04 23:43:01
NPS,patricia.rocha,Quero entender como funciona o calculo de impostos. Ticket 27961.,2025-10-05 03:09:29
CSAT,bruno.mendes,A plataforma caiu agora e nao consigo acessar. Preciso de retorno urgente.,2025-10-05 05:35:58
NPS,isabela.almeida,A integracao com o ERP nao esta sincronizando.,2025-10-05 08:27:15
BuzzMonitor,fernanda.carvalho,As mensagens de erro nao explicam o que fazer.,2025-10-05 09:30:27
NPS,vitor.lima,O webhooks estao falhando e nao recebo eventos.,2025-10-05 15:39:57
NPS,joao.lima,Onde vejo o log de auditoria?,2025-10-05 16:30:03
BuzzMonitor,camila.araujo,O tempo de resposta da API aumentou bastante. Preciso de retorno urgente.,2025-10-06 01:23:07
CSAT,joao.pereira,O filtro nao funciona e retorna resultados errados. Ticket 37551.,2025-10-06 13:07:43
CSAT,camila.barbosa,Os logs de auditoria ajudaram bastante.,2025-10-06 16:45:23
CSAT,lucas.oliveira,A autenticacao em dois fatores nao funciona.,2025-10-06 18:34:19
BuzzMonitor,ana.ferreira,Os webhooks estao super estaveis agora. Preciso de retorno urgente.,2025-10-06 19:26:45
BOT,gustavo.martins,"Estou com problema na cobranca, veio valor duplicado na fatura.",2025-10-07 01:49:13
NPS,bruno.rocha,Tem alguma pagina de status para acompanhar?,2025-10-07 02:12:53
BuzzMonitor,mario.correa,Sinto falta de um relatorio mais completo.,2025-10-07 04:21:42
NPS,diego.pereira,A disponibilidade melhorou bastante essa semana.,2025-10-07 17:33:09
CSAT,bruno.elias,Qual versao contem a correcao do problema?,2025-10-07 22:01:17
BOT,gustavo.lima,Nao consegui importar meus dados iniciais.,2025-10-07 22:29:13
BuzzMonitor,camila.correa,A nova interface ficou bem mais intuitiva.,2025-10-07 23:05:44
BuzzMonitor,juliana.rocha,A plataforma caiu agora e nao consigo acessar. Preciso de retorno urgente.,2025-10-08 02:33:11
NPS,leonardo.carvalho,"Gostei do conector com o ERP, poupou tempo.",2025-10-08 05:20:35
BOT,beatriz.gomes,"A busca ficou instantanea, parabens.",2025-10-08 06:23:58
BuzzMonitor,bruno.souza,O reset de senha falha e nao chega email. Preciso de retorno urgente.,2025-10-08 13:33:16
BOT,juliana.gomes,A busca demora demais e trava o navegador.,2025-10-08 14:17:04
BuzzMonitor,ana.carvalho,Como faço para salvar filtros como favoritos?,2025-10-08 16:46:00
NPS,leonardo.silva,A nova interface ficou bem mais intuitiva. Preciso de retorno urgente.,2025-10-08 21:12:46
CSAT,leonardo.correa,"A performance melhorou muito, ta voando. Preciso de retorno urgente.",2025-10-09 02:24:00
NPS,fernanda.carvalho,O suporte demorou muito para responder meu chamado.,2025-10-09 05:25:18
CSAT,vitor.teixeira,Posso reorganizar o menu?,2025-10-09 05:41:37
CSAT,thiago.elias,Consigo abrir um chamado para esse comportamento?,2025-10-09 06:44:55
NPS,diego.teixeira,O menu mudou e agora ficou pior de usar.,2025-10-09 07:53:22
BOT,patricia.souza,Muitos cliques para fazer uma tarefa simples.,2025-10-09 16:25:41
BuzzMonitor,lucas.gomes,O sistema esta muito lento para carregar relatorios. Preciso de retorno urgente.,2025-10-09 16:45:29
NPS,isabela.mendes,Posso enviar logs para ajudar a investigar?,2025-10-09 22:45:34
CSAT,fernanda.elias,Acho que a comunicacao de mudancas poderia melhorar.,2025-10-10 03:33:25
CSAT,gustavo.martins,O reset de senha falha e nao chega email.,2025-10-10 04:32:35
BuzzMonitor,carla.souza,Ficou travando e desconectando toda hora.,2025-10-10 06:57:18
CSAT,mariana.carvalho,"Muito bom ter 2FA, aumentou a seguranca.",2025-10-10 12:51:59
CSAT,laura.ferreira,"Nao carrega a tela inicial, fica em loading infinito.",2025-10-10 15:50:15
NPS,isabela.rocha,"A navegacao esta confusa, nao acho as configuracoes.",2025-10-10 16:07:46
NPS,bruno.rocha,Preciso de auditoria e nao encontro logs completos.,2025-10-10 16:11:08
BuzzMonitor,fernanda.mendes,A plataforma caiu agora e nao consigo acessar.,2025-10-10 16:43:25
BuzzMonitor,patricia.gomes,Parece que um usuario acessou dados que nao deveria.,2025-10-10 21:39:20
NPS,joao.rocha,O atendimento foi rude e nao ajudou.,2025-10-10 22:36:58
BOT,mariana.silva,Quero falar com um especialista em integracoes.,2025-10-11 05:28:14
CSAT,mariana.dias,"A API esta bem documentada, consegui integrar rapido.",2025-10-11 06:19:06
BOT,diego.araujo,Os dados do CRM estao vindo incompletos na integracao. Ticket 84890.,2025-10-11 09:33:45
BuzzMonitor,joao.pereira,"O sistema esta fora do ar desde cedo, precisamos de retorno.",2025-10-11 09:35:35
NPS,leonardo.ribeiro,A integracao com o ERP nao esta sincronizando.,2025-10-11 10:42:24
NPS,beatriz.araujo,"Comecei a usar rapido, processo muito bom.",2025-10-11 19:21:50
BuzzMonitor,carla.barbosa,"Gostei do conector com o ERP, poupou tempo.",2025-10-12 03:19:14
BuzzMonitor,camila.araujo,A nova interface ficou bem mais intuitiva. Ticket 60137.,2025-10-12 06:44:58
NPS,vitor.rocha,O suporte demorou muito para responder meu chamado. Preciso de retorno urgente.,2025-10-12 12:41:19
BuzzMonitor,patricia.ribeiro,"A busca ficou instantanea, parabens.",2025-10-12 14:10:31
BuzzMonitor,rafael.araujo,Qual foi a causa da indisponibilidade de ontem?,2025-10-12 18:42:41
BOT,beatriz.elias,"O sistema esta fora do ar desde cedo, precisamos de retorno.",2025-10-12 20:20:50
BuzzMonitor,vitor.souza,Qual o status do incidente da manha?,2025-10-13 00:55:17
NPS,joao.oliveira,A integracao com o gateway de pagamento caiu.,2025-10-13 03:57:52
NPS,lucas.souza,Os tutoriais nao cobrem o que eu preciso. Preciso de retorno urgente.,2025-10-13 04:41:58
CSAT,gustavo.rocha,"O time de CS acompanhou ate a solucao, show.",2025-10-13 06:49:30
NPS,camila.elias,Posso enviar logs para ajudar a investigar?,2025-10-13 11:13:58
CSAT,gustavo.ribeiro,"Boa, o erro de sincronizacao sumiu.",2025-10-13 13:39:25
CSAT,patricia.araujo,Vocês recomendam qual navegador?,2025-10-13 16:53:14
NPS,mariana.teixeira,Qual o prazo para emitir nota fiscal?,2025-10-13 16:55:13
BuzzMonitor,mariana.rocha,"As dicas na tela ajudam bastante, parabens.",2025-10-13 20:59:15
CSAT,lucas.almeida,"A equipe acompanhou a implantacao, foi tranquilo. Preciso de retorno urgente.",2025-10-14 04:34:21
CSAT,mario.carvalho,Os dados do CRM estao vindo incompletos na integracao.,2025-10-14 11:56:54
BuzzMonitor,rafael.ribeiro,Preciso de auditoria e nao encontro logs completos.,2025-10-14 19:42:37
BuzzMonitor,mariana.teixeira,O fluxo de cadastro esta muito melhor.,2025-10-15 05:30:59
NPS,vitor.gomes,"Atendimento excelente, resolveram em minutos. Preciso de retorno urgente.",2025-10-15 09:47:11
CSAT,carla.silva,"O sistema esta fora do ar desde cedo, precisamos de retorno.",2025-10-15 15:48:03
BOT,rafael.dias,O onboarding foi confuso e faltou treinamento.,2025-10-15 18:06:21
BuzzMonitor,rafael.silva,A experiencia poderia ser melhor em dispositivos moveis.,2025-10-15 20:46:22
BuzzMonitor,leonardo.souza,Estou recebendo erro 500 ao tentar salvar.,2025-10-15 22:38:54
BuzzMonitor,bruno.elias,O filtro nao funciona e retorna resultados errados.,2025-10-16 00:48:58
CSAT,rafael.silva,"A API esta bem documentada, consegui integrar rapido.",2025-10-16 03:28:33
NPS,laura.dias,O sistema duplica registros ao importar.,2025-10-16 03:37:50
CSAT,thiago.elias,Qual foi a causa da indisponibilidade de ontem?,2025-10-16 04:20:45
CSAT,patricia.nascimento,Qual foi a causa da indisponibilidade de ontem?,2025-10-16 05:44:12
NPS,carla.almeida,O cancelamento foi cobrado mesmo depois de eu solicitar. Preciso de retorno urgente.,2025-10-16 14:34:04
BuzzMonitor,thiago.rocha,Onde eu encontro o historico de faturas?,2025-10-16 20:43:06
CSAT,thiago.pereira,A busca demora demais e trava o navegador.,2025-10-17 07:32:04
BuzzMonitor,camila.lima,Resposta rapida e com orientacao completa.,2025-10-17 08:08:44
BOT,laura.souza,"Faltam campos no cadastro, isso atrapalha.",2025-10-17 09:24:24
CSAT,patricia.silva,Tem SSO com Azure AD?,2025-10-17 09:52:23
CSAT,diego.ribeiro,O onboarding foi confuso e faltou treinamento. Preciso de retorno urgente.,2025-10-17 21:07:03
CSAT,ana.nascimento,Qual o status do incidente da manha?,2025-10-18 00:22:01
NPS,bruno.carvalho,"Gostei do novo painel financeiro, bem mais claro.",2025-10-18 03:06:11
CSAT,gustavo.oliveira,Onde encontro a opcao para personalizar colunas?,2025-10-18 08:36:20
CSAT,mario.mendes,A documentacao e bem completa.,2025-10-18 12:30:44
BuzzMonitor,joao.almeida,A documentacao esta desatualizada.,2025-10-18 14:34:14
BOT,fernanda.mendes,Os tutoriais nao cobrem o que eu preciso.,2025-10-18 20:49:25
CSAT,fernanda.carvalho,Os tutoriais nao cobrem o que eu preciso.,2025-10-19 00:18:23
BOT,fernanda.araujo,A disponibilidade melhorou bastante essa semana.,2025-10-19 05:43:16
BuzzMonitor,carla.correa,"A performance melhorou muito, ta voando. Preciso de retorno urgente.",2025-10-19 11:55:59
CSAT,joao.mendes,O onboarding foi confuso e faltou treinamento.,2025-10-19 17:05:50
BuzzMonitor,fernanda.souza,O atendimento foi rude e nao ajudou.,2025-10-19 17:06:53
CSAT,lucas.rocha,Onde encontro a opcao para personalizar colunas?,2025-10-20 03:43:52
BuzzMonitor,carla.silva,A conciliacao bancaria ficou bem melhor nessa versao.,2025-10-20 04:46:58
CSAT,vitor.souza,Vocês podem considerar um novo recurso?,2025-10-20 06:21:15
BOT,vitor.correa,No geral estou bem satisfeito com a plataforma.,2025-10-20 14:53:49
NPS,mariana.souza,Qual politica de retencao de logs?,2025-10-20 15:12:20
NPS,diego.gomes,Existe cache para relatorios?,2025-10-20 18:28:18
CSAT,vitor.gomes,"Estou sem retorno ha dias, isso prejudica o trabalho.",2025-10-21 02:58:27
BOT,joao.martins,O tempo de resposta da API aumentou bastante.,2025-10-21 04:34:48
NPS,beatriz.ribeiro,"A equipe acompanhou a implantacao, foi tranquilo.",2025-10-21 10:29:27
CSAT,juliana.dias,As telas estao com lentidao em horario comercial.,2025-10-21 17:15:15
BuzzMonitor,laura.rocha,A ferramenta esta ajudando muito nosso dia a dia.,2025-10-21 19:55:27
CSAT,carla.ferreira,Qual politica de retencao de logs?,2025-10-21 22:08:59
BuzzMonitor,beatriz.teixeira,Qual foi a causa da indisponibilidade de ontem? Preciso de retorno urgente.,2025-10-22 05:29:06
BuzzMonitor,fernanda.elias,Parabens pelas melhorias de seguranca.,2025-10-22 06:24:29
CSAT,camila.silva,A plataforma caiu agora e nao consigo acessar.,2025-10-22 12:47:05
NPS,bruno.rocha,A experiencia poderia ser melhor em dispositivos moveis.,2025-10-22 16:54:43
CSAT,bruno.ribeiro,Estou recebendo erro 500 ao tentar salvar.,2025-10-22 19:48:46
NPS,patricia.souza,O boleto nao foi gerado e estou com pagamento em atraso por causa disso.,2025-10-22 23:36:49
NPS,mario.almeida,Parece que um usuario acessou dados que não deveria.,2025-10-23 00:39:14
NPS,mariana.ferreira,Posso enviar logs para ajudar a investigar?,2025-10-23 14:50:08
NPS,thiago.silva,Hoje o sistema esta super rapido e sem quedas.,2025-10-23 16:25:35
BOT,lucas.souza,A integracao gera erro ao sincronizar e para no meio.,2025-10-23 19:22:36
CSAT,gustavo.souza,As mensagens de erro não explicam o que fazer.,2025-10-23 22:56:43
BuzzMonitor,mariana.mendes,Depois da ultima manutencao ficou bem mais estavel.,2025-10-24 03:24:03
CSAT,leonardo.ribeiro,"A API esta bem documentada, consegui integrar rapido.",2025-10-24 04:52:58
BOT,thiago.dias,O atendimento foi rude e nao ajudou.,2025-10-24 05:13:30
CSAT,mario.mendes,O fluxo de cadastro esta muito melhor.,2025-10-24 06:11:55
BuzzMonitor,bruno.ribeiro,Fui transferido varias vezes e nao resolveram.,2025-10-24 07:53:46
CSAT,isabela.lima,"A sincronizacao ficou consistente, obrigado. Preciso de retorno urgente.",2025-10-24 08:09:35
CSAT,bruno.elias,O onboarding foi confuso e faltou treinamento.,2025-10-24 11:49:48
BuzzMonitor,isabela.araujo,"A sincronizacao ficou consistente, obrigado.",2025-10-24 12:32:47
NPS,leonardo.nascimento,Quero participar do beta de novas funcoes.,2025-10-24 14:17:50
CSAT,lucas.nascimento,Vocês tiveram alguma manutencao programada hoje? Preciso de retorno urgente.,2025-10-24 15:40:13
CSAT,carla.ribeiro,"A fatura veio com reajuste sem aviso, podem verificar?",2025-10-24 17:27:34
BuzzMonitor,patricia.silva,A autenticacao em dois fatores nao funciona.,2025-10-24 20:53:17
CSAT,mariana.barbosa,"Gostei do conector com o ERP, poupou tempo.",2025-10-25 03:04:23
CSAT,juliana.ribeiro,As telas estao com lentidao em horario comercial.,2025-10-25 06:52:59
BOT,ana.araujo,"A fatura veio com reajuste sem aviso, podem verificar?",2025-10-25 07:15:27
NPS,beatriz.silva,Tem trilha de treinamento para novos usuarios?,2025-10-25 13:19:00
NPS,joao.almeida,A integracao com o ERP nao esta sincronizando.,2025-10-25 14:30:57
NPS,patricia.silva,Tem atendimento aos finais de semana?,2025-10-25 15:45:40
BuzzMonitor,ana.pereira,"Estou sem retorno ha dias, isso prejudica o trabalho.",2025-10-25 16:01:31
BuzzMonitor,vitor.nascimento,Importacao muito mais eficiente agora.,2025-10-26 00:45:55
CSAT,carla.correa,Tem SDK em Python para integracao? Preciso de retorno urgente.,2025-10-26 01:56:54
CSAT,juliana.ribeiro,"A fatura veio com reajuste sem aviso, podem verificar?",2025-10-26 02:17:46
CSAT,vitor.oliveira,"Nao tive mais desconexoes, otimo trabalho.",2025-10-26 02:43:02
CSAT,gustavo.almeida,"As dicas na tela ajudam bastante, parabens.",2025-10-26 05:57:37
CSAT,patricia.barbosa,A autenticacao em dois fatores nao funciona. Ticket 75459.,2025-10-26 11:06:30
NPS,mariana.gomes,A documentacao e bem completa.,2025-10-26 12:52:17
BuzzMonitor,bruno.correa,"Estou sem retorno ha dias, isso prejudica o trabalho.",2025-10-26 14:31:13
CSAT,joao.ribeiro,"A sincronizacao ficou consistente, obrigado.",2025-10-26 16:46:45
CSAT,lucas.rocha,Resposta rapida e com orientacao completa.,2025-10-27 01:23:10
CSAT,isabela.mendes,Fiquei perdido na configuracao inicial.,2025-10-27 08:46:30
BuzzMonitor,joao.teixeira,Fiquei perdido na configuracao inicial. Preciso de retorno urgente.,2025-10-27 09:05:56
NPS,ana.almeida,A integracao suporta ambientes de teste?,2025-10-27 12:45:39
CSAT,gustavo.lima,"Estou sem retorno ha dias, isso prejudica o trabalho. Preciso de retorno urgente.",2025-10-27 13:26:28
CSAT,camila.souza,"A performance melhorou muito, ta voando.",2025-10-27 13:50:22
CSAT,rafael.elias,A nova interface ficou bem mais intuitiva.,2025-10-27 14:54:50
NPS,bruno.carvalho,A experiencia poderia ser melhor em dispositivos moveis.,2025-10-27 15:06:58
CSAT,vitor.ferreira,"Boa, o erro de sincronizacao sumiu.",2025-10-27 19:27:58
BuzzMonitor,beatriz.martins,As telas estao com lentidao em horario comercial. Preciso de retorno urgente.,2025-10-27 23:00:54
BuzzMonitor,mariana.silva,Como abro um chamado para suporte tecnico?,2025-10-28 07:51:03
BOT,ana.oliveira,Onde encontro a opcao para personalizar colunas?,2025-10-28 10:14:46
CSAT,mariana.pereira,Importacao muito mais eficiente agora.,2025-10-29 03:13:59
CSAT,thiago.martins,O tempo de resposta da API aumentou bastante.,2025-10-29 05:06:17
BOT,patricia.barbosa,No geral estou bem satisfeito com a plataforma. Ticket 57720.,2025-10-29 08:59:55
NPS,carla.ribeiro,Qual o status do incidente da manha?,2025-10-30 11:39:24
BuzzMonitor,diego.pereira,A API esta bem mais rapida nessa versao. Preciso de retorno urgente.,2025-10-30 16:22:16
CSAT,ana.carvalho,O tempo de resposta da API aumentou bastante.,2025-10-30 17:57:04
CSAT,patricia.lima,O boleto nao foi gerado e estou com pagamento em atraso por causa disso.,2025-10-30 22:23:48
CSAT,isabela.mendes,O suporte demorou muito para responder meu chamado.,2025-10-31 05:58:15
CSAT,fernanda.gomes,Qual politica de retencao de logs?,2025-10-31 07:09:05
NPS,mariana.pereira,Fui transferido varias vezes e nao resolveram.,2025-10-31 07:31:13
CSAT,mariana.elias,Como configuro 2FA para todos os usuarios?,2025-10-31 09:37:11
BuzzMonitor,rafael.almeida,O suporte foi muito prestativo e claro.,2025-10-31 23:27:01
NPS,laura.dias,"Parabens, a nota fiscal saiu certinha e bem rapido.",2025-11-01 00:29:05
CSAT,patricia.silva,Tenho uma sugestao de melhoria para o produto.,2025-11-01 10:12:14
CSAT,laura.rocha,A integracao com o ERP nao esta sincronizando.,2025-11-01 18:29:38
BuzzMonitor,vitor.carvalho,Nao consegui importar meus dados iniciais.,2025-11-01 19:26:36
CSAT,beatriz.carvalho,"Obrigado por corrigirem o bug da exportacao, agora funciona.",2025-11-01 20:55:52
CSAT,lucas.gomes,Onde eu encontro o historico de faturas?,2025-11-02 01:23:01
CSAT,fernanda.ferreira,Estou recebendo erro 500 ao tentar salvar.,2025-11-03 01:32:06
CSAT,diego.mendes,O boleto nao foi gerado e estou com pagamento em atraso por causa disso.,2025-11-03 01:48:44
BuzzMonitor,gustavo.barbosa,O onboarding foi excelente e bem guiado.,2025-11-03 06:48:24
NPS,ana.lima,O menu mudou e agora ficou pior de usar.,2025-11-03 07:39:30
CSAT,camila.mendes,O botao de salvar nao responde na tela de cadastro.,2025-11-03 10:43:42
CSAT,mario.pereira,Qual o passo a passo recomendado para comecar? Preciso de retorno urgente.,2025-11-03 11:46:11
BOT,diego.ribeiro,Como abro um chamado para suporte tecnico?,2025-11-03 12:34:09
CSAT,lucas.ferreira,Tem trilha de treinamento para novos usuarios? Ticket 57381.,2025-11-03 15:13:28
BuzzMonitor,mario.gomes,"Relatorios agora carregam rapido, excelente.",2025-11-03 19:26:28
NPS,bruno.lima,"Adorei as novas funcionalidades, muito util.",2025-11-03 19:35:45
NPS,fernanda.oliveira,A autenticacao em dois fatores nao funciona. Preciso de retorno urgente.,2025-11-03 22:48:39
BuzzMonitor,patricia.teixeira,O sistema duplica registros ao importar.,2025-11-04 05:08:30
BOT,bruno.almeida,A tela nao e intuitiva e acaba atrapalhando.,2025-11-04 06:33:10
CSAT,patricia.ribeiro,A experiencia poderia ser melhor em dispositivos moveis.,2025-11-04 08:12:07
BuzzMonitor,camila.almeida,Estou recebendo erro 500 ao tentar salvar.,2025-11-04 10:25:10
CSAT,diego.elias,Qual versao contem a correcao do problema?,2025-11-04 14:07:54
NPS,ana.rocha,Onde eu encontro o historico de faturas?,2025-11-04 17:42:26
BuzzMonitor,camila.elias,No geral estou bem satisfeito com a plataforma.,2025-11-04 19:45:14
BuzzMonitor,carla.souza,"Faltam campos no cadastro, isso atrapalha.",2025-11-04 23:48:36
CSAT,vitor.oliveira,"As dicas na tela ajudam bastante, parabens.",2025-11-05 03:58:15
BuzzMonitor,gustavo.dias,O reset de senha falha e nao chega email.,2025-11-05 04:30:08
BuzzMonitor,joao.elias,Onde eu reporto um bug com print da tela?,2025-11-05 04:47:20
CSAT,rafael.barbosa,A experiencia poderia ser melhor em dispositivos moveis.,2025-11-05 05:16:13
BuzzMonitor,leonardo.rocha,"A performance melhorou muito, ta voando.",2025-11-05 05:19:50
CSAT,patricia.silva,O menu mudou e agora ficou pior de usar.,2025-11-05 08:14:49
BOT,lucas.martins,"A API esta bem documentada, consegui integrar rapido.",2025-11-05 09:32:38
CSAT,lucas.silva,Tem alguma previsao para corrigir a exportacao? Preciso de retorno urgente.,2025-11-05 20:06:34
BOT,joao.souza,"A busca ficou instantanea, parabens.",2025-11-05 22:03:06
BOT,diego.barbosa,O tempo de resposta da API aumentou bastante.,2025-11-06 03:29:18
CSAT,ana.barbosa,O suporte demorou muito para responder meu chamado.,2025-11-06 04:44:15
BuzzMonitor,thiago.mendes,A plataforma caiu agora e nao consigo acessar. Preciso de retorno urgente.,2025-11-06 16:08:54
BuzzMonitor,mariana.barbosa,Preciso de auditoria e nao encontro logs completos.,2025-11-06 23:58:46
NPS,patricia.ribeiro,Fiquei perdido na configuracao inicial.,2025-11-07 02:16:10
BuzzMonitor,thiago.martins,"Preciso atualizar o responsavel do contrato, com quem falo?",2025-11-07 06:47:31
BOT,isabela.martins,"A tela de cadastro ficou redonda, sem bugs. Ticket 67386.",2025-11-07 07:05:51
CSAT,leonardo.lima,Acho que a comunicacao de mudancas poderia melhorar.,2025-11-07 07:08:42
BOT,juliana.barbosa,O filtro nao funciona e retorna resultados errados.,2025-11-07 15:56:11
CSAT,diego.barbosa,"Gostei do controle de permissoes, bem completo.",2025-11-07 17:31:10
BOT,gustavo.nascimento,Posso reorganizar o menu?,2025-11-08 11:08:06
BuzzMonitor,fernanda.gomes,O sistema esta muito lento para carregar relatorios. Preciso de retorno urgente.,2025-11-08 21:56:03
BuzzMonitor,mariana.dias,Tem como trocar a forma de pagamento para cartao?,2025-11-09 07:00:15
BOT,joao.correa,"A navegacao esta confusa, nao acho as configuracoes.",2025-11-09 08:58:25
CSAT,vitor.correa,Nao consigo atualizar meus dados de pagamento no sistema.,2025-11-09 10:45:30
NPS,beatriz.nascimento,A documentacao esta desatualizada.,2025-11-09 11:47:42
CSAT,mario.mendes,O filtro não funciona e retorna resultados errados.,2025-11-09 15:56:28
CSAT,laura.ribeiro,No geral estou bem satisfeito com a plataforma.,2025-11-10 04:36:57
NPS,leonardo.araujo,Como abro um chamado para suporte tecnico?,2025-11-10 05:01:03
BuzzMonitor,thiago.araujo,"Estou sem retorno ha dias, isso prejudica o trabalho.",2025-11-10 06:52:12
NPS,juliana.oliveira,O suporte foi muito prestativo e claro.,2025-11-10 10:43:00
BOT,gustavo.nascimento,O boleto nao foi gerado e estou com pagamento em atraso por causa disso.,2025-11-10 12:18:50
CSAT,fernanda.carvalho,Parabens pelas melhorias de seguranca.,2025-11-10 16:34:38
CSAT,gustavo.rocha,A integracao com o CRM funcionou sem dor de cabeca.,2025-11-10 20:57:45
BuzzMonitor,isabela.teixeira,"Estou sem retorno ha dias, isso prejudica o trabalho.",2025-11-11 02:31:26
CSAT,gustavo.nascimento,A tela nao e intuitiva e acaba atrapalhando.,2025-11-11 07:13:15
CSAT,beatriz.ferreira,A ferramenta esta ajudando muito nosso dia a dia.,2025-11-11 09:35:05
BuzzMonitor,carla.almeida,No geral estou bem satisfeito com a plataforma.,2025-11-11 14:04:32
CSAT,patricia.rocha,O botao de salvar nao responde na tela de cadastro.,2025-11-11 23:45:35
NPS,carla.mendes,Os tutoriais nao cobrem o que eu preciso.,2025-11-12 03:55:27
CSAT,juliana.mendes,Os webhooks estao super estaveis agora.,2025-11-12 04:08:13
CSAT,mariana.souza,Depois da ultima manutencao ficou bem mais estavel. Preciso de retorno urgente.,2025-11-12 06:14:17
CSAT,bruno.ferreira,As telas estao com lentidao em horario comercial.,2025-11-12 08:27:57
BuzzMonitor,lucas.martins,Vocês tiveram alguma manutencao programada hoje?,2025-11-12 14:22:34
NPS,leonardo.carvalho,Tem atalho para acessar relatorios mais rapido?,2025-11-12 19:04:57
BuzzMonitor,vitor.rocha,O onboarding foi excelente e bem guiado.,2025-11-12 19:25:53
BuzzMonitor,juliana.nascimento,A exportacao para contabilidade funcionou de primeira. Ticket 37294.,2025-11-13 02:14:39
CSAT,camila.carvalho,Posso reorganizar o menu?,2025-11-13 02:54:37
NPS,fernanda.correa,Os webhooks estao super estaveis agora.,2025-11-13 05:09:00
NPS,carla.pereira,Nao consegui importar meus dados iniciais.,2025-11-13 07:11:20
CSAT,fernanda.mendes,As telas estao com lentidao em horario comercial.,2025-11-13 08:58:36
BOT,lucas.ribeiro,Vocês podem considerar um novo recurso?,2025-11-13 12:27:50
BuzzMonitor,thiago.correa,O reset de senha falha e nao chega email.,2025-11-13 13:05:20
CSAT,carla.almeida,"O processo de pagamento ficou mais simples, ajudou muito.",2025-11-13 14:59:36
CSAT,lucas.silva,Onde eu encontro o historico de faturas?,2025-11-13 16:08:07
BuzzMonitor,thiago.almeida,A API esta retornando 401 mesmo com token valido.,2025-11-14 05:33:58
CSAT,bruno.correa,O cancelamento foi cobrado mesmo depois de eu solicitar.,2025-11-14 08:00:29
NPS,rafael.carvalho,Qual foi a causa da indisponibilidade de ontem?,2025-11-14 19:49:50
NPS,camila.pereira,O suporte demorou muito para responder meu chamado.,2025-11-14 21:12:07
CSAT,carla.araujo,A autenticacao em dois fatores nao funciona.,2025-11-15 01:09:15
CSAT,isabela.elias,A busca demora demais e trava o navegador.,2025-11-15 01:18:44
CSAT,patricia.silva,Onde encontro a base de conhecimento?,2025-11-15 03:12:42
BuzzMonitor,carla.nascimento,"Gostei do conector com o ERP, poupou tempo.",2025-11-15 04:49:05
CSAT,camila.carvalho,Tem boas praticas para melhorar performance?,2025-11-15 11:56:33
BOT,vitor.nascimento,Parece que um usuario acessou dados que nao deveria.,2025-11-15 13:05:09
BOT,thiago.oliveira,A ferramenta esta ajudando muito nosso dia a dia.,2025-11-15 13:25:17
BuzzMonitor,patricia.barbosa,Nao consegui importar meus dados iniciais.,2025-11-15 15:28:49
CSAT,joao.correa,O sistema esta muito lento para carregar relatorios.,2025-11-16 05:48:36
CSAT,mariana.souza,O sistema esta muito lento para carregar relatorios.,2025-11-16 05:50:32
CSAT,thiago.almeida,"Adorei as novas funcionalidades, muito util.",2025-11-16 07:13:56
CSAT,leonardo.pereira,A correcao do filtro resolveu meu problema.,2025-11-16 10:18:06
NPS,lucas.gomes,Quando tento exportar CSV ele vem vazio.,2025-11-16 10:51:08
CSAT,juliana.pereira,O menu mudou e agora ficou pior de usar.,2025-11-16 15:17:50
NPS,mario.ribeiro,Vocês oferecem implantacao assistida?,2025-11-16 17:08:08
BuzzMonitor,thiago.mendes,O reset de senha falha e nao chega email. Preciso de retorno urgente.,2025-11-16 17:33:06
NPS,patricia.carvalho,"Obrigado por corrigirem o bug da exportacao, agora funciona.",2025-11-16 22:46:51
BuzzMonitor,isabela.lima,Acho que a comunicacao de mudancas poderia melhorar.,2025-11-16 23:22:44
BuzzMonitor,beatriz.silva,Fui transferido varias vezes e nao resolveram.,2025-11-16 23:39:17
NPS,rafael.carvalho,Existe cache para relatorios? Preciso de retorno urgente.,2025-11-17 01:03:54
CSAT,beatriz.araujo,"Gostei do controle de permissoes, bem completo.",2025-11-17 12:27:21
CSAT,thiago.rocha,"Nao carrega a tela inicial, fica em loading infinito.",2025-11-17 21:36:57
BuzzMonitor,isabela.araujo,A plataforma caiu agora e nao consigo acessar.,2025-11-18 09:03:43
CSAT,vitor.almeida,Muitos cliques para fazer uma tarefa simples.,2025-11-18 11:06:32
NPS,beatriz.barbosa,"A tela de cadastro ficou redonda, sem bugs.",2025-11-18 11:51:30
CSAT,camila.teixeira,Como gero um token de API?,2025-11-18 17:29:52
CSAT,bruno.ribeiro,"Nao carrega a tela inicial, fica em loading infinito.",2025-11-18 22:40:06
BuzzMonitor,diego.silva,"Estou sem retorno ha dias, isso prejudica o trabalho. Preciso de retorno urgente.",2025-11-19 03:06:14
NPS,fernanda.elias,Como gero um token de API?,2025-11-19 03:40:13
NPS,lucas.dias,A tela nao e intuitiva e acaba atrapalhando.,2025-11-19 06:50:03
CSAT,patricia.barbosa,A plataforma caiu agora e nao consigo acessar.,2025-11-19 07:04:42
CSAT,leonardo.martins,Depois do patch nao ocorre mais duplicacao na importacao.,2025-11-19 07:06:02
CSAT,ana.elias,O suporte foi muito prestativo e claro.,2025-11-19 08:00:24
CSAT,patricia.teixeira,"Faltam campos no cadastro, isso atrapalha.",2025-11-19 08:49:11
BuzzMonitor,thiago.ferreira,Quando tento exportar CSV ele vem vazio.,2025-11-19 11:44:11
CSAT,lucas.correa,"A tela de cadastro ficou redonda, sem bugs.",2025-11-19 20:44:23
BuzzMonitor,mario.rocha,Ficou travando e desconectando toda hora.,2025-11-19 23:46:03
BOT,lucas.pereira,Qual versao contem a correcao do problema? Preciso de retorno urgente.,2025-11-20 11:04:40
CSAT,ana.ribeiro,Tem SSO com Azure AD?,2025-11-20 14:26:02
BuzzMonitor,gustavo.nascimento,"A importacao esta levando horas, ficou impraticavel.",2025-11-20 22:20:31
CSAT,beatriz.correa,Vocês tiveram alguma manutencao programada hoje?,2025-11-20 22:28:09
BuzzMonitor,thiago.dias,"Obrigada pela paciencia, problema resolvido.",2025-11-20 23:02:33
CSAT,mariana.nascimento,A API esta retornando 401 mesmo com token valido.,2025-11-21 01:32:07
NPS,gustavo.teixeira,O menu mudou e agora ficou pior de usar.,2025-11-21 07:44:58
NPS,ana.pereira,Vocês podem considerar um novo recurso?,2025-11-21 10:17:50
CSAT,joao.oliveira,Onde encontro a opcao para personalizar colunas? Preciso de retorno urgente.,2025-11-21 13:21:58
CSAT,vitor.teixeira,"Adorei as novas funcionalidades, muito util.",2025-11-21 16:46:05
BuzzMonitor,rafael.teixeira,Tem trilha de treinamento para novos usuarios?,2025-11-21 17:12:12
CSAT,isabela.almeida,Sinto falta de um relatorio mais completo. Preciso de retorno urgente.,2025-11-21 20:35:24
BuzzMonitor,laura.ribeiro,As mensagens de erro nao explicam o que fazer.,2025-11-21 21:48:07
CSAT,vitor.rocha,O reset de senha falha e nao chega email. Preciso de retorno urgente.,2025-11-22 01:11:17
CSAT,diego.elias,"Atendimento excelente, resolveram em minutos.",2025-11-22 01:11:34
CSAT,beatriz.lima,A experiencia poderia ser melhor em dispositivos moveis.,2025-11-22 04:53:43
BuzzMonitor,diego.lima,A documentacao esta desatualizada.,2025-11-22 08:05:07
CSAT,mariana.dias,Onde vejo o log de auditoria?,2025-11-22 12:46:00
CSAT,juliana.teixeira,Como gero um token de API?,2025-11-22 16:46:45
BuzzMonitor,rafael.nascimento,Hoje o sistema esta super rapido e sem quedas.,2025-11-22 18:05:21
NPS,vitor.rocha,"A API esta bem documentada, consegui integrar rapido.",2025-11-22 21:53:33
BuzzMonitor,gustavo.lima,Os tutoriais ajudaram muito a comecar.,2025-11-22 23:08:17
CSAT,carla.gomes,"As dicas na tela ajudam bastante, parabens.",2025-11-23 05:09:15
BOT,juliana.silva,Fiquei perdido na configuracao inicial.,2025-11-23 16:14:45
CSAT,beatriz.pereira,Sinto falta de um relatorio mais completo.,2025-11-23 16:22:50
BuzzMonitor,bruno.silva,"Estou sem retorno ha dias, isso prejudica o trabalho. Preciso de retorno urgente.",2025-11-23 19:42:52
CSAT,juliana.araujo,Quero entender como funciona o calculo de impostos.,2025-11-24 04:21:46
BuzzMonitor,fernanda.barbosa,"A fatura veio com reajuste sem aviso, podem verificar?",2025-11-24 05:37:58
CSAT,patricia.ferreira,A integracao com o ERP nao esta sincronizando.,2025-11-24 09:32:17
BOT,ana.pereira,"Estou sem retorno ha dias, isso prejudica o trabalho.",2025-11-24 10:02:04
BuzzMonitor,leonardo.nascimento,Os dados do CRM estao vindo incompletos na integracao. Preciso de retorno urgente.,2025-11-24 11:58:33
CSAT,camila.carvalho,"A busca ficou instantanea, parabens.",2025-11-24 14:25:16
NPS,beatriz.mendes,A nova interface ficou bem mais intuitiva.,2025-11-24 19:15:35
BuzzMonitor,bruno.gomes,Tem alguma previsao para corrigir a exportacao?,2025-11-25 01:09:32
NPS,gustavo.araujo,O sistema duplica registros ao importar.,2025-11-25 01:35:09
CSAT,fernanda.elias,"Gostei do novo painel financeiro, bem mais claro.",2025-11-25 04:20:23
BuzzMonitor,fernanda.pereira,Gostaria de entender o roadmap de funcionalidades.,2025-11-25 08:59:21
CSAT,diego.barbosa,"A performance melhorou muito, ta voando. Preciso de retorno urgente.",2025-11-25 11:06:46
CSAT,beatriz.dias,Os webhooks estao super estaveis agora.,2025-11-25 12:59:01
BOT,carla.pereira,A documentacao e bem completa.,2025-11-26 01:05:14
NPS,ana.araujo,"O time de CS acompanhou ate a solucao, show.",2025-11-26 01:23:41
NPS,rafael.nascimento,Tenho uma sugestao de melhoria para o produto.,2025-11-26 04:08:10
BuzzMonitor,ana.nascimento,A tela nao e intuitiva e acaba atrapalhando.,2025-11-26 04:51:00
BuzzMonitor,carla.oliveira,Onde vejo o log de auditoria? Preciso de retorno urgente.,2025-11-26 08:14:31
CSAT,isabela.almeida,No geral estou bem satisfeito com a plataforma.,2025-11-26 14:25:03
NPS,ana.mendes,A autenticacao em dois fatores nao funciona.,2025-11-27 01:01:20
CSAT,patricia.dias,Nao consigo atualizar meus dados de pagamento no sistema.,2025-11-27 05:41:24
BOT,rafael.rocha,O menu mudou e agora ficou pior de usar.,2025-11-27 09:33:00
CSAT,diego.araujo,A integracao gera erro ao sincronizar e para no meio.,2025-11-27 12:48:25
CSAT,laura.mendes,No geral estou bem satisfeito com a plataforma.,2025-11-27 14:15:05
NPS,carla.silva,A integracao gera erro ao sincronizar e para no meio.,2025-11-27 16:05:24
BuzzMonitor,vitor.rocha,Muitos cliques para fazer uma tarefa simples.,2025-11-27 17:03:37
NPS,rafael.ribeiro,Nao consigo atualizar meus dados de pagamento no sistema.,2025-11-27 17:27:36
BuzzMonitor,laura.teixeira,"Estou vendo lentidao em alguns horarios, e esperado?",2025-11-27 18:28:06
NPS,bruno.souza,As telas estao com lentidao em horario comercial.,2025-11-27 19:01:40
BOT,isabela.elias,O fluxo de cadastro esta muito melhor.,2025-11-28 19:10:29
NPS,leonardo.silva,O atendente nao entendeu o problema e encerrou o ticket.,2025-11-28 21:27:41
NPS,laura.araujo,"As dicas na tela ajudam bastante, parabens.",2025-11-29 10:03:21
CSAT,fernanda.elias,A tela nao e intuitiva e acaba atrapalhando.,2025-11-29 11:51:49
BOT,vitor.pereira,"Estou com problema na cobranca, veio valor duplicado na fatura.",2025-11-29 15:59:24
NPS,leonardo.ferreira,O botao de salvar nao responde na tela de cadastro. Preciso de retorno urgente.,2025-11-29 18:05:47
BuzzMonitor,isabela.mendes,Depois do patch nao ocorre mais duplicacao na importacao.,2025-11-29 21:20:56
BOT,juliana.souza,O onboarding foi confuso e faltou treinamento.,2025-11-29 21:21:57
NPS,bruno.souza,A integracao com o ERP nao esta sincronizando. Preciso de retorno urgente. Ticket 22776.,2025-11-30 04:07:01
CSAT,beatriz.ribeiro,Vocês tiveram alguma manutencao programada hoje?,2025-11-30 04:24:49
BuzzMonitor,mario.lima,Ficou travando e desconectando toda hora.,2025-11-30 04:46:10
BOT,rafael.teixeira,Nao consigo atualizar meus dados de pagamento no sistema.,2025-11-30 12:13:29
BuzzMonitor,beatriz.souza,A correcao do filtro resolveu meu problema. Preciso de retorno urgente. Ticket 34670.,2025-11-30 14:34:20
CSAT,beatriz.araujo,Ficou travando e desconectando toda hora. Preciso de retorno urgente.,2025-11-30 21:03:11
BuzzMonitor,beatriz.ferreira,Ficou travando e desconectando toda hora.,2025-12-01 01:05:29
BuzzMonitor,juliana.elias,Sinto falta de um relatorio mais completo.,2025-12-01 02:31:32
NPS,thiago.martins,A exportacao para contabilidade funcionou de primeira. Preciso de retorno urgente.,2025-12-01 03:07:04
CSAT,thiago.araujo,A experiencia poderia ser melhor em dispositivos moveis.,2025-12-01 05:14:23
NPS,laura.martins,"As dicas na tela ajudam bastante, parabens.",2025-12-01 07:09:32
BOT,leonardo.dias,O tempo de resposta da API aumentou bastante. Preciso de retorno urgente.,2025-12-01 17:49:57
BOT,mariana.dias,Resposta rapida e com orientacao completa. Preciso de retorno urgente.,2025-12-01 20:23:03
CSAT,carla.teixeira,Posso enviar logs para ajudar a investigar?,2025-12-02 00:21:19
NPS,beatriz.gomes,A ferramenta esta ajudando muito nosso dia a dia.,2025-12-02 04:31:39
NPS,beatriz.almeida,Muitos cliques para fazer uma tarefa simples. Preciso de retorno urgente.,2025-12-02 07:10:40
CSAT,joao.oliveira,Acho que a comunicacao de mudancas poderia melhorar.,2025-12-02 07:49:40
BuzzMonitor,leonardo.almeida,"Estou sem retorno ha dias, isso prejudica o trabalho.",2025-12-02 09:52:22
NPS,carla.elias,"O sistema esta fora do ar desde cedo, precisamos de retorno.",2025-12-02 10:26:12
CSAT,camila.mendes,Os webhooks estao super estaveis agora.,2025-12-02 13:32:11
BOT,juliana.barbosa,"O sistema esta fora do ar desde cedo, precisamos de retorno. Ticket 60351.",2025-12-02 14:35:27
BuzzMonitor,bruno.araujo,Quando tento exportar CSV ele vem vazio. Preciso de retorno urgente.,2025-12-02 15:18:40
BOT,juliana.carvalho,"Adorei as novas funcionalidades, muito util.",2025-12-03 01:05:30
CSAT,diego.oliveira,O atendimento foi rude e nao ajudou.,2025-12-03 11:22:17
BOT,vitor.martins,A experiencia poderia ser melhor em dispositivos moveis. Preciso de retorno urgente. Ticket 85937.,2025-12-03 16:27:27
CSAT,mario.oliveira,"O processo de pagamento ficou mais simples, ajudou muito.",2025-12-04 02:10:40
CSAT,mario.teixeira,A exportacao para contabilidade funcionou de primeira.,2025-12-04 14:27:58
NPS,isabela.pereira,"A equipe acompanhou a implantacao, foi tranquilo.",2025-12-04 15:33:45
BuzzMonitor,mariana.oliveira,A experiencia de uso evoluiu muito.,2025-12-04 17:16:30
CSAT,ana.correa,"Produto excelente, atende bem nossas necessidades.",2025-12-04 23:22:16
BuzzMonitor,camila.oliveira,Sinto falta de um relatorio mais completo.,2025-12-05 01:26:00
CSAT,carla.barbosa,"Nao carrega a tela inicial, fica em loading infinito.",2025-12-05 05:41:01
BOT,leonardo.souza,"Estou com problema na cobranca, veio valor duplicado na fatura.",2025-12-05 14:01:29
NPS,rafael.araujo,A tela nao e intuitiva e acaba atrapalhando.,2025-12-05 15:21:35
CSAT,leonardo.silva,Parece que um usuario acessou dados que nao deveria. Preciso de retorno urgente. Ticket 76088.,2025-12-06 01:42:13
NPS,leonardo.dias,"Estou com problema na cobranca, veio valor duplicado na fatura.",2025-12-06 05:05:23
BuzzMonitor,vitor.rocha,"Gostei do controle de permissoes, bem completo.",2025-12-06 06:35:57
CSAT,rafael.martins,Consigo abrir um chamado para esse comportamento? Preciso de retorno urgente.,2025-12-06 08:10:53
NPS,camila.lima,O cancelamento foi cobrado mesmo depois de eu solicitar. Preciso de retorno urgente.,2025-12-06 11:21:37
CSAT,laura.barbosa,Consigo abrir um chamado para esse comportamento?,2025-12-06 21:47:09
NPS,mariana.rocha,A busca demora demais e trava o navegador.,2025-12-07 03:38:37
CSAT,rafael.silva,Os webhooks estao super estaveis agora. Preciso de retorno urgente.,2025-12-07 07:10:13
CSAT,mario.dias,O boleto nao foi gerado e estou com pagamento em atraso por causa disso.,2025-12-07 10:27:28
BuzzMonitor,carla.almeida,Tem trilha de treinamento para novos usuarios?,2025-12-07 22:33:39
CSAT,gustavo.lima,"Muito bom ter 2FA, aumentou a seguranca. Preciso de retorno urgente.",2025-12-08 01:11:58
BuzzMonitor,mario.rocha,O botao de salvar nao responde na tela de cadastro.,2025-12-08 03:59:07
NPS,juliana.barbosa,Tem SSO com Azure AD?,2025-12-08 11:54:53
CSAT,bruno.araujo,"Gostei do novo painel financeiro, bem mais claro.",2025-12-08 15:31:39
NPS,camila.teixeira,Muitos cliques para fazer uma tarefa simples.,2025-12-08 21:17:16
CSAT,mariana.barbosa,"Produto excelente, atende bem nossas necessidades.",2025-12-09 02:05:07
CSAT,vitor.nascimento,As mensagens de erro não explicam o que fazer.,2025-12-09 02:32:17
NPS,mario.teixeira,"Adorei as novas funcionalidades, muito util.",2025-12-09 03:23:46
BuzzMonitor,camila.nascimento,Tem alguma previsao para corrigir a exportacao?,2025-12-09 07:23:40
NPS,gustavo.ribeiro,O cancelamento foi cobrado mesmo depois de eu solicitar.,2025-12-09 15:59:59
NPS,lucas.mendes,O boleto nao foi gerado e estou com pagamento em atraso por causa disso.,2025-12-09 16:24:12
NPS,patricia.lima,Qual politica de retencao de logs? Ticket 28931.,2025-12-09 19:34:32
CSAT,beatriz.pereira,Qual o tempo medio de resposta esperado?,2025-12-09 20:24:13
CSAT,bruno.oliveira,A API esta bem mais rapida nessa versao.,2025-12-09 21:44:04
CSAT,mariana.teixeira,O botao de salvar nao responde na tela de cadastro.,2025-12-10 00:08:47
BuzzMonitor,fernanda.carvalho,O menu mudou e agora ficou pior de usar.,2025-12-10 03:35:20
CSAT,isabela.almeida,Tem alguma previsao para corrigir a exportacao? Preciso de retorno urgente. Ticket 29416.,2025-12-10 03:46:19
CSAT,carla.elias,A experiencia de uso evoluiu muito.,2025-12-10 07:21:01
CSAT,lucas.souza,Os webhooks estao super estaveis agora.,2025-12-10 10:39:34
NPS,mario.silva,"Estou com problema na cobranca, veio valor duplicado na fatura.",2025-12-10 12:30:23
BuzzMonitor,rafael.almeida,Tenho uma sugestao de melhoria para o produto.,2025-12-10 12:37:19
BOT,gustavo.araujo,Qual versao contem a correcao do problema? Preciso de retorno urgente.,2025-12-10 13:20:49
CSAT,vitor.oliveira,Como gero um token de API?,2025-12-10 16:47:38
NPS,vitor.mendes,Tem trilha de treinamento para novos usuarios?,2025-12-10 18:41:53
NPS,laura.rocha,"A navegacao esta confusa, nao acho as configuracoes.",2025-12-10 20:38:51
CSAT,gustavo.teixeira,Ficou travando e desconectando toda hora. Preciso de retorno urgente.,2025-12-10 21:00:30
BuzzMonitor,juliana.rocha,"A sincronizacao ficou consistente, obrigado.",2025-12-11 11:14:06
CSAT,juliana.rocha,"O sistema esta fora do ar desde cedo, precisamos de retorno.",2025-12-11 11:52:22
BOT,juliana.araujo,A API esta retornando 401 mesmo com token valido.,2025-12-11 13:02:30
CSAT,isabela.lima,A experiencia poderia ser melhor em dispositivos moveis.,2025-12-11 17:33:07
CSAT,gustavo.gomes,O reset de senha falha e nao chega email.,2025-12-11 17:43:46
NPS,ana.carvalho,"Estou sem retorno ha dias, isso prejudica o trabalho.",2025-12-11 20:31:04
BOT,mariana.martins,"As dicas na tela ajudam bastante, parabens. Preciso de retorno urgente.",2025-12-13 04:11:35
NPS,carla.elias,Fui transferido varias vezes e nao resolveram.,2025-12-13 11:42:58
NPS,isabela.mendes,Os tutoriais nao cobrem o que eu preciso.,2025-12-14 03:26:05
CSAT,thiago.correa,"A sincronizacao ficou consistente, obrigado.",2025-12-14 04:33:10
NPS,beatriz.ferreira,O bloqueio por IP facilitou nossa politica interna. Preciso de retorno urgente.,2025-12-14 06:07:31
NPS,thiago.souza,Estou recebendo erro 500 ao tentar salvar.,2025-12-14 07:25:37
CSAT,ana.gomes,"Gostei do controle de permissoes, bem completo.",2025-12-14 14:29:32
BuzzMonitor,carla.martins,A tela nao e intuitiva e acaba atrapalhando.,2025-12-14 14:59:41
BuzzMonitor,mario.nascimento,"A performance melhorou muito, ta voando.",2025-12-14 16:30:15
CSAT,patricia.souza,A documentacao esta desatualizada. Preciso de retorno urgente.,2025-12-14 19:28:16
NPS,carla.barbosa,"O time de CS acompanhou ate a solucao, show.",2025-12-14 20:32:13
BuzzMonitor,bruno.souza,Tem atalho para acessar relatorios mais rapido?,2025-12-15 04:15:19
NPS,carla.araujo,A experiencia de uso evoluiu muito.,2025-12-15 04:38:25
NPS,diego.araujo,A integracao gera erro ao sincronizar e para no meio.,2025-12-15 04:49:32
NPS,juliana.souza,A integracao com o gateway de pagamento caiu. Preciso de retorno urgente.,2025-12-15 11:43:58
BOT,thiago.elias,Existe cache para relatorios? Ticket 78835.,2025-12-15 15:04:20
BuzzMonitor,diego.araujo,"A performance melhorou muito, ta voando.",2025-12-16 02:15:21
NPS,thiago.rocha,"Gostei do novo painel financeiro, bem mais claro.",2025-12-16 02:26:05
NPS,isabela.martins,Quero entender como funciona o calculo de impostos.,2025-12-16 09:29:57
BuzzMonitor,mariana.gomes,Quero entender como funciona o calculo de impostos.,2025-12-16 10:19:53
BOT,carla.carvalho,O suporte demorou muito para responder meu chamado.,2025-12-16 14:45:26
CSAT,ana.araujo,"Produto excelente, atende bem nossas necessidades.",2025-12-16 15:11:01
CSAT,mariana.carvalho,A disponibilidade melhorou bastante essa semana.,2025-12-16 16:50:58
BuzzMonitor,lucas.almeida,"A fatura veio com reajuste sem aviso, podem verificar? Preciso de retorno urgente.",2025-12-16 21:54:29
BuzzMonitor,laura.pereira,O filtro nao funciona e retorna resultados errados.,2025-12-17 13:21:48
BOT,camila.ribeiro,"Obrigado por corrigirem o bug da exportacao, agora funciona.",2025-12-17 15:27:25
BuzzMonitor,rafael.elias,O onboarding foi confuso e faltou treinamento.,2025-12-17 15:57:48
BuzzMonitor,vitor.ferreira,"A performance melhorou muito, ta voando. Preciso de retorno urgente.",2025-12-17 18:57:22
BuzzMonitor,bruno.almeida,Quero falar com um especialista em integracoes.,2025-12-17 23:24:50
BOT,gustavo.teixeira,A integracao suporta ambientes de teste? Preciso de retorno urgente.,2025-12-18 01:13:29
BuzzMonitor,beatriz.barbosa,O cancelamento foi cobrado mesmo depois de eu solicitar.,2025-12-18 01:39:05
CSAT,mario.silva,Qual o limite de requisicoes por minuto na API?,2025-12-18 05:34:47
NPS,vitor.elias,"O time de CS acompanhou ate a solucao, show.",2025-12-18 13:08:45
CSAT,isabela.ribeiro,Nao consegui importar meus dados iniciais. Preciso de retorno urgente. Ticket 18834.,2025-12-18 15:07:34
NPS,rafael.gomes,Os logs de auditoria ajudaram bastante. Ticket 51755.,2025-12-18 18:49:23
CSAT,camila.pereira,"O time de CS acompanhou ate a solucao, show.",2025-12-18 19:26:21
CSAT,thiago.ribeiro,Sinto falta de um relatorio mais completo.,2025-12-19 04:24:21
NPS,laura.ferreira,Importacao muito mais eficiente agora.,2025-12-19 04:29:55
CSAT,mario.gomes,"As dicas na tela ajudam bastante, parabens.",2025-12-19 10:35:12
CSAT,carla.lima,O suporte demorou muito para responder meu chamado.,2025-12-19 15:25:01
BuzzMonitor,joao.ribeiro,Como gero um token de API? Preciso de retorno urgente.,2025-12-20 03:39:21
CSAT,vitor.ribeiro,Qual o SLA de atendimento para meu plano?,2025-12-20 09:23:23
CSAT,bruno.oliveira,A autenticacao em dois fatores nao funciona.,2025-12-20 23:43:40
NPS,camila.barbosa,Vocês tem exemplo de payload para webhooks?,2025-12-21 00:42:54
NPS,camila.oliveira,"A busca ficou instantanea, parabens. Ticket 29669.",2025-12-21 03:16:09
BuzzMonitor,diego.barbosa,Posso enviar logs para ajudar a investigar?,2025-12-21 05:25:52
CSAT,rafael.gomes,Nao consegui importar meus dados iniciais.,2025-12-21 08:01:17
BOT,patricia.barbosa,O menu mudou e agora ficou pior de usar.,2025-12-21 09:39:35
NPS,beatriz.almeida,"Relatorios agora carregam rapido, excelente.",2025-12-21 10:16:45
BuzzMonitor,beatriz.gomes,Onde vejo o log de auditoria? Ticket 36489.,2025-12-21 17:04:29
CSAT,diego.rocha,A tela nao e intuitiva e acaba atrapalhando.,2025-12-21 17:06:27
BuzzMonitor,juliana.ferreira,Os dados do CRM estao vindo incompletos na integracao.,2025-12-21 20:48:40
CSAT,camila.teixeira,Gostaria de entender o roadmap de funcionalidades.,2025-12-22 02:50:14
CSAT,joao.lima,A experiencia poderia ser melhor em dispositivos moveis.,2025-12-22 09:40:02
CSAT,diego.barbosa,O botao de salvar nao responde na tela de cadastro.,2025-12-22 13:00:55
CSAT,isabela.nascimento,"A performance melhorou muito, ta voando.",2025-12-22 18:58:06
NPS,vitor.silva,O boleto nao foi gerado e estou com pagamento em atraso por causa disso.,2025-12-22 20:30:03
BOT,diego.carvalho,A busca demora demais e trava o navegador.,2025-12-23 00:14:15
BOT,mariana.barbosa,O botao de salvar nao responde na tela de cadastro.,2025-12-23 02:07:18
BuzzMonitor,rafael.araujo,O reset de senha falha e nao chega email.,2025-12-23 04:20:40
CSAT,lucas.ribeiro,O onboarding foi excelente e bem guiado.,2025-12-23 05:20:25
BOT,vitor.nascimento,No geral estou bem satisfeito com a plataforma.,2025-12-23 06:42:25
BuzzMonitor,juliana.rocha,Existe controle de permissao por modulo?,2025-12-23 12:34:01
CSAT,thiago.elias,"A busca ficou instantanea, parabens. Preciso de retorno urgente. Ticket 79922.",2025-12-23 12:42:05
BuzzMonitor,leonardo.silva,"Nao carrega a tela inicial, fica em loading infinito.",2025-12-23 12:46:18
NPS,gustavo.rocha,A conciliacao bancaria ficou bem melhor nessa versao.,2025-12-23 14:16:35
CSAT,isabela.rocha,"Obrigada por resolverem a instabilidade, melhorou muito. Preciso de retorno urgente.",2025-12-23 14:48:07
BuzzMonitor,mariana.barbosa,"A importacao esta levando horas, ficou impraticavel. Preciso de retorno urgente.",2025-12-23 20:43:48
CSAT,laura.rocha,Fiquei perdido na configuracao inicial.,2025-12-23 23:12:05
BuzzMonitor,juliana.mendes,"A equipe acompanhou a implantacao, foi tranquilo.",2025-12-24 01:40:34
NPS,vitor.souza,"A importacao esta levando horas, ficou impraticavel.",2025-12-24 10:40:36
BuzzMonitor,diego.dias,Qual versao contem a correcao do problema?,2025-12-24 11:52:37
CSAT,joao.elias,Vocês tem exemplo de payload para webhooks? Ticket 81260.,2025-12-24 12:33:41
BuzzMonitor,camila.dias,"Evoluiram muito no ultimo trimestre, parabens.",2025-12-24 17:59:06
NPS,isabela.elias,"A equipe acompanhou a implantacao, foi tranquilo. Preciso de retorno urgente.",2025-12-24 21:21:08
BOT,isabela.araujo,Qual versao contem a correcao do problema?,2025-12-25 03:46:13
CSAT,beatriz.mendes,O atendimento foi rude e nao ajudou.,2025-12-25 04:23:07
BOT,mariana.martins,"Muito bom ter 2FA, aumentou a seguranca. Preciso de retorno urgente.",2025-12-25 04:33:38
BuzzMonitor,gustavo.teixeira,"A performance melhorou muito, ta voando. Preciso de retorno urgente.",2025-12-25 06:14:13
CSAT,fernanda.mendes,A plataforma caiu agora e não consigo acessar.,2025-12-25 07:03:44
BuzzMonitor,rafael.ribeiro,"Estou sem retorno ha dias, isso prejudica o trabalho.",2025-12-25 08:31:28
CSAT,isabela.teixeira,Ficou travando e desconectando toda hora.,2025-12-25 14:48:09
CSAT,gustavo.araujo,O atendente nao entendeu o problema e encerrou o ticket.,2025-12-25 18:33:05
BOT,joao.lima,O tempo de resposta da API aumentou bastante.,2025-12-25 21:44:31
BOT,carla.mendes,Qual politica de retencao de logs?,2025-12-26 07:53:26
BOT,laura.ribeiro,O tempo de resposta da API aumentou bastante.,2025-12-26 12:18:26
BuzzMonitor,diego.silva,O sistema duplica registros ao importar.,2025-12-26 17:09:17
CSAT,diego.araujo,Resposta rapida e com orientacao completa.,2025-12-26 20:20:06
CSAT,mario.ferreira,A nova interface ficou bem mais intuitiva.,2025-12-27 08:03:13
CSAT,beatriz.barbosa,No geral estou bem satisfeito com a plataforma. Preciso de retorno urgente.,2025-12-27 17:14:06
NPS,juliana.martins,A experiencia de uso evoluiu muito.,2025-12-27 18:48:36
BuzzMonitor,laura.mendes,A conciliacao bancaria ficou bem melhor nessa versao. Preciso de retorno urgente.,2025-12-28 00:00:25
CSAT,joao.ribeiro,Estou recebendo erro 500 ao tentar salvar.,2025-12-28 00:23:51
BuzzMonitor,camila.elias,O suporte demorou muito para responder meu chamado.,2025-12-28 05:24:01
NPS,patricia.rocha,Recebi alerta de login suspeito e nao consegui bloquear.,2025-12-28 07:16:32
CSAT,patricia.lima,Estou recebendo erro 500 ao tentar salvar.,2025-12-28 10:16:34
CSAT,camila.souza,"O sistema esta fora do ar desde cedo, precisamos de retorno. Ticket 60374.",2025-12-28 10:36:46
NPS,ana.elias,"Estou com problema na cobranca, veio valor duplicado na fatura.",2025-12-28 15:02:27
NPS,diego.mendes,Parabens pelas melhorias de seguranca. Preciso de retorno urgente.,2025-12-28 16:59:08
NPS,laura.ferreira,Qual versao contem a correcao do problema?,2025-12-29 03:22:48
BOT,patricia.dias,O suporte foi muito prestativo e claro. Preciso de retorno urgente.,2025-12-29 09:20:57
BuzzMonitor,gustavo.souza,"O processo de pagamento ficou mais simples, ajudou muito.",2025-12-29 14:25:14
NPS,ana.dias,Tem atalho para acessar relatorios mais rapido?,2025-12-29 15:25:08
CSAT,ana.silva,"Relatorios agora carregam rapido, excelente. Preciso de retorno urgente.",2025-12-29 16:45:56
BOT,mariana.lima,"Muito bom ter 2FA, aumentou a seguranca.",2025-12-29 16:58:08
BOT,camila.souza,"A equipe acompanhou a implantacao, foi tranquilo.",2025-12-29 17:17:53
CSAT,fernanda.pereira,Vocês tem exemplo de payload para webhooks? Preciso de retorno urgente.,2025-12-30 01:42:41
BuzzMonitor,ana.correa,A autenticacao em dois fatores nao funciona. Ticket 96278.,2025-12-30 13:50:48
NPS,leonardo.gomes,A documentacao esta desatualizada.,2025-12-30 14:02:23
BOT,lucas.ferreira,"Preciso atualizar o responsavel do contrato, com quem falo?",2025-12-30 18:27:27
BuzzMonitor,bruno.barbosa,Os dados do CRM estao vindo incompletos na integracao.,2025-12-30 20:34:07
BOT,juliana.ferreira,"A performance melhorou muito, ta voando.",2025-12-30 20:48:09
BuzzMonitor,mario.silva,Preciso de um relatorio de cobranca do mes.,2025-12-31 02:49:53
CSAT,fernanda.mendes,"A importacao esta levando horas, ficou impraticavel.",2025-12-31 05:09:51
NPS,ana.almeida,Preciso de auditoria e nao encontro logs completos.,2025-12-31 06:34:14
NPS,mariana.araujo,Tem atendimento aos finais de semana? Preciso de retorno urgente.,2025-12-31 07:00:57
BOT,beatriz.pereira,Parabens pelas melhorias de seguranca.,2025-12-31 08:07:46
CSAT,laura.almeida,"Obrigado por corrigirem o bug da exportacao, agora funciona.",2025-12-31 15:38:05
BuzzMonitor,fernanda.almeida,O atendente nao entendeu o problema e encerrou o ticket.,2025-12-31 18:01:26
CSAT,joao.martins,Como faço para salvar filtros como favoritos?,2025-12-31 18:19:28
CSAT,carla.teixeira,Fui transferido varias vezes e nao resolveram.,2025-12-31 21:13:40
NPS,leonardo.dias,A disponibilidade melhorou bastante essa semana. Preciso de retorno urgente.,2025-12-31 22:10:21
